student_id,year,term,department,program,student_type,gender,race_ethnicity,age,residency_status,first_generation,financial_aid,unmet_financial_need,credits_attempted,credits_completed,completion_rate,attendance_rate,engagement_score,advising_visits,tutoring_visits,online_courses,gpa,risk_level,retention_probability,retained,graduation_probability,graduated
S00001,2023,Fall,Public Health,BS Public Health,Undergraduate,Female,Hispanic/Latino,18,In-state,Yes,Yes,1594.0,24,21,86.3,98.7,65.0,2,2,1,3.0,Low,0.757,Yes,0.536,No
S00002,2023,Spring,Health Administration,BS Health Administration,Undergraduate,Female,White,20,In-state,No,Yes,2312.0,24,20,83.3,75.4,43.4,2,0,2,3.01,Medium,0.513,Yes,0.32,Yes
S00003,2022,Spring,Nutrition,MS Nutrition,Graduate,Female,White,27,In-state,No,No,5931.0,24,24,100.0,79.4,57.5,3,0,4,3.62,Low,0.731,Yes,0.588,Yes
S00004,2024,Spring,Public Health,BS Public Health,Undergraduate,Female,Multiracial,22,In-state,No,No,9726.0,33,29,86.5,98.0,50.9,2,3,1,2.85,Medium,0.563,Yes,0.49,No
S00005,2022,Fall,Social Work,BSW,Undergraduate,Female,Hispanic/Latino,19,In-state,No,Yes,8770.0,32,29,91.4,83.3,64.9,2,4,4,2.63,Low,0.567,Yes,0.391,No
S00006,2026,Fall,Health Administration,BS Health Administration,Undergraduate,Female,Hispanic/Latino,22,In-state,Yes,No,5345.0,27,27,100.0,83.9,69.0,2,1,0,2.59,Low,0.611,No,0.388,Yes
S00007,2022,Spring,Public Health,BS Public Health,Undergraduate,Male,Black,23,International,Yes,Yes,10155.0,32,28,86.5,75.6,58.0,0,4,0,3.2,Medium,0.477,Yes,0.421,No
S00008,2022,Spring,Health Administration,BS Health Administration,Undergraduate,Female,Black,24,In-state,Yes,No,6461.0,24,24,100.0,99.1,77.8,2,2,2,3.43,Low,0.803,Yes,0.701,No
S00009,2025,Spring,Health Administration,BS Health Administration,Undergraduate,Female,Hispanic/Latino,18,In-state,Yes,No,9422.0,24,18,74.8,96.3,81.6,2,2,1,2.04,High,0.421,Yes,0.203,No
S00010,2022,Fall,Data Science,BS Health Data Science,Undergraduate,Female,White,20,In-state,Yes,Yes,1553.0,31,29,92.7,97.4,69.2,1,1,3,2.97,Low,0.744,Yes,0.561,Yes
S00011,2024,Fall,Public Health,BS Public Health,Undergraduate,Female,Multiracial,20,In-state,Yes,Yes,2167.0,32,28,88.8,88.7,79.3,1,1,0,3.02,Low,0.737,Yes,0.55,No
S00012,2023,Spring,Data Science,BS Health Data Science,Undergraduate,Female,Hispanic/Latino,20,In-state,Yes,Yes,5441.0,24,24,100.0,79.7,78.1,2,0,1,3.62,Low,0.76,Yes,0.64,Yes
S00013,2026,Spring,Data Science,MS Health Data Science,Graduate,Male,Asian,29,In-state,Yes,Yes,3972.0,30,30,100.0,63.7,54.7,4,0,2,4.0,Medium,0.683,Yes,0.634,No
S00014,2024,Fall,Public Health,BS Public Health,Undergraduate,Male,White,22,In-state,No,Yes,0.0,33,33,100.0,85.8,56.1,0,2,2,3.5,Low,0.723,No,0.587,Yes
S00015,2026,Spring,Social Work,BSW,Undergraduate,Nonbinary,Multiracial,21,Out-of-state,No,Yes,11350.0,27,26,96.3,75.3,88.2,1,4,1,3.16,Medium,0.581,Yes,0.521,No
S00016,2024,Spring,Health Administration,BS Health Administration,Undergraduate,Male,White,20,Out-of-state,No,No,14877.0,30,30,100.0,100.0,42.7,5,0,1,2.71,Medium,0.531,Yes,0.503,No
S00017,2024,Spring,Nutrition,BS Nutrition,Undergraduate,Female,White,22,International,No,Yes,9386.0,24,23,97.5,63.0,55.0,1,1,3,2.48,Medium,0.317,No,0.187,No
S00018,2026,Spring,Public Health,MS Epidemiology,Graduate,Male,Hispanic/Latino,27,In-state,No,No,5893.0,27,24,90.7,82.3,64.2,1,1,1,3.52,Low,0.718,Yes,0.565,Yes
S00019,2022,Spring,Social Work,BSW,Undergraduate,Female,White,22,In-state,Yes,No,5423.0,33,32,96.5,82.9,76.9,3,4,2,2.13,Medium,0.517,No,0.342,No
S00020,2022,Spring,Health Administration,BS Health Administration,Undergraduate,Female,Hispanic/Latino,18,Out-of-state,No,No,6109.0,24,22,91.4,66.8,77.7,0,0,0,2.91,Medium,0.492,No,0.33,No
S00021,2025,Spring,Social Work,MSW,Graduate,Male,White,31,Out-of-state,Yes,Yes,1691.0,21,21,98.4,96.4,85.2,4,1,2,3.26,Low,0.855,Yes,0.689,Yes
S00022,2023,Spring,Data Science,BS Health Data Science,Undergraduate,Female,Multiracial,25,Out-of-state,No,Yes,4934.0,32,28,86.9,65.9,50.2,5,4,0,3.24,Medium,0.555,Yes,0.444,Yes
S00023,2024,Spring,Health Administration,BS Health Administration,Undergraduate,Male,Multiracial,24,Out-of-state,No,No,10364.0,31,28,91.8,78.4,70.6,3,2,2,3.21,Medium,0.595,No,0.545,Yes
S00024,2025,Fall,Health Administration,BS Health Administration,Undergraduate,Male,Multiracial,21,In-state,Yes,Yes,3418.0,33,33,100.0,80.8,68.9,6,1,1,3.31,Low,0.777,Yes,0.664,Yes
S00025,2023,Spring,Data Science,BS Health Data Science,Undergraduate,Female,White,19,In-state,No,Yes,0.0,31,30,96.7,100.0,66.7,1,2,0,2.41,Low,0.688,Yes,0.429,Yes
S00026,2022,Spring,Data Science,BS Health Data Science,Undergraduate,Female,Black,19,In-state,No,Yes,6415.0,31,27,88.7,100.0,53.7,0,1,1,3.38,Low,0.711,Yes,0.597,No
S00027,2023,Spring,Public Health,BS Public Health,Undergraduate,Female,White,19,In-state,Yes,No,10453.0,31,31,100.0,78.0,100.0,5,1,0,3.21,Medium,0.72,Yes,0.693,No
S00028,2025,Fall,Health Administration,BS Health Administration,Undergraduate,Female,Hispanic/Latino,20,In-state,No,Yes,1930.0,31,31,100.0,90.9,67.4,2,0,3,3.98,Low,0.835,Yes,0.777,No
S00029,2024,Spring,Social Work,BSW,Undergraduate,Nonbinary,White,20,Out-of-state,No,Yes,3289.0,33,33,100.0,76.2,80.7,2,1,3,3.26,Low,0.724,Yes,0.589,Yes
S00030,2025,Fall,Social Work,MSW,Graduate,Male,White,29,In-state,No,No,5103.0,21,20,96.8,77.9,51.1,3,0,3,3.07,Low,0.635,No,0.392,Yes
S00031,2026,Fall,Data Science,MS Health Data Science,Graduate,Male,Multiracial,31,Out-of-state,Yes,Yes,1595.0,18,18,100.0,86.5,67.2,2,0,2,3.83,Low,0.82,Yes,0.66,No
S00032,2025,Fall,Nutrition,MS Nutrition,Graduate,Female,Multiracial,31,In-state,No,No,11702.0,21,21,97.7,84.2,60.5,0,0,3,3.44,Medium,0.576,Yes,0.504,No
S00033,2022,Fall,Health Administration,MHA,Graduate,Female,Asian,29,In-state,No,No,726.0,24,24,100.0,86.0,90.7,4,0,3,3.53,Low,0.862,Yes,0.725,Yes
S00034,2024,Spring,Nutrition,BS Nutrition,Undergraduate,Male,Multiracial,22,In-state,Yes,Yes,4737.0,31,28,90.2,68.6,100.0,4,3,3,2.46,High,0.488,No,0.278,No
S00035,2023,Spring,Health Administration,BS Health Administration,Undergraduate,Female,Black,21,International,No,Yes,7860.0,33,32,95.6,82.4,100.0,4,1,2,2.99,Low,0.763,No,0.654,Yes
S00036,2025,Spring,Nutrition,BS Nutrition,Undergraduate,Nonbinary,Black,18,In-state,No,Yes,4578.0,32,32,100.0,75.7,75.5,4,2,3,3.74,Low,0.786,No,0.713,Yes
S00037,2026,Spring,Health Administration,MHA,Graduate,Female,Black,25,In-state,No,Yes,10581.0,21,18,86.6,91.1,42.1,5,0,0,3.65,Medium,0.687,No,0.619,No
S00038,2023,Spring,Social Work,BSW,Undergraduate,Male,Black,19,Out-of-state,Yes,No,10895.0,33,32,97.5,74.3,57.0,2,2,2,2.71,Medium,0.42,No,0.349,No
S00039,2026,Fall,Nutrition,BS Nutrition,Undergraduate,Male,Hispanic/Latino,21,In-state,No,Yes,2104.0,24,24,100.0,87.9,71.0,0,0,0,3.48,Low,0.752,Yes,0.59,Yes
S00040,2023,Fall,Data Science,BS Health Data Science,Undergraduate,Female,Hispanic/Latino,21,Out-of-state,Yes,Yes,9337.0,27,27,100.0,78.3,67.8,3,3,0,4.0,Low,0.759,No,0.72,Yes
S00041,2024,Fall,Health Administration,MHA,Graduate,Nonbinary,White,26,Out-of-state,No,Yes,7343.0,24,24,100.0,94.8,63.3,2,1,4,3.52,Low,0.772,Yes,0.655,No
S00042,2026,Spring,Nutrition,MS Nutrition,Graduate,Female,White,30,In-state,No,No,12779.0,21,19,89.5,87.3,67.8,1,0,1,2.66,Medium,0.502,Yes,0.357,Yes
S00043,2026,Spring,Data Science,MS Health Data Science,Graduate,Male,Asian,22,In-state,No,Yes,1342.0,24,24,100.0,99.1,72.2,4,2,4,3.58,Low,0.867,Yes,0.75,Yes
S00044,2024,Spring,Nutrition,BS Nutrition,Undergraduate,Female,Multiracial,22,Out-of-state,No,No,8395.0,24,23,94.4,71.9,45.1,4,0,1,3.25,Low,0.579,Yes,0.416,Yes
S00045,2026,Fall,Health Administration,BS Health Administration,Undergraduate,Female,Multiracial,20,In-state,No,Yes,6860.0,32,28,87.5,84.4,75.2,3,0,1,2.54,Low,0.631,No,0.424,No
S00046,2026,Spring,Public Health,MS Epidemiology,Graduate,Female,Other/Unknown,40,In-state,No,No,10134.0,18,18,100.0,74.8,83.1,2,2,2,3.35,Medium,0.642,Yes,0.524,Yes
S00047,2026,Fall,Social Work,BSW,Undergraduate,Female,Other/Unknown,18,International,No,Yes,3839.0,24,24,99.2,92.5,78.2,3,2,3,3.11,Low,0.777,Yes,0.609,Yes
S00048,2025,Fall,Nutrition,BS Nutrition,Undergraduate,Male,Asian,23,In-state,No,Yes,2935.0,31,30,96.1,83.1,66.1,2,1,4,2.44,Low,0.597,Yes,0.353,Yes
S00049,2025,Spring,Data Science,BS Health Data Science,Undergraduate,Female,White,20,In-state,No,Yes,1924.0,33,28,84.2,75.0,75.5,1,3,2,1.92,Medium,0.43,Yes,0.205,No
S00050,2022,Fall,Social Work,MSW,Graduate,Male,White,29,In-state,Yes,No,7508.0,30,29,97.8,94.7,86.5,1,0,0,2.71,Low,0.716,Yes,0.537,Yes
S00051,2023,Spring,Public Health,BS Public Health,Undergraduate,Female,Asian,19,In-state,Yes,Yes,639.0,32,29,89.9,71.4,43.3,1,0,0,3.38,Medium,0.547,Yes,0.417,Yes
S00052,2022,Fall,Nutrition,MS Nutrition,Graduate,Male,White,35,In-state,Yes,Yes,965.0,18,17,94.6,93.1,60.6,4,2,1,4.0,Low,0.866,Yes,0.742,No
S00053,2025,Spring,Public Health,BS Public Health,Undergraduate,Female,White,21,In-state,Yes,Yes,11438.0,31,31,100.0,90.4,75.9,1,1,0,2.9,Medium,0.579,No,0.534,No
S00054,2025,Spring,Nutrition,BS Nutrition,Undergraduate,Female,Hispanic/Latino,18,In-state,Yes,No,4981.0,30,27,90.1,73.2,51.6,2,4,2,2.81,Medium,0.469,Yes,0.322,Yes
S00055,2024,Fall,Nutrition,BS Nutrition,Undergraduate,Female,Black,20,In-state,No,Yes,10586.0,30,27,88.8,72.8,75.6,2,0,1,3.47,Medium,0.602,No,0.57,Yes
S00056,2023,Fall,Public Health,BS Public Health,Undergraduate,Male,White,21,In-state,No,Yes,5417.0,32,28,88.4,68.8,77.8,1,0,3,2.16,High,0.307,No,0.14,No
S00057,2026,Fall,Nutrition,BS Nutrition,Undergraduate,Female,White,21,In-state,No,Yes,2344.0,24,21,86.1,62.6,39.1,3,2,0,2.75,High,0.304,No,0.13,No
S00058,2022,Fall,Public Health,BS Public Health,Undergraduate,Female,Other/Unknown,18,Out-of-state,No,Yes,8628.0,30,30,100.0,73.2,64.4,3,0,0,2.84,Medium,0.503,Yes,0.407,No
S00059,2022,Fall,Data Science,MS Health Data Science,Graduate,Male,Hispanic/Latino,28,In-state,Yes,Yes,3786.0,18,14,77.2,61.5,57.3,0,0,3,2.58,High,0.283,No,0.094,No
S00060,2024,Spring,Nutrition,BS Nutrition,Undergraduate,Female,White,20,International,No,No,15821.0,32,32,100.0,98.0,84.2,2,0,2,4.0,Low,0.813,Yes,0.847,Yes
S00061,2025,Spring,Social Work,MSW,Graduate,Male,Black,28,In-state,Yes,Yes,6374.0,27,24,90.1,77.1,60.3,2,2,4,3.75,Low,0.725,No,0.597,Yes
S00062,2026,Fall,Health Administration,MHA,Graduate,Male,Black,22,In-state,No,Yes,7735.0,30,30,100.0,78.5,32.2,1,2,2,4.0,Medium,0.596,Yes,0.59,Yes
S00063,2023,Spring,Public Health,BS Public Health,Undergraduate,Nonbinary,White,25,In-state,Yes,Yes,176.0,33,26,79.9,84.8,72.4,3,0,4,2.46,Medium,0.616,Yes,0.385,Yes
S00064,2022,Spring,Social Work,BSW,Undergraduate,Female,White,19,In-state,Yes,No,6530.0,24,22,89.8,82.0,79.3,2,0,1,2.69,Low,0.639,Yes,0.407,No
S00065,2022,Fall,Public Health,BS Public Health,Undergraduate,Female,Hispanic/Latino,23,In-state,Yes,Yes,6683.0,24,23,97.5,95.2,81.5,5,3,1,3.16,Low,0.807,Yes,0.676,No
S00066,2023,Fall,Health Administration,MHA,Graduate,Female,Black,30,Out-of-state,No,Yes,11919.0,21,21,100.0,73.0,94.2,4,2,2,3.65,Medium,0.727,Yes,0.679,Yes
S00067,2025,Spring,Nutrition,BS Nutrition,Undergraduate,Male,White,23,Out-of-state,Yes,No,10943.0,31,30,98.3,88.9,82.8,3,0,1,3.08,Low,0.717,Yes,0.629,Yes
S00068,2023,Spring,Health Administration,BS Health Administration,Undergraduate,Female,Asian,18,In-state,No,No,9133.0,30,30,100.0,89.3,72.8,3,0,3,4.0,Low,0.813,Yes,0.796,Yes
S00069,2024,Spring,Social Work,BSW,Undergraduate,Male,White,19,In-state,No,Yes,4518.0,31,29,94.3,77.3,88.1,2,1,0,3.5,Low,0.768,Yes,0.656,Yes
S00070,2026,Spring,Nutrition,MS Nutrition,Graduate,Male,White,31,International,No,Yes,5845.0,21,18,86.6,74.8,68.9,4,2,4,3.58,Low,0.753,No,0.574,No
S00071,2022,Fall,Social Work,MSW,Graduate,Male,Black,25,In-state,No,Yes,0.0,27,27,100.0,100.0,70.4,2,0,2,3.81,Low,0.871,Yes,0.776,No
S00072,2023,Fall,Public Health,BS Public Health,Undergraduate,Male,Black,24,In-state,Yes,Yes,8760.0,32,31,96.6,100.0,100.0,5,0,0,2.44,Low,0.776,Yes,0.635,Yes
S00073,2026,Fall,Nutrition,BS Nutrition,Undergraduate,Female,White,18,In-state,No,Yes,1403.0,30,27,89.6,88.8,54.3,2,4,1,2.24,Medium,0.509,No,0.288,No
S00074,2025,Fall,Data Science,BS Health Data Science,Undergraduate,Male,White,22,Out-of-state,No,Yes,9115.0,31,28,89.1,77.0,85.8,3,2,1,3.21,Low,0.704,Yes,0.589,Yes
S00075,2025,Fall,Social Work,BSW,Undergraduate,Female,Multiracial,22,In-state,No,No,8022.0,27,25,92.1,100.0,44.2,1,4,1,2.92,Low,0.619,Yes,0.454,No
S00076,2022,Fall,Social Work,BSW,Undergraduate,Female,Asian,20,In-state,No,Yes,8080.0,24,22,92.2,69.9,46.7,0,2,3,2.66,High,0.251,Yes,0.127,No
S00077,2023,Fall,Data Science,BS Health Data Science,Undergraduate,Female,White,24,Out-of-state,No,Yes,5076.0,27,25,91.6,63.1,55.1,2,1,2,2.52,Medium,0.38,No,0.215,No
S00078,2026,Spring,Health Administration,MHA,Graduate,Female,Black,24,In-state,Yes,Yes,5746.0,18,13,73.8,64.3,64.1,2,2,4,2.95,Medium,0.499,No,0.273,No
S00079,2026,Spring,Data Science,BS Health Data Science,Undergraduate,Female,Hispanic/Latino,22,In-state,Yes,Yes,4453.0,33,28,83.9,86.1,59.0,1,0,1,2.86,Low,0.621,Yes,0.423,No
S00080,2026,Spring,Public Health,MPH,Graduate,Nonbinary,White,36,In-state,Yes,Yes,8333.0,30,27,91.6,67.1,52.7,0,0,2,2.91,High,0.302,Yes,0.177,No
S00081,2025,Spring,Nutrition,MS Nutrition,Graduate,Female,Multiracial,29,In-state,No,Yes,1803.0,30,29,95.9,76.4,67.8,2,4,4,3.22,Low,0.711,Yes,0.511,Yes
S00082,2026,Spring,Health Administration,BS Health Administration,Undergraduate,Female,Black,21,In-state,Yes,Yes,4257.0,32,32,100.0,85.7,98.6,3,0,2,4.0,Low,0.875,Yes,0.843,No
S00083,2024,Spring,Health Administration,BS Health Administration,Undergraduate,Female,Hispanic/Latino,20,In-state,No,No,10116.0,33,29,86.6,78.2,100.0,2,2,2,2.55,Medium,0.573,No,0.46,No
S00084,2024,Fall,Nutrition,MS Nutrition,Graduate,Male,Black,26,In-state,No,Yes,0.0,21,21,100.0,94.0,75.7,3,2,2,3.35,Low,0.837,Yes,0.65,No
S00085,2025,Spring,Social Work,BSW,Undergraduate,Female,White,22,In-state,Yes,Yes,6201.0,27,27,99.4,97.2,64.0,3,0,0,3.5,Low,0.787,Yes,0.697,Yes
S00086,2022,Spring,Social Work,BSW,Undergraduate,Female,Multiracial,19,In-state,No,No,5010.0,32,25,78.7,61.7,64.7,1,2,3,2.65,High,0.305,No,0.149,No
S00087,2022,Fall,Nutrition,BS Nutrition,Undergraduate,Female,White,20,In-state,No,Yes,2881.0,27,23,85.9,84.0,51.8,1,2,2,3.17,Low,0.648,Yes,0.434,Yes
S00088,2026,Fall,Nutrition,MS Nutrition,Graduate,Female,White,43,In-state,No,Yes,8984.0,18,16,88.3,95.8,72.4,3,3,2,3.09,Low,0.75,Yes,0.556,No
S00089,2024,Fall,Health Administration,BS Health Administration,Undergraduate,Female,Black,21,In-state,No,No,9604.0,24,24,100.0,89.3,75.1,3,0,0,3.08,Low,0.707,No,0.57,No
S00090,2026,Fall,Public Health,MS Epidemiology,Graduate,Female,Black,22,In-state,Yes,Yes,11151.0,18,18,100.0,65.0,98.8,3,1,1,4.0,Medium,0.74,Yes,0.696,Yes
S00091,2026,Fall,Nutrition,BS Nutrition,Undergraduate,Female,Black,18,In-state,No,Yes,5356.0,27,24,87.9,79.3,75.1,2,4,0,2.5,Medium,0.533,Yes,0.343,No
S00092,2024,Fall,Health Administration,BS Health Administration,Undergraduate,Male,Black,24,International,No,Yes,8429.0,27,27,100.0,86.9,42.7,3,0,1,2.87,Medium,0.509,No,0.405,Yes
S00093,2025,Fall,Public Health,BS Public Health,Undergraduate,Male,Multiracial,26,In-state,Yes,No,5101.0,33,33,99.0,79.5,86.5,2,1,0,3.08,Low,0.716,Yes,0.582,Yes
S00094,2025,Fall,Nutrition,BS Nutrition,Undergraduate,Male,Hispanic/Latino,20,Out-of-state,No,Yes,8295.0,30,30,100.0,100.0,62.4,3,1,1,3.52,Low,0.783,Yes,0.728,No
S00095,2024,Spring,Health Administration,BS Health Administration,Undergraduate,Male,Black,23,In-state,Yes,Yes,6993.0,27,27,100.0,85.5,51.8,6,5,2,3.88,Low,0.793,Yes,0.735,Yes
S00096,2022,Fall,Social Work,MSW,Graduate,Female,White,24,In-state,No,No,11450.0,30,28,92.9,83.5,68.6,3,1,3,2.8,Medium,0.56,No,0.463,Yes
S00097,2026,Fall,Social Work,BSW,Undergraduate,Female,White,19,In-state,No,Yes,561.0,24,24,100.0,99.3,85.8,0,2,0,3.84,Low,0.866,Yes,0.776,Yes
S00098,2023,Fall,Data Science,BS Health Data Science,Undergraduate,Female,Asian,18,In-state,No,No,5770.0,24,23,95.6,72.3,69.3,6,1,2,3.11,Low,0.698,Yes,0.505,No
S00099,2022,Fall,Social Work,MSW,Graduate,Female,Hispanic/Latino,28,Out-of-state,No,Yes,4975.0,21,20,93.5,76.9,61.8,0,0,3,3.06,Medium,0.547,No,0.362,Yes
S00100,2024,Spring,Public Health,BS Public Health,Undergraduate,Male,Hispanic/Latino,21,In-state,Yes,No,6792.0,27,23,86.8,80.9,50.2,3,1,0,2.19,Medium,0.41,Yes,0.226,No
S00101,2024,Fall,Social Work,MSW,Graduate,Female,Black,30,International,Yes,Yes,10142.0,18,18,99.3,85.7,90.9,2,3,1,3.47,Low,0.778,Yes,0.645,Yes
S00102,2026,Fall,Public Health,MPH,Graduate,Male,White,30,In-state,No,Yes,5844.0,21,21,100.0,90.7,57.2,2,1,2,3.53,Low,0.752,Yes,0.597,No
S00103,2024,Spring,Nutrition,MS Nutrition,Graduate,Female,Asian,33,Out-of-state,No,No,8547.0,24,24,100.0,88.6,68.6,2,0,1,3.18,Low,0.707,Yes,0.549,Yes
S00104,2026,Fall,Health Administration,BS Health Administration,Undergraduate,Male,Multiracial,18,In-state,No,No,9736.0,31,31,99.5,67.8,78.9,4,2,3,3.36,Medium,0.615,Yes,0.584,Yes
S00105,2026,Spring,Health Administration,MHA,Graduate,Female,Asian,29,International,No,No,8489.0,24,22,92.2,88.1,64.1,0,2,0,3.42,Low,0.691,Yes,0.541,No
S00106,2022,Fall,Nutrition,MS Nutrition,Graduate,Female,Hispanic/Latino,22,In-state,No,Yes,8361.0,21,17,80.3,80.4,72.1,0,0,2,3.17,Medium,0.586,Yes,0.428,No
S00107,2025,Fall,Social Work,BSW,Undergraduate,Female,White,21,In-state,Yes,No,9856.0,24,23,97.0,69.5,92.2,4,0,3,2.95,Medium,0.605,Yes,0.488,No
S00108,2023,Fall,Health Administration,BS Health Administration,Undergraduate,Male,White,20,In-state,No,Yes,3842.0,32,26,81.4,65.2,43.0,4,1,2,2.48,High,0.294,Yes,0.133,Yes
S00109,2026,Spring,Health Administration,BS Health Administration,Undergraduate,Male,White,23,In-state,No,Yes,1137.0,33,30,91.0,87.7,69.0,2,2,1,2.71,Low,0.687,Yes,0.46,Yes
S00110,2026,Fall,Health Administration,BS Health Administration,Undergraduate,Female,White,20,In-state,No,No,8245.0,24,22,90.4,92.2,62.5,2,0,1,3.55,Low,0.741,Yes,0.633,Yes
S00111,2024,Fall,Data Science,BS Health Data Science,Undergraduate,Female,White,18,In-state,No,Yes,799.0,31,30,97.3,74.2,74.1,4,2,3,3.26,Low,0.748,No,0.576,Yes
S00112,2025,Spring,Social Work,BSW,Undergraduate,Female,Black,25,Out-of-state,Yes,No,4598.0,27,25,93.6,74.6,42.1,0,0,0,2.57,High,0.274,No,0.131,No
S00113,2024,Spring,Data Science,BS Health Data Science,Undergraduate,Female,Black,24,International,No,No,5532.0,27,23,85.0,74.6,73.0,0,2,5,2.35,High,0.328,No,0.149,No
S00114,2025,Spring,Health Administration,BS Health Administration,Undergraduate,Female,Asian,23,In-state,No,No,7259.0,30,30,100.0,73.5,72.1,3,0,0,3.31,Low,0.676,No,0.558,No
S00115,2023,Spring,Data Science,BS Health Data Science,Undergraduate,Female,White,19,Out-of-state,No,No,12375.0,31,31,99.2,67.9,100.0,2,0,1,2.79,High,0.421,No,0.327,No
S00116,2023,Spring,Social Work,MSW,Graduate,Female,White,26,In-state,No,Yes,6091.0,18,17,96.1,67.0,80.7,1,0,2,2.77,Medium,0.519,No,0.299,Yes
S00117,2023,Spring,Nutrition,MS Nutrition,Graduate,Female,Hispanic/Latino,34,In-state,Yes,No,5386.0,24,23,96.2,81.7,66.9,1,2,2,3.57,Low,0.733,Yes,0.578,No
S00118,2023,Fall,Social Work,MSW,Graduate,Male,White,29,In-state,Yes,Yes,0.0,27,23,86.1,77.9,47.7,3,0,2,2.66,Medium,0.547,No,0.298,No
S00119,2025,Spring,Data Science,BS Health Data Science,Undergraduate,Male,Asian,21,Out-of-state,No,No,8408.0,27,27,100.0,82.7,93.7,1,5,0,4.0,Low,0.815,Yes,0.778,Yes
S00120,2022,Spring,Public Health,BS Public Health,Undergraduate,Female,Multiracial,20,International,No,Yes,7356.0,33,31,95.2,79.3,65.6,2,0,1,3.49,Low,0.692,No,0.604,Yes
S00121,2024,Spring,Health Administration,BS Health Administration,Undergraduate,Male,White,23,Out-of-state,No,Yes,6162.0,31,29,92.7,84.4,69.5,0,2,0,3.43,Low,0.695,Yes,0.582,No
S00122,2024,Fall,Nutrition,BS Nutrition,Undergraduate,Male,Asian,21,In-state,No,No,1709.0,33,33,100.0,92.6,80.7,2,4,0,3.59,Low,0.833,Yes,0.754,Yes
S00123,2023,Fall,Data Science,BS Health Data Science,Undergraduate,Female,White,25,In-state,No,No,7343.0,32,31,95.5,100.0,60.7,1,1,1,3.18,Low,0.713,Yes,0.613,Yes
S00124,2025,Fall,Social Work,MSW,Graduate,Male,Hispanic/Latino,29,Out-of-state,Yes,Yes,4142.0,27,26,97.1,74.2,50.8,2,0,1,3.26,Low,0.633,No,0.43,No
S00125,2022,Fall,Social Work,BSW,Undergraduate,Female,Hispanic/Latino,23,In-state,No,No,9896.0,33,33,100.0,83.6,100.0,3,3,1,3.18,Low,0.761,Yes,0.691,Yes
S00126,2025,Fall,Data Science,BS Health Data Science,Undergraduate,Female,Hispanic/Latino,19,In-state,No,No,10175.0,24,24,100.0,100.0,69.9,4,0,1,3.45,Low,0.794,Yes,0.721,Yes
S00127,2023,Spring,Data Science,BS Health Data Science,Undergraduate,Female,Black,22,In-state,No,No,6667.0,30,30,100.0,99.4,69.7,4,1,3,3.18,Low,0.784,Yes,0.687,No
S00128,2024,Fall,Health Administration,BS Health Administration,Undergraduate,Female,Black,21,In-state,Yes,No,1493.0,31,27,88.0,75.9,76.0,3,2,2,2.84,Medium,0.627,Yes,0.445,No
S00129,2023,Spring,Public Health,BS Public Health,Undergraduate,Male,Asian,21,In-state,Yes,No,6689.0,31,31,100.0,84.7,58.0,3,0,0,2.89,Low,0.63,Yes,0.473,Yes
S00130,2024,Spring,Data Science,BS Health Data Science,Undergraduate,Female,White,21,In-state,No,No,8666.0,27,25,93.5,87.4,63.5,8,1,1,3.74,Low,0.824,Yes,0.766,Yes
S00131,2022,Spring,Nutrition,BS Nutrition,Undergraduate,Female,Asian,20,In-state,No,No,7494.0,31,31,100.0,90.3,71.2,2,3,5,4.0,Low,0.811,No,0.787,Yes
S00132,2023,Fall,Health Administration,BS Health Administration,Undergraduate,Female,Hispanic/Latino,21,Out-of-state,Yes,Yes,6845.0,33,33,98.9,68.4,94.6,6,3,3,2.97,Medium,0.673,Yes,0.592,No
S00133,2024,Fall,Public Health,BS Public Health,Undergraduate,Male,White,22,In-state,Yes,Yes,3426.0,24,22,90.4,63.7,79.5,1,3,3,1.86,High,0.264,Yes,0.084,No
S00134,2025,Spring,Social Work,MSW,Graduate,Female,Hispanic/Latino,39,International,No,No,8415.0,21,19,90.8,91.4,100.0,4,1,1,3.36,Low,0.842,Yes,0.719,Yes
S00135,2026,Fall,Social Work,BSW,Undergraduate,Male,Hispanic/Latino,21,In-state,No,No,5389.0,27,27,100.0,70.9,73.8,0,1,2,4.0,Medium,0.677,No,0.647,No
S00136,2023,Spring,Public Health,BS Public Health,Undergraduate,Female,Black,23,In-state,No,No,8823.0,32,32,100.0,76.0,54.3,3,2,2,3.82,Low,0.693,Yes,0.653,No
S00137,2024,Spring,Data Science,MS Health Data Science,Graduate,Male,Hispanic/Latino,25,In-state,Yes,Yes,5454.0,18,18,97.3,66.5,69.3,5,1,3,3.13,Medium,0.62,Yes,0.426,No
S00138,2025,Fall,Social Work,BSW,Undergraduate,Female,Black,21,In-state,No,No,5689.0,27,25,91.4,71.5,77.6,2,2,1,3.06,Low,0.643,Yes,0.448,Yes
S00139,2025,Spring,Social Work,BSW,Undergraduate,Female,Black,23,Out-of-state,Yes,Yes,7918.0,24,22,90.8,75.3,81.0,1,0,0,3.34,Low,0.676,No,0.521,Yes
S00140,2025,Fall,Social Work,BSW,Undergraduate,Female,Asian,20,International,No,Yes,5660.0,24,22,92.2,89.8,79.4,2,2,2,2.62,Low,0.675,No,0.436,Yes
S00141,2022,Spring,Data Science,BS Health Data Science,Undergraduate,Female,Asian,18,In-state,No,No,5473.0,24,24,100.0,87.2,48.4,2,1,0,2.78,Low,0.588,Yes,0.369,Yes
S00142,2025,Spring,Nutrition,MS Nutrition,Graduate,Female,Black,34,In-state,No,No,10876.0,21,21,100.0,73.2,88.3,3,3,1,3.59,Medium,0.695,Yes,0.629,No
S00143,2022,Fall,Nutrition,BS Nutrition,Undergraduate,Female,Black,22,International,No,Yes,9337.0,31,31,100.0,92.2,60.1,4,0,0,2.83,Low,0.66,Yes,0.533,No
S00144,2023,Fall,Health Administration,BS Health Administration,Undergraduate,Male,White,22,In-state,No,Yes,3455.0,30,28,92.6,76.5,79.7,0,1,2,3.13,Medium,0.613,No,0.486,No
S00145,2022,Spring,Nutrition,BS Nutrition,Undergraduate,Female,Asian,21,In-state,No,No,5714.0,27,27,100.0,88.4,78.6,4,4,1,2.9,Low,0.737,Yes,0.567,Yes
S00146,2024,Spring,Nutrition,BS Nutrition,Undergraduate,Male,Black,21,Out-of-state,No,Yes,4501.0,32,30,94.1,65.6,51.2,4,0,2,3.53,Medium,0.587,Yes,0.513,Yes
S00147,2024,Spring,Nutrition,BS Nutrition,Undergraduate,Female,White,25,In-state,No,Yes,546.0,32,32,100.0,83.8,84.7,3,0,1,3.44,Low,0.817,No,0.701,No
S00148,2026,Spring,Nutrition,MS Nutrition,Graduate,Male,Black,36,In-state,Yes,Yes,5614.0,30,28,92.3,65.4,77.5,3,2,3,2.86,High,0.447,Yes,0.265,No
S00149,2024,Spring,Nutrition,BS Nutrition,Undergraduate,Female,White,24,In-state,No,Yes,3207.0,32,32,99.9,74.0,65.0,1,2,2,3.32,Low,0.658,Yes,0.51,Yes
S00150,2023,Spring,Data Science,MS Health Data Science,Graduate,Male,White,22,In-state,No,Yes,6676.0,24,24,100.0,100.0,55.5,5,3,2,4.0,Low,0.858,Yes,0.803,Yes
S00151,2026,Fall,Health Administration,BS Health Administration,Undergraduate,Male,Multiracial,21,International,No,No,15848.0,24,24,100.0,90.4,61.8,5,1,1,2.77,Medium,0.545,Yes,0.489,Yes
S00152,2025,Fall,Data Science,BS Health Data Science,Undergraduate,Female,White,23,International,Yes,Yes,4692.0,31,31,100.0,85.0,90.7,2,3,2,4.0,Low,0.848,Yes,0.81,Yes
S00153,2022,Fall,Data Science,BS Health Data Science,Undergraduate,Female,Black,22,In-state,Yes,Yes,8791.0,33,33,100.0,68.2,60.1,1,0,1,3.4,Medium,0.51,Yes,0.484,No
S00154,2025,Fall,Public Health,BS Public Health,Undergraduate,Male,Asian,23,Out-of-state,Yes,Yes,2954.0,31,31,100.0,80.8,95.3,2,3,0,3.08,Low,0.762,Yes,0.608,Yes
S00155,2022,Spring,Public Health,MPH,Graduate,Male,Other/Unknown,30,In-state,No,No,8099.0,21,21,100.0,87.2,95.0,4,1,1,3.41,Low,0.825,Yes,0.704,Yes
S00156,2022,Spring,Health Administration,MHA,Graduate,Male,White,34,In-state,No,Yes,3336.0,27,27,99.8,91.1,70.4,4,2,0,2.94,Low,0.765,No,0.567,Yes
S00157,2026,Spring,Data Science,BS Health Data Science,Undergraduate,Male,Asian,23,In-state,No,Yes,3731.0,27,23,84.3,89.0,100.0,1,4,2,2.77,Low,0.751,Yes,0.53,Yes
S00158,2025,Fall,Nutrition,BS Nutrition,Undergraduate,Female,Hispanic/Latino,23,In-state,Yes,Yes,12437.0,32,32,100.0,67.0,89.3,5,3,3,3.91,Medium,0.717,Yes,0.76,Yes
S00159,2022,Spring,Health Administration,BS Health Administration,Undergraduate,Female,White,19,In-state,No,Yes,0.0,31,26,83.0,77.4,79.9,3,0,1,2.62,Medium,0.627,Yes,0.404,No
S00160,2022,Fall,Health Administration,MHA,Graduate,Male,Hispanic/Latino,23,In-state,No,Yes,3857.0,24,21,89.3,98.6,84.9,1,0,2,3.22,Low,0.813,Yes,0.638,Yes
S00161,2022,Spring,Social Work,MSW,Graduate,Male,Multiracial,25,In-state,No,Yes,0.0,21,19,91.1,73.9,75.4,4,3,0,3.49,Low,0.796,Yes,0.573,Yes
S00162,2026,Spring,Data Science,MS Health Data Science,Graduate,Male,Multiracial,29,Out-of-state,Yes,Yes,9122.0,21,19,91.7,75.4,49.0,1,3,1,2.8,Medium,0.431,Yes,0.269,No
S00163,2026,Spring,Social Work,BSW,Undergraduate,Male,Hispanic/Latino,22,International,No,No,6083.0,30,30,99.8,82.5,52.6,4,2,3,3.72,Low,0.742,Yes,0.668,Yes
S00164,2025,Fall,Health Administration,BS Health Administration,Undergraduate,Female,White,20,In-state,No,No,9218.0,27,22,82.2,76.3,56.3,3,2,2,2.68,Medium,0.461,No,0.317,No
S00165,2023,Spring,Social Work,MSW,Graduate,Male,White,22,In-state,No,Yes,985.0,24,22,91.3,66.8,55.7,1,4,2,3.66,Medium,0.624,Yes,0.462,No
S00166,2024,Spring,Data Science,BS Health Data Science,Undergraduate,Female,White,22,Out-of-state,Yes,Yes,7812.0,31,31,100.0,83.0,35.1,3,1,1,3.62,Low,0.647,Yes,0.574,No
S00167,2025,Spring,Data Science,MS Health Data Science,Graduate,Female,Black,36,Out-of-state,Yes,Yes,4821.0,30,30,100.0,73.9,64.7,3,3,1,3.32,Low,0.695,Yes,0.537,No
S00168,2025,Fall,Public Health,BS Public Health,Undergraduate,Male,Hispanic/Latino,24,In-state,No,No,7679.0,30,25,83.9,80.8,43.9,3,1,2,2.79,Medium,0.475,No,0.344,Yes
S00169,2022,Fall,Social Work,BSW,Undergraduate,Nonbinary,Black,20,Out-of-state,No,No,3939.0,33,29,86.5,79.6,97.2,3,0,1,2.89,Medium,0.696,No,0.566,Yes
S00170,2022,Fall,Health Administration,MHA,Graduate,Female,Black,26,Out-of-state,No,Yes,8022.0,24,24,100.0,87.5,98.8,3,1,1,3.49,Low,0.83,Yes,0.731,No
S00171,2024,Spring,Nutrition,MS Nutrition,Graduate,Male,Multiracial,22,In-state,No,Yes,0.0,18,18,97.6,70.4,79.6,4,2,3,3.89,Low,0.832,Yes,0.658,No
S00172,2026,Fall,Nutrition,MS Nutrition,Graduate,Female,Black,22,In-state,Yes,No,6465.0,24,22,91.8,70.8,74.0,1,4,2,3.15,Low,0.635,Yes,0.418,No
S00173,2026,Fall,Data Science,MS Health Data Science,Graduate,Female,White,29,In-state,Yes,Yes,614.0,24,22,91.0,87.5,61.8,4,2,2,2.99,Low,0.753,Yes,0.497,No
S00174,2022,Spring,Nutrition,MS Nutrition,Graduate,Female,Hispanic/Latino,22,In-state,No,Yes,5699.0,21,21,100.0,71.8,87.4,3,2,1,3.91,Low,0.81,No,0.694,No
S00175,2022,Fall,Social Work,BSW,Undergraduate,Male,Asian,18,In-state,No,Yes,0.0,27,26,95.3,86.1,60.7,1,0,0,2.79,Low,0.656,Yes,0.398,No
S00176,2026,Fall,Data Science,BS Health Data Science,Undergraduate,Male,Asian,20,Out-of-state,Yes,Yes,7376.0,32,32,100.0,79.2,63.9,1,2,0,2.33,High,0.319,Yes,0.184,No
S00177,2026,Spring,Social Work,BSW,Undergraduate,Female,Asian,24,International,No,Yes,10770.0,24,23,97.0,94.5,80.7,0,1,2,3.71,Medium,0.721,No,0.709,Yes
S00178,2026,Spring,Health Administration,MHA,Graduate,Female,Black,23,Out-of-state,No,Yes,2071.0,30,30,100.0,90.2,87.8,4,1,2,3.91,Low,0.889,Yes,0.829,Yes
S00179,2025,Fall,Public Health,BS Public Health,Undergraduate,Female,White,21,In-state,Yes,Yes,2242.0,32,32,99.9,86.1,92.0,3,3,3,3.94,Low,0.871,Yes,0.824,Yes
S00180,2025,Spring,Nutrition,MS Nutrition,Graduate,Male,Asian,22,In-state,No,Yes,4905.0,21,21,100.0,77.9,90.1,5,3,3,3.17,Low,0.79,Yes,0.596,No
S00181,2023,Spring,Health Administration,MHA,Graduate,Male,Asian,22,In-state,No,Yes,5150.0,18,16,90.9,72.1,54.7,0,4,0,2.94,Medium,0.475,No,0.268,Yes
S00182,2024,Fall,Health Administration,MHA,Graduate,Female,Hispanic/Latino,32,In-state,No,Yes,722.0,30,28,93.1,70.4,74.1,5,2,3,3.3,Low,0.768,Yes,0.571,Yes
S00183,2024,Spring,Social Work,BSW,Undergraduate,Female,Other/Unknown,20,In-state,No,Yes,0.0,32,32,100.0,95.0,63.3,4,1,0,3.74,Low,0.85,Yes,0.773,Yes
S00184,2022,Fall,Health Administration,MHA,Graduate,Female,Asian,24,Out-of-state,Yes,No,10806.0,18,18,100.0,100.0,72.9,2,4,3,3.23,Low,0.757,Yes,0.611,Yes
S00185,2026,Fall,Health Administration,BS Health Administration,Undergraduate,Male,Hispanic/Latino,20,Out-of-state,No,Yes,9477.0,33,30,90.5,83.3,56.6,5,0,2,3.05,Low,0.655,No,0.538,Yes
S00186,2025,Spring,Nutrition,MS Nutrition,Graduate,Female,Hispanic/Latino,32,In-state,No,Yes,4664.0,24,24,100.0,76.4,86.3,2,2,1,3.47,Low,0.77,Yes,0.61,Yes
S00187,2024,Fall,Data Science,BS Health Data Science,Undergraduate,Male,Asian,22,International,No,Yes,4877.0,33,32,96.1,99.7,59.9,2,0,0,2.25,Medium,0.555,Yes,0.395,Yes
S00188,2024,Spring,Social Work,BSW,Undergraduate,Male,White,22,In-state,No,No,12531.0,24,24,100.0,94.6,82.3,4,2,0,3.26,Low,0.765,No,0.686,Yes
S00189,2024,Fall,Social Work,BSW,Undergraduate,Female,Asian,19,Out-of-state,No,No,7198.0,24,23,95.4,69.1,81.1,0,2,0,3.77,Medium,0.64,No,0.579,No
S00190,2025,Fall,Nutrition,BS Nutrition,Undergraduate,Male,Black,18,In-state,No,Yes,4653.0,24,24,100.0,81.1,47.0,1,4,1,3.69,Low,0.678,Yes,0.542,Yes
S00191,2026,Spring,Data Science,MS Health Data Science,Graduate,Female,Hispanic/Latino,26,In-state,No,No,3592.0,21,21,100.0,88.8,98.6,4,0,1,3.96,Low,0.898,Yes,0.823,Yes
S00192,2025,Fall,Health Administration,BS Health Administration,Undergraduate,Female,Other/Unknown,22,In-state,Yes,Yes,10231.0,33,32,98.4,88.3,85.7,6,2,1,2.86,Medium,0.697,Yes,0.648,No
S00193,2024,Fall,Nutrition,BS Nutrition,Undergraduate,Female,Hispanic/Latino,19,In-state,No,Yes,6175.0,33,27,80.8,70.3,61.7,1,1,2,2.11,High,0.254,No,0.11,No
S00194,2025,Spring,Social Work,BSW,Undergraduate,Male,White,21,In-state,No,No,8558.0,30,27,91.3,60.5,67.7,4,2,0,3.12,Medium,0.511,No,0.415,Yes
S00195,2023,Fall,Social Work,BSW,Undergraduate,Female,Multiracial,20,In-state,No,No,4764.0,31,31,100.0,97.7,73.2,4,5,3,3.49,Low,0.83,Yes,0.759,Yes
S00196,2024,Spring,Social Work,BSW,Undergraduate,Female,Multiracial,20,Out-of-state,No,No,7738.0,33,33,100.0,77.4,59.6,3,3,0,2.79,Medium,0.511,Yes,0.422,Yes
S00197,2023,Spring,Nutrition,BS Nutrition,Undergraduate,Female,Hispanic/Latino,22,In-state,Yes,No,8132.0,32,32,100.0,83.1,69.0,2,3,3,3.55,Low,0.72,Yes,0.657,Yes
S00198,2025,Fall,Health Administration,BS Health Administration,Undergraduate,Female,White,21,In-state,No,Yes,1347.0,33,27,82.6,92.4,73.8,0,0,1,2.22,Medium,0.554,Yes,0.326,No
S00199,2022,Fall,Social Work,BSW,Undergraduate,Female,White,20,In-state,Yes,Yes,4743.0,27,25,91.6,71.8,54.3,4,2,2,2.34,High,0.332,No,0.152,Yes
S00200,2026,Spring,Nutrition,MS Nutrition,Graduate,Female,White,29,Out-of-state,No,No,12478.0,21,21,100.0,100.0,100.0,8,2,2,4.0,Low,0.919,No,0.9,No
S00201,2026,Fall,Social Work,BSW,Undergraduate,Female,White,24,In-state,No,Yes,3730.0,27,26,97.6,69.6,57.6,2,2,1,2.37,High,0.309,No,0.138,No
S00202,2023,Fall,Social Work,BSW,Undergraduate,Female,White,24,Out-of-state,Yes,Yes,676.0,24,24,98.3,87.7,96.9,0,2,1,2.99,Low,0.771,Yes,0.553,Yes
S00203,2024,Fall,Health Administration,BS Health Administration,Undergraduate,Female,White,21,In-state,No,Yes,6236.0,27,22,82.2,71.7,78.0,3,0,0,2.93,Low,0.64,Yes,0.42,No
S00204,2022,Spring,Data Science,BS Health Data Science,Undergraduate,Male,Hispanic/Latino,20,In-state,Yes,Yes,3745.0,31,29,93.0,93.5,68.3,1,1,1,2.7,Low,0.67,No,0.464,Yes
S00205,2023,Fall,Public Health,BS Public Health,Undergraduate,Female,White,18,In-state,Yes,Yes,7096.0,32,32,100.0,80.4,36.8,2,2,1,3.0,Low,0.531,Yes,0.391,No
S00206,2026,Spring,Health Administration,MHA,Graduate,Female,Asian,33,Out-of-state,Yes,No,6493.0,30,30,99.2,81.4,61.5,2,0,1,3.38,Low,0.699,Yes,0.569,No
S00207,2022,Fall,Nutrition,BS Nutrition,Undergraduate,Male,Black,20,In-state,No,Yes,439.0,32,31,96.9,97.5,84.9,7,1,0,2.67,Low,0.835,Yes,0.664,Yes
S00208,2024,Spring,Data Science,MS Health Data Science,Graduate,Female,Hispanic/Latino,37,In-state,Yes,No,1955.0,30,30,100.0,90.5,80.3,3,2,5,3.0,Low,0.789,Yes,0.61,Yes
S00209,2025,Spring,Data Science,BS Health Data Science,Undergraduate,Female,Asian,21,In-state,Yes,Yes,849.0,30,29,95.5,61.5,75.8,1,1,3,3.57,Medium,0.632,No,0.519,No
S00210,2022,Fall,Nutrition,BS Nutrition,Undergraduate,Male,Asian,18,In-state,No,Yes,5457.0,24,24,100.0,85.0,60.0,0,4,0,3.71,Low,0.714,Yes,0.596,Yes
S00211,2025,Fall,Social Work,BSW,Undergraduate,Female,White,22,In-state,No,Yes,7351.0,32,32,100.0,91.2,76.5,4,0,1,3.19,Low,0.767,Yes,0.678,Yes
S00212,2024,Spring,Data Science,BS Health Data Science,Undergraduate,Female,White,20,International,Yes,Yes,5240.0,30,26,85.7,91.7,82.7,0,2,0,2.38,High,0.456,No,0.255,Yes
S00213,2022,Fall,Nutrition,BS Nutrition,Undergraduate,Female,White,22,In-state,No,Yes,7941.0,30,30,100.0,96.8,80.8,2,2,1,3.19,Low,0.766,Yes,0.675,Yes
S00214,2024,Fall,Public Health,BS Public Health,Undergraduate,Female,Hispanic/Latino,21,In-state,Yes,Yes,9982.0,24,21,88.6,86.4,58.8,0,1,0,4.0,Medium,0.665,Yes,0.654,No
S00215,2023,Fall,Nutrition,BS Nutrition,Undergraduate,Female,Multiracial,23,In-state,Yes,Yes,4177.0,32,32,100.0,73.8,50.2,2,1,1,3.58,Low,0.658,Yes,0.546,Yes
S00216,2026,Spring,Health Administration,MHA,Graduate,Female,White,36,In-state,No,No,11295.0,30,30,100.0,88.7,100.0,1,1,1,4.0,Low,0.842,Yes,0.828,Yes
S00217,2023,Spring,Data Science,MS Health Data Science,Graduate,Male,Multiracial,22,Out-of-state,No,Yes,6681.0,21,21,100.0,79.2,82.1,3,0,2,4.0,Low,0.825,Yes,0.736,No
S00218,2023,Fall,Health Administration,BS Health Administration,Undergraduate,Female,Hispanic/Latino,20,In-state,No,No,8847.0,32,30,93.6,94.4,98.9,3,4,1,3.42,Low,0.83,Yes,0.777,Yes
S00219,2023,Fall,Health Administration,BS Health Administration,Undergraduate,Female,Multiracial,22,International,No,No,11595.0,33,30,91.9,82.0,63.2,4,5,4,3.06,Low,0.633,Yes,0.535,Yes
S00220,2026,Fall,Health Administration,MHA,Graduate,Female,Asian,48,In-state,No,No,4565.0,30,30,100.0,54.7,70.8,3,2,3,3.73,Medium,0.627,Yes,0.547,Yes
S00221,2026,Fall,Nutrition,BS Nutrition,Undergraduate,Female,White,20,In-state,No,No,11154.0,32,31,98.4,85.7,52.2,4,0,2,2.95,Low,0.602,Yes,0.495,No
S00222,2022,Fall,Social Work,MSW,Graduate,Male,White,28,In-state,No,Yes,5928.0,30,30,98.6,91.5,95.7,2,2,2,2.7,Low,0.755,No,0.573,Yes
S00223,2024,Fall,Nutrition,BS Nutrition,Undergraduate,Female,White,20,In-state,No,Yes,5953.0,31,25,80.3,80.7,55.3,0,0,2,2.55,Medium,0.433,Yes,0.273,No
S00224,2022,Fall,Nutrition,BS Nutrition,Undergraduate,Female,White,23,In-state,Yes,No,5034.0,32,26,81.4,98.4,58.7,3,2,2,2.41,Medium,0.588,Yes,0.409,No
S00225,2022,Spring,Data Science,BS Health Data Science,Undergraduate,Female,Asian,21,Out-of-state,Yes,Yes,9177.0,24,22,91.8,79.7,59.0,1,0,1,1.71,High,0.217,No,0.081,No
S00226,2025,Spring,Health Administration,MHA,Graduate,Female,Hispanic/Latino,37,In-state,No,No,8631.0,27,27,100.0,71.8,66.6,2,0,1,3.05,Low,0.598,Yes,0.422,No
S00227,2022,Spring,Data Science,MS Health Data Science,Graduate,Female,White,25,Out-of-state,No,Yes,5614.0,24,23,96.8,85.0,59.8,2,4,1,3.24,Low,0.698,Yes,0.507,Yes
S00228,2025,Fall,Nutrition,MS Nutrition,Graduate,Male,Hispanic/Latino,35,In-state,No,No,8462.0,24,24,100.0,80.1,59.4,2,0,2,2.82,Low,0.583,Yes,0.372,No
S00229,2024,Fall,Nutrition,BS Nutrition,Undergraduate,Female,Black,22,In-state,No,No,11280.0,27,27,100.0,84.2,50.8,0,1,1,3.78,Medium,0.581,No,0.594,Yes
S00230,2022,Fall,Nutrition,BS Nutrition,Undergraduate,Male,White,19,In-state,Yes,Yes,3547.0,27,22,83.1,97.9,100.0,1,0,2,3.71,Low,0.871,Yes,0.786,Yes
S00231,2022,Spring,Health Administration,MHA,Graduate,Male,Black,35,Out-of-state,Yes,No,13201.0,18,18,97.9,67.1,69.0,2,2,2,3.6,Medium,0.563,No,0.491,No
S00232,2022,Fall,Nutrition,BS Nutrition,Undergraduate,Male,White,18,In-state,Yes,Yes,6968.0,30,30,100.0,92.2,69.3,4,3,1,3.23,Low,0.759,Yes,0.658,Yes
S00233,2023,Spring,Public Health,BS Public Health,Undergraduate,Male,Asian,20,In-state,Yes,No,12007.0,32,28,86.5,93.7,70.4,0,4,1,2.35,High,0.355,No,0.235,No
S00234,2024,Spring,Social Work,BSW,Undergraduate,Female,White,22,International,Yes,Yes,10835.0,31,31,100.0,100.0,74.2,4,3,1,2.9,Low,0.736,No,0.646,Yes
S00235,2025,Spring,Public Health,MS Epidemiology,Graduate,Female,White,28,In-state,No,No,11260.0,21,21,100.0,68.6,67.0,1,2,2,3.59,Medium,0.562,No,0.488,Yes
S00236,2026,Fall,Data Science,BS Health Data Science,Undergraduate,Male,Multiracial,22,In-state,No,Yes,4457.0,32,32,100.0,96.1,100.0,2,4,0,3.23,Low,0.833,Yes,0.746,Yes
S00237,2023,Fall,Data Science,BS Health Data Science,Undergraduate,Male,Black,23,In-state,No,No,10466.0,31,31,100.0,72.7,84.0,2,0,3,2.51,Medium,0.477,No,0.373,Yes
S00238,2022,Spring,Data Science,MS Health Data Science,Graduate,Male,Hispanic/Latino,26,In-state,No,Yes,5730.0,27,27,100.0,94.7,85.8,3,3,2,3.74,Low,0.86,No,0.791,Yes
S00239,2023,Spring,Public Health,BS Public Health,Undergraduate,Male,White,23,International,No,No,14118.0,31,31,100.0,83.7,74.2,1,0,3,3.66,Low,0.687,Yes,0.68,Yes
S00240,2025,Spring,Social Work,MSW,Graduate,Female,Black,25,In-state,Yes,No,9790.0,18,18,100.0,68.3,96.3,2,2,5,3.94,Medium,0.735,No,0.675,No
S00241,2026,Fall,Public Health,MS Epidemiology,Graduate,Male,White,22,In-state,No,Yes,676.0,30,30,100.0,83.7,93.9,2,1,4,3.65,Low,0.852,Yes,0.743,Yes
S00242,2026,Fall,Social Work,BSW,Undergraduate,Female,Black,22,In-state,No,Yes,5860.0,27,24,87.4,70.5,69.1,5,0,1,2.4,Medium,0.501,No,0.304,Yes
S00243,2024,Fall,Social Work,MSW,Graduate,Male,Asian,35,In-state,No,Yes,3011.0,27,27,100.0,100.0,65.1,3,2,0,3.28,Low,0.811,Yes,0.668,Yes
S00244,2025,Spring,Nutrition,BS Nutrition,Undergraduate,Female,Asian,26,In-state,No,Yes,1711.0,31,29,92.9,91.8,54.2,1,3,0,3.57,Low,0.754,Yes,0.629,Yes
S00245,2025,Fall,Public Health,BS Public Health,Undergraduate,Male,White,19,In-state,Yes,Yes,2242.0,27,27,100.0,89.1,65.1,2,0,2,3.62,Low,0.786,Yes,0.667,Yes
S00246,2026,Fall,Public Health,MPH,Graduate,Male,Asian,36,In-state,No,Yes,4347.0,30,30,100.0,97.9,92.0,3,1,3,4.0,Low,0.9,Yes,0.864,Yes
S00247,2024,Fall,Nutrition,BS Nutrition,Undergraduate,Female,White,23,In-state,Yes,No,7067.0,31,28,91.9,79.8,56.3,4,1,2,2.85,Medium,0.549,Yes,0.43,Yes
S00248,2025,Fall,Public Health,BS Public Health,Undergraduate,Male,Hispanic/Latino,24,In-state,Yes,Yes,0.0,30,26,86.1,65.0,48.6,2,1,1,2.51,High,0.312,Yes,0.127,No
S00249,2022,Spring,Health Administration,MHA,Graduate,Female,White,38,In-state,No,No,9299.0,24,23,94.5,67.0,70.1,3,2,3,3.34,Medium,0.583,No,0.476,No
S00250,2023,Fall,Nutrition,BS Nutrition,Undergraduate,Female,Other/Unknown,21,In-state,No,Yes,1491.0,32,32,100.0,81.6,62.9,2,2,3,3.77,Low,0.775,Yes,0.68,Yes
S00251,2026,Fall,Data Science,BS Health Data Science,Undergraduate,Male,White,20,In-state,Yes,Yes,8024.0,32,31,97.9,86.9,79.9,3,3,2,2.49,Low,0.64,No,0.459,Yes
S00252,2022,Fall,Health Administration,BS Health Administration,Undergraduate,Female,Other/Unknown,20,Out-of-state,No,Yes,8510.0,33,31,93.3,66.5,58.4,0,2,2,2.56,High,0.253,No,0.15,No
S00253,2023,Fall,Health Administration,BS Health Administration,Undergraduate,Male,White,23,In-state,Yes,Yes,2594.0,24,24,100.0,76.6,83.5,4,3,3,3.67,Low,0.812,Yes,0.686,Yes
S00254,2026,Fall,Health Administration,BS Health Administration,Undergraduate,Female,Hispanic/Latino,24,Out-of-state,Yes,Yes,5579.0,30,29,98.3,83.1,54.4,3,1,1,3.8,Low,0.748,No,0.672,Yes
S00255,2023,Spring,Nutrition,BS Nutrition,Undergraduate,Female,Multiracial,23,In-state,No,Yes,1129.0,27,27,100.0,86.9,79.5,0,4,2,3.31,Low,0.758,Yes,0.59,No
S00256,2025,Fall,Health Administration,BS Health Administration,Undergraduate,Male,White,22,Out-of-state,No,No,8153.0,27,27,100.0,85.9,78.7,3,0,1,3.36,Low,0.751,Yes,0.65,Yes
S00257,2023,Spring,Social Work,BSW,Undergraduate,Female,White,24,Out-of-state,No,No,7806.0,31,31,100.0,100.0,100.0,4,3,1,4.0,Low,0.902,Yes,0.892,Yes
S00258,2026,Spring,Data Science,BS Health Data Science,Undergraduate,Male,Hispanic/Latino,21,In-state,No,Yes,4233.0,30,30,100.0,68.3,60.9,0,4,4,2.58,High,0.304,No,0.159,No
S00259,2025,Spring,Health Administration,BS Health Administration,Undergraduate,Female,White,20,In-state,Yes,Yes,379.0,27,17,64.2,76.7,48.1,2,1,2,1.73,High,0.257,No,0.064,No
S00260,2025,Fall,Health Administration,BS Health Administration,Undergraduate,Male,Multiracial,21,In-state,No,No,6510.0,31,31,100.0,99.7,63.8,1,2,0,3.28,Low,0.74,No,0.646,Yes
S00261,2025,Fall,Public Health,BS Public Health,Undergraduate,Female,Black,24,In-state,Yes,Yes,0.0,27,26,95.7,65.7,82.1,2,1,0,3.03,Medium,0.619,Yes,0.427,No
S00262,2022,Fall,Data Science,MS Health Data Science,Graduate,Female,Black,33,In-state,No,Yes,7036.0,30,30,100.0,60.4,84.5,5,3,2,2.46,Medium,0.517,Yes,0.341,Yes
S00263,2022,Fall,Social Work,BSW,Undergraduate,Female,Black,23,Out-of-state,Yes,Yes,6687.0,33,30,91.3,83.9,65.5,0,0,0,2.54,Medium,0.476,No,0.342,No
S00264,2026,Spring,Data Science,BS Health Data Science,Undergraduate,Male,Black,20,Out-of-state,No,Yes,5173.0,32,30,93.7,91.9,36.9,5,2,3,2.67,Medium,0.556,Yes,0.422,No
S00265,2026,Spring,Social Work,BSW,Undergraduate,Female,Hispanic/Latino,24,In-state,Yes,Yes,7014.0,27,25,91.5,91.0,70.4,3,1,1,2.63,Low,0.661,Yes,0.454,No
S00266,2022,Spring,Social Work,BSW,Undergraduate,Male,Multiracial,22,Out-of-state,No,Yes,1438.0,33,26,79.4,66.3,68.6,1,5,1,2.19,High,0.305,No,0.117,No
S00267,2022,Fall,Nutrition,MS Nutrition,Graduate,Male,White,27,In-state,Yes,Yes,3721.0,24,23,94.3,100.0,73.8,1,2,1,3.43,Low,0.815,Yes,0.671,Yes
S00268,2024,Fall,Data Science,BS Health Data Science,Undergraduate,Male,White,22,In-state,Yes,Yes,6140.0,30,26,87.4,81.5,92.3,4,0,1,2.54,Low,0.695,Yes,0.473,No
S00269,2023,Fall,Health Administration,MHA,Graduate,Female,Other/Unknown,25,In-state,No,Yes,5959.0,30,30,100.0,92.4,68.9,4,0,0,3.18,Low,0.775,Yes,0.647,Yes
S00270,2026,Spring,Public Health,MS Epidemiology,Graduate,Female,White,31,Out-of-state,No,No,11112.0,24,23,96.2,78.5,48.2,3,3,0,3.14,Medium,0.519,Yes,0.419,No
S00271,2026,Spring,Public Health,BS Public Health,Undergraduate,Female,Hispanic/Latino,18,Out-of-state,No,No,10372.0,24,23,94.5,79.4,45.1,2,1,2,3.2,Medium,0.49,Yes,0.41,No
S00272,2026,Fall,Nutrition,BS Nutrition,Undergraduate,Female,White,24,Out-of-state,Yes,Yes,7442.0,32,32,100.0,96.9,57.8,0,1,3,3.82,Low,0.757,Yes,0.724,Yes
S00273,2022,Fall,Health Administration,BS Health Administration,Undergraduate,Female,White,23,In-state,No,No,8303.0,32,32,100.0,93.4,74.9,0,0,1,2.86,Medium,0.596,No,0.526,Yes
S00274,2023,Spring,Health Administration,MHA,Graduate,Female,White,32,Out-of-state,Yes,Yes,6930.0,21,20,94.3,76.3,86.4,2,1,3,3.22,Low,0.721,Yes,0.521,No
S00275,2024,Fall,Data Science,BS Health Data Science,Undergraduate,Female,Hispanic/Latino,22,In-state,No,Yes,9222.0,27,23,84.3,98.4,73.1,2,3,1,2.45,Low,0.641,No,0.429,No
S00276,2026,Fall,Data Science,BS Health Data Science,Undergraduate,Female,Other/Unknown,23,Out-of-state,No,Yes,5603.0,24,24,100.0,73.9,56.4,4,1,2,3.66,Low,0.711,Yes,0.582,Yes
S00277,2022,Spring,Social Work,BSW,Undergraduate,Female,White,21,In-state,No,Yes,7533.0,32,28,87.7,88.4,58.9,2,0,0,1.98,Medium,0.419,No,0.248,No
S00278,2024,Fall,Public Health,MS Epidemiology,Graduate,Female,Hispanic/Latino,25,In-state,Yes,Yes,6404.0,18,18,99.0,58.4,66.6,0,1,1,3.55,High,0.416,No,0.251,No
S00279,2024,Spring,Social Work,MSW,Graduate,Male,Multiracial,25,Out-of-state,No,Yes,7011.0,27,27,100.0,92.9,83.3,4,3,3,4.0,Low,0.874,Yes,0.833,Yes
S00280,2026,Spring,Public Health,MS Epidemiology,Graduate,Female,White,38,In-state,No,Yes,4277.0,27,27,100.0,92.5,83.9,1,1,1,3.72,Low,0.835,Yes,0.744,No
S00281,2025,Spring,Health Administration,BS Health Administration,Undergraduate,Female,Hispanic/Latino,22,In-state,No,Yes,3005.0,27,21,77.3,92.9,58.4,0,3,1,1.87,High,0.324,No,0.115,No
S00282,2026,Spring,Health Administration,BS Health Administration,Undergraduate,Male,White,20,In-state,Yes,No,11550.0,30,27,91.2,85.8,64.3,3,1,4,3.1,Low,0.644,Yes,0.535,No
S00283,2024,Fall,Data Science,BS Health Data Science,Undergraduate,Female,White,18,In-state,No,Yes,6501.0,32,32,100.0,84.5,61.6,3,3,3,3.33,Low,0.706,Yes,0.606,Yes
S00284,2023,Spring,Health Administration,BS Health Administration,Undergraduate,Female,Black,23,In-state,Yes,Yes,2605.0,32,26,81.5,70.7,95.6,4,2,1,2.23,High,0.468,Yes,0.222,No
S00285,2024,Fall,Data Science,BS Health Data Science,Undergraduate,Male,Asian,19,In-state,No,Yes,7751.0,27,27,98.8,76.9,53.9,2,0,0,3.09,Low,0.578,No,0.42,No
S00286,2026,Fall,Health Administration,BS Health Administration,Undergraduate,Female,White,23,In-state,No,Yes,8369.0,30,30,100.0,63.7,58.3,0,0,3,3.64,Medium,0.503,Yes,0.476,Yes
S00287,2024,Spring,Social Work,BSW,Undergraduate,Female,White,22,International,Yes,Yes,8242.0,30,30,100.0,100.0,91.6,0,3,2,3.08,Low,0.762,Yes,0.664,Yes
S00288,2024,Fall,Public Health,MS Epidemiology,Graduate,Female,Asian,31,Out-of-state,No,Yes,9880.0,30,30,100.0,77.3,75.6,0,3,3,3.84,Medium,0.669,Yes,0.668,Yes
S00289,2025,Fall,Health Administration,MHA,Graduate,Female,Other/Unknown,26,In-state,Yes,Yes,2860.0,30,30,100.0,78.5,68.0,2,0,2,3.6,Low,0.761,Yes,0.629,Yes
S00290,2022,Fall,Nutrition,BS Nutrition,Undergraduate,Female,Hispanic/Latino,20,In-state,Yes,No,10997.0,33,32,97.6,76.5,80.5,1,3,2,1.95,High,0.274,Yes,0.152,No
S00291,2025,Fall,Social Work,MSW,Graduate,Female,Hispanic/Latino,22,In-state,No,No,3476.0,24,24,100.0,67.6,48.9,0,1,3,3.43,Medium,0.526,Yes,0.378,Yes
S00292,2025,Fall,Public Health,BS Public Health,Undergraduate,Female,White,20,In-state,No,No,8663.0,27,21,78.0,67.9,67.7,0,3,2,2.66,High,0.296,Yes,0.153,No
S00293,2022,Spring,Nutrition,MS Nutrition,Graduate,Female,White,34,In-state,No,No,10650.0,18,18,98.5,66.8,73.6,0,5,1,3.12,High,0.375,No,0.224,No
S00294,2026,Fall,Public Health,MPH,Graduate,Female,Hispanic/Latino,39,In-state,Yes,Yes,1312.0,27,27,100.0,75.5,65.8,5,2,3,3.01,Low,0.726,No,0.492,Yes
S00295,2023,Fall,Social Work,BSW,Undergraduate,Female,Hispanic/Latino,23,In-state,No,Yes,6375.0,33,30,89.7,83.8,77.8,3,3,0,3.12,Low,0.722,Yes,0.591,Yes
S00296,2025,Spring,Public Health,BS Public Health,Undergraduate,Nonbinary,Other/Unknown,18,International,Yes,Yes,9153.0,24,23,96.3,81.2,78.6,5,1,0,2.59,Low,0.649,Yes,0.438,Yes
S00297,2026,Spring,Health Administration,BS Health Administration,Undergraduate,Female,White,24,In-state,No,No,6369.0,30,30,100.0,73.9,72.4,6,0,1,4.0,Low,0.814,No,0.77,Yes
S00298,2022,Fall,Social Work,BSW,Undergraduate,Female,White,21,In-state,Yes,No,6332.0,31,31,100.0,83.8,64.8,2,3,0,3.92,Low,0.771,Yes,0.725,Yes
S00299,2026,Spring,Nutrition,BS Nutrition,Undergraduate,Female,White,21,In-state,Yes,No,10013.0,32,32,100.0,91.1,68.5,4,3,1,3.75,Low,0.791,No,0.771,Yes
S00300,2025,Spring,Nutrition,BS Nutrition,Undergraduate,Female,Black,27,International,No,Yes,5180.0,33,33,100.0,68.0,86.9,0,4,6,3.36,Medium,0.611,No,0.547,No
S00301,2022,Spring,Data Science,MS Health Data Science,Graduate,Female,Hispanic/Latino,29,In-state,Yes,No,5575.0,21,21,100.0,80.2,57.7,5,1,2,3.42,Low,0.744,Yes,0.565,Yes
S00302,2025,Spring,Public Health,MPH,Graduate,Male,Black,22,In-state,No,Yes,7403.0,24,24,100.0,93.1,77.9,3,0,2,4.0,Low,0.855,Yes,0.8,Yes
S00303,2025,Spring,Nutrition,BS Nutrition,Undergraduate,Female,Multiracial,22,In-state,No,Yes,1904.0,30,27,91.5,79.6,41.4,1,0,3,2.51,Medium,0.432,No,0.246,No
S00304,2023,Fall,Public Health,BS Public Health,Undergraduate,Male,White,20,In-state,No,No,3917.0,33,31,93.9,79.4,75.1,1,5,1,2.82,Medium,0.578,No,0.443,Yes
S00305,2022,Fall,Data Science,BS Health Data Science,Undergraduate,Female,Hispanic/Latino,25,In-state,No,Yes,5346.0,32,25,78.0,54.1,43.7,0,0,2,1.37,High,0.098,No,0.025,No
S00306,2025,Fall,Social Work,MSW,Graduate,Male,Hispanic/Latino,31,In-state,No,Yes,4903.0,24,24,100.0,74.8,55.1,3,4,1,3.17,Low,0.648,Yes,0.433,Yes
S00307,2022,Spring,Health Administration,BS Health Administration,Undergraduate,Nonbinary,Hispanic/Latino,19,Out-of-state,Yes,Yes,6319.0,30,28,93.7,76.2,79.9,2,5,0,2.59,Medium,0.536,No,0.383,No
S00308,2025,Fall,Nutrition,MS Nutrition,Graduate,Female,White,30,International,No,Yes,4208.0,24,23,97.7,74.8,96.1,3,0,1,3.19,Low,0.773,No,0.576,No
S00309,2025,Fall,Health Administration,MHA,Graduate,Male,Hispanic/Latino,29,In-state,Yes,Yes,6308.0,21,18,83.5,79.9,7.6,0,0,3,2.64,High,0.217,No,0.088,No
S00310,2024,Spring,Data Science,BS Health Data Science,Undergraduate,Female,Black,18,In-state,No,No,10260.0,30,30,100.0,66.2,59.3,1,3,0,3.0,Medium,0.417,No,0.35,No
S00311,2026,Fall,Public Health,MPH,Graduate,Female,White,31,In-state,No,No,15571.0,24,24,100.0,93.0,77.6,2,2,0,3.89,Low,0.783,Yes,0.765,Yes
S00312,2022,Spring,Health Administration,BS Health Administration,Undergraduate,Female,White,20,Out-of-state,No,Yes,6663.0,32,30,93.2,87.8,85.8,1,0,2,2.67,Low,0.666,Yes,0.488,Yes
S00313,2024,Spring,Data Science,MS Health Data Science,Graduate,Female,Black,29,Out-of-state,No,Yes,2644.0,21,20,93.5,69.9,57.0,0,0,1,3.49,Medium,0.583,Yes,0.41,No
S00314,2026,Fall,Nutrition,BS Nutrition,Undergraduate,Male,White,18,In-state,No,Yes,7547.0,33,27,81.3,58.8,77.4,0,2,2,2.74,High,0.303,No,0.172,No
S00315,2026,Spring,Data Science,BS Health Data Science,Undergraduate,Female,White,25,Out-of-state,Yes,No,9527.0,32,31,95.8,83.8,79.7,4,0,1,3.16,Low,0.724,No,0.634,No
S00316,2025,Spring,Health Administration,BS Health Administration,Undergraduate,Nonbinary,Other/Unknown,18,Out-of-state,No,No,13011.0,33,27,80.7,66.9,60.0,4,0,1,2.45,High,0.271,Yes,0.168,No
S00317,2025,Fall,Social Work,MSW,Graduate,Female,White,35,In-state,No,Yes,4523.0,21,20,95.0,77.4,61.1,4,0,1,3.72,Low,0.769,Yes,0.609,No
S00318,2023,Fall,Health Administration,MHA,Graduate,Female,Black,36,In-state,Yes,Yes,5327.0,30,29,98.3,82.0,94.3,3,3,0,3.32,Low,0.802,Yes,0.677,Yes
S00319,2024,Spring,Social Work,BSW,Undergraduate,Female,White,21,In-state,No,Yes,2783.0,30,25,84.5,89.1,82.5,1,2,2,2.55,Low,0.68,No,0.424,No
S00320,2023,Spring,Health Administration,MHA,Graduate,Male,White,30,In-state,No,Yes,0.0,30,27,89.7,76.5,90.9,4,0,2,3.08,Low,0.798,Yes,0.585,Yes
S00321,2026,Fall,Nutrition,BS Nutrition,Undergraduate,Female,Black,24,In-state,No,Yes,0.0,27,27,100.0,76.4,67.2,3,0,3,3.41,Low,0.748,Yes,0.566,Yes
S00322,2026,Fall,Data Science,BS Health Data Science,Undergraduate,Female,White,21,International,Yes,Yes,10375.0,32,32,98.7,88.9,74.4,3,2,2,3.37,Low,0.735,Yes,0.681,Yes
S00323,2024,Spring,Nutrition,BS Nutrition,Undergraduate,Female,Multiracial,21,In-state,Yes,Yes,7962.0,24,24,100.0,82.1,80.9,2,0,1,4.0,Low,0.801,Yes,0.745,Yes
S00324,2024,Fall,Social Work,MSW,Graduate,Female,Asian,28,In-state,No,Yes,3582.0,18,18,100.0,79.5,67.5,1,0,2,4.0,Low,0.789,Yes,0.644,No
S00325,2022,Fall,Data Science,BS Health Data Science,Undergraduate,Male,Black,22,In-state,No,Yes,0.0,30,28,92.1,93.5,78.7,1,2,2,2.88,Low,0.754,Yes,0.541,No
S00326,2024,Spring,Health Administration,BS Health Administration,Undergraduate,Nonbinary,White,20,Out-of-state,No,No,6861.0,27,24,87.9,81.8,37.5,3,1,3,2.69,Medium,0.45,No,0.302,No
S00327,2026,Fall,Health Administration,BS Health Administration,Undergraduate,Male,Black,25,Out-of-state,No,Yes,6824.0,31,31,100.0,83.4,39.1,5,1,2,4.0,Low,0.754,Yes,0.717,Yes
S00328,2023,Fall,Nutrition,BS Nutrition,Undergraduate,Nonbinary,White,18,International,Yes,Yes,4231.0,32,28,86.9,72.0,46.7,1,3,2,2.92,Low,0.514,No,0.314,No
S00329,2023,Spring,Public Health,BS Public Health,Undergraduate,Male,Asian,21,Out-of-state,Yes,No,5750.0,33,27,82.2,60.5,75.6,0,0,1,2.39,High,0.274,No,0.128,No
S00330,2025,Spring,Health Administration,BS Health Administration,Undergraduate,Female,Hispanic/Latino,25,In-state,No,Yes,5043.0,32,30,93.4,82.9,68.4,3,1,1,2.93,Low,0.675,Yes,0.503,Yes
S00331,2022,Spring,Nutrition,BS Nutrition,Undergraduate,Female,Asian,25,In-state,Yes,Yes,1020.0,27,24,90.3,100.0,100.0,3,0,1,2.85,Low,0.841,Yes,0.659,Yes
S00332,2025,Spring,Public Health,MPH,Graduate,Male,Asian,39,Out-of-state,Yes,Yes,3914.0,18,18,100.0,77.9,64.1,3,0,4,3.67,Low,0.762,Yes,0.578,No
S00333,2025,Fall,Public Health,BS Public Health,Undergraduate,Female,Asian,19,International,Yes,Yes,10211.0,27,24,89.5,62.3,75.7,0,3,1,3.15,High,0.351,No,0.242,Yes
S00334,2023,Spring,Social Work,MSW,Graduate,Female,Hispanic/Latino,25,In-state,No,Yes,5758.0,30,30,100.0,85.0,53.7,4,1,2,3.72,Low,0.772,No,0.685,No
S00335,2023,Fall,Health Administration,BS Health Administration,Undergraduate,Female,Hispanic/Latino,24,In-state,No,Yes,4672.0,30,25,82.9,89.4,100.0,4,1,1,2.95,Low,0.806,Yes,0.645,No
S00336,2025,Spring,Health Administration,BS Health Administration,Undergraduate,Male,White,21,In-state,Yes,Yes,4869.0,24,24,100.0,97.3,77.7,3,2,2,3.17,Low,0.793,Yes,0.648,No
S00337,2023,Fall,Social Work,BSW,Undergraduate,Female,Multiracial,24,Out-of-state,No,No,8695.0,31,27,87.0,86.5,65.1,3,0,1,3.35,Low,0.709,Yes,0.605,Yes
S00338,2023,Fall,Public Health,BS Public Health,Undergraduate,Female,White,18,Out-of-state,No,Yes,8651.0,24,24,100.0,88.7,62.1,1,2,2,3.36,Low,0.678,Yes,0.554,Yes
S00339,2023,Spring,Public Health,MPH,Graduate,Male,Black,24,In-state,No,Yes,2848.0,24,23,94.8,86.8,53.7,3,0,0,3.17,Low,0.719,No,0.499,Yes
S00340,2025,Spring,Social Work,BSW,Undergraduate,Female,White,20,International,Yes,Yes,10103.0,24,22,89.8,82.8,54.6,3,0,1,3.0,Low,0.594,Yes,0.425,Yes
S00341,2024,Fall,Health Administration,BS Health Administration,Undergraduate,Female,Black,22,In-state,Yes,Yes,2303.0,27,27,100.0,92.9,66.3,3,2,2,3.74,Low,0.826,Yes,0.733,No
S00342,2024,Spring,Data Science,MS Health Data Science,Graduate,Male,White,24,Out-of-state,No,Yes,5577.0,18,16,88.0,85.9,68.1,1,0,2,3.53,Low,0.748,No,0.556,No
S00343,2024,Fall,Health Administration,BS Health Administration,Undergraduate,Female,White,18,International,No,Yes,9720.0,24,23,94.5,86.4,86.9,5,4,3,3.53,Low,0.807,Yes,0.728,No
S00344,2026,Fall,Data Science,BS Health Data Science,Undergraduate,Male,Multiracial,20,In-state,No,Yes,11248.0,32,31,95.8,83.9,59.5,3,2,0,3.92,Low,0.736,Yes,0.727,Yes
S00345,2022,Spring,Social Work,BSW,Undergraduate,Female,Multiracial,20,In-state,No,Yes,6885.0,30,30,100.0,100.0,71.1,3,3,3,3.65,Low,0.824,Yes,0.775,Yes
S00346,2024,Spring,Social Work,BSW,Undergraduate,Male,White,19,In-state,No,No,6934.0,27,22,81.2,87.5,50.8,3,2,1,3.15,Low,0.659,No,0.481,Yes
S00347,2024,Spring,Data Science,BS Health Data Science,Undergraduate,Female,Asian,18,Out-of-state,No,Yes,5250.0,27,27,100.0,93.5,68.2,1,0,0,3.74,Low,0.79,No,0.711,Yes
S00348,2023,Spring,Data Science,BS Health Data Science,Undergraduate,Female,White,19,Out-of-state,No,Yes,3161.0,32,32,100.0,83.9,93.3,3,0,0,4.0,Low,0.867,Yes,0.827,No
S00349,2022,Fall,Health Administration,BS Health Administration,Undergraduate,Female,Black,23,Out-of-state,No,Yes,9570.0,27,27,100.0,100.0,71.2,3,3,0,3.55,Low,0.798,Yes,0.743,Yes
S00350,2025,Spring,Public Health,BS Public Health,Undergraduate,Female,Multiracial,19,Out-of-state,No,No,9751.0,24,24,100.0,76.6,64.7,0,3,0,2.98,Medium,0.474,No,0.372,No
S00351,2022,Fall,Nutrition,MS Nutrition,Graduate,Female,White,33,International,No,Yes,11280.0,21,20,95.0,76.7,35.3,0,1,3,3.78,High,0.397,No,0.314,No
S00352,2023,Fall,Health Administration,MHA,Graduate,Female,White,30,In-state,No,Yes,0.0,21,17,82.9,83.0,69.2,0,1,3,3.53,Low,0.765,Yes,0.527,No
S00353,2026,Spring,Data Science,BS Health Data Science,Undergraduate,Nonbinary,Hispanic/Latino,24,Out-of-state,Yes,No,10732.0,30,27,88.5,78.8,100.0,0,1,0,3.01,Medium,0.604,No,0.532,Yes
S00354,2024,Fall,Public Health,BS Public Health,Undergraduate,Male,Hispanic/Latino,23,Out-of-state,Yes,Yes,8059.0,30,28,92.0,49.9,27.6,1,1,1,2.87,High,0.17,No,0.095,Yes
S00355,2022,Fall,Health Administration,BS Health Administration,Undergraduate,Male,White,18,In-state,No,No,9378.0,33,33,100.0,73.6,76.6,1,3,1,3.04,Low,0.594,No,0.481,Yes
S00356,2022,Fall,Social Work,MSW,Graduate,Female,Multiracial,30,Out-of-state,Yes,No,14781.0,27,27,100.0,92.2,53.1,3,1,2,3.71,Low,0.715,Yes,0.686,No
S00357,2025,Spring,Health Administration,BS Health Administration,Undergraduate,Female,Hispanic/Latino,23,Out-of-state,No,Yes,7849.0,24,21,88.4,95.4,68.0,4,1,4,2.41,Low,0.653,Yes,0.412,No
S00358,2025,Fall,Health Administration,BS Health Administration,Undergraduate,Female,White,18,In-state,No,Yes,0.0,31,31,100.0,91.5,81.4,4,0,0,3.27,Low,0.833,Yes,0.706,No
S00359,2024,Spring,Social Work,BSW,Undergraduate,Female,Hispanic/Latino,20,In-state,No,Yes,7799.0,31,26,84.2,69.9,59.5,3,0,3,1.97,High,0.248,No,0.105,No
S00360,2022,Fall,Data Science,BS Health Data Science,Undergraduate,Male,Multiracial,19,In-state,No,Yes,6229.0,24,24,100.0,94.9,100.0,4,1,0,3.75,Low,0.882,Yes,0.826,No
S00361,2023,Spring,Public Health,BS Public Health,Undergraduate,Male,White,19,International,Yes,Yes,5589.0,31,31,100.0,66.4,67.9,0,0,1,4.0,High,0.525,Yes,0.477,No
S00362,2023,Fall,Health Administration,BS Health Administration,Undergraduate,Female,Hispanic/Latino,21,In-state,No,No,8407.0,31,31,100.0,85.8,79.7,4,2,3,4.0,Low,0.832,Yes,0.814,Yes
S00363,2026,Fall,Public Health,BS Public Health,Undergraduate,Female,White,18,In-state,No,Yes,2892.0,30,30,100.0,100.0,100.0,4,0,1,2.52,Low,0.81,Yes,0.63,Yes
S00364,2022,Spring,Nutrition,MS Nutrition,Graduate,Male,Asian,31,In-state,No,Yes,5505.0,18,17,93.8,92.4,58.5,0,0,1,3.24,Low,0.696,No,0.472,No
S00365,2022,Spring,Nutrition,BS Nutrition,Undergraduate,Male,Black,21,In-state,No,No,9569.0,30,25,81.8,60.9,61.6,0,4,5,1.77,High,0.152,No,0.057,No
S00366,2022,Spring,Data Science,BS Health Data Science,Undergraduate,Male,Other/Unknown,18,International,No,Yes,8760.0,24,24,100.0,79.3,100.0,3,4,1,3.86,Low,0.825,Yes,0.769,Yes
S00367,2025,Fall,Nutrition,BS Nutrition,Undergraduate,Male,Hispanic/Latino,18,International,No,No,13911.0,30,25,82.1,72.8,57.1,0,0,1,2.66,High,0.247,No,0.163,No
S00368,2024,Fall,Social Work,BSW,Undergraduate,Female,Black,23,In-state,Yes,No,7668.0,32,32,100.0,82.0,40.6,2,2,3,4.0,Low,0.698,Yes,0.668,No
S00369,2022,Spring,Social Work,BSW,Undergraduate,Female,White,22,Out-of-state,No,Yes,14620.0,27,21,77.8,65.8,57.6,2,0,1,2.23,High,0.196,Yes,0.1,No
S00370,2025,Spring,Data Science,BS Health Data Science,Undergraduate,Male,Other/Unknown,19,In-state,No,No,13251.0,27,27,100.0,77.2,92.8,5,4,2,3.81,Medium,0.751,No,0.774,Yes
S00371,2025,Spring,Public Health,BS Public Health,Undergraduate,Nonbinary,White,19,Out-of-state,No,No,8579.0,33,33,100.0,100.0,77.8,2,0,1,3.21,Low,0.769,Yes,0.703,Yes
S00372,2023,Fall,Health Administration,MHA,Graduate,Female,Hispanic/Latino,39,Out-of-state,Yes,No,12279.0,30,29,95.1,80.2,73.1,1,4,3,3.48,Low,0.675,No,0.602,Yes
S00373,2023,Spring,Data Science,BS Health Data Science,Undergraduate,Female,White,20,In-state,No,Yes,8811.0,27,26,95.3,65.2,75.5,0,0,1,3.36,Medium,0.52,Yes,0.447,Yes
S00374,2022,Spring,Public Health,BS Public Health,Undergraduate,Female,Asian,22,Out-of-state,No,Yes,3241.0,33,31,93.8,61.9,49.7,3,1,2,3.34,Medium,0.524,No,0.421,No
S00375,2023,Fall,Data Science,BS Health Data Science,Undergraduate,Female,White,18,In-state,Yes,Yes,11950.0,24,23,93.8,100.0,82.3,2,1,1,3.04,Low,0.735,Yes,0.623,No
S00376,2026,Spring,Public Health,BS Public Health,Undergraduate,Male,Black,20,In-state,No,Yes,6072.0,30,29,96.3,82.8,87.3,0,2,1,2.88,Medium,0.607,Yes,0.491,No
S00377,2022,Spring,Nutrition,BS Nutrition,Undergraduate,Female,White,18,In-state,No,No,11160.0,33,27,82.6,47.4,56.0,2,1,1,2.91,Medium,0.307,No,0.227,No
S00378,2025,Spring,Health Administration,MHA,Graduate,Female,White,32,In-state,No,Yes,9329.0,30,30,100.0,76.7,76.6,4,2,4,3.43,Low,0.737,Yes,0.643,No
S00379,2026,Spring,Public Health,BS Public Health,Undergraduate,Female,Black,21,In-state,No,Yes,1229.0,24,23,94.3,96.9,92.6,2,0,2,3.71,Low,0.877,Yes,0.782,Yes
S00380,2023,Fall,Public Health,MPH,Graduate,Female,White,28,Out-of-state,No,Yes,5484.0,21,18,85.0,93.4,65.0,3,0,1,2.91,Low,0.724,No,0.48,Yes
S00381,2024,Fall,Public Health,MS Epidemiology,Graduate,Male,White,36,In-state,No,Yes,4960.0,18,17,91.9,82.1,45.9,2,3,0,3.66,Low,0.707,No,0.515,No
S00382,2022,Spring,Public Health,BS Public Health,Undergraduate,Male,White,21,Out-of-state,No,Yes,7290.0,32,27,82.9,77.3,81.3,3,4,1,1.81,Medium,0.431,Yes,0.233,Yes
S00383,2022,Spring,Health Administration,BS Health Administration,Undergraduate,Male,Black,21,In-state,No,Yes,3882.0,30,25,83.3,96.6,100.0,2,0,3,2.9,Low,0.806,No,0.639,No
S00384,2026,Spring,Health Administration,BS Health Administration,Undergraduate,Female,White,22,In-state,Yes,Yes,2241.0,30,29,96.6,78.1,75.8,4,3,2,2.86,Medium,0.652,Yes,0.496,Yes
S00385,2026,Spring,Nutrition,BS Nutrition,Undergraduate,Female,Asian,22,In-state,Yes,No,8877.0,31,31,100.0,89.0,59.3,2,1,1,3.6,Low,0.719,No,0.665,No
S00386,2026,Spring,Nutrition,BS Nutrition,Undergraduate,Male,White,21,Out-of-state,No,No,9990.0,32,32,99.5,77.7,80.0,1,4,2,2.18,High,0.318,Yes,0.19,No
S00387,2025,Spring,Health Administration,MHA,Graduate,Female,Hispanic/Latino,30,In-state,Yes,Yes,3130.0,30,30,99.0,66.9,50.7,3,1,3,3.5,Medium,0.601,No,0.491,No
S00388,2023,Fall,Social Work,MSW,Graduate,Female,Other/Unknown,35,In-state,Yes,No,9191.0,30,30,100.0,55.1,67.3,4,0,1,3.11,Medium,0.492,Yes,0.396,Yes
S00389,2025,Fall,Nutrition,BS Nutrition,Undergraduate,Female,White,24,In-state,Yes,Yes,530.0,27,26,97.0,96.0,68.3,1,1,0,3.55,Low,0.809,Yes,0.677,Yes
S00390,2026,Spring,Nutrition,MS Nutrition,Graduate,Female,Black,32,In-state,Yes,Yes,3707.0,30,29,97.7,97.2,79.2,1,2,3,3.64,Low,0.837,Yes,0.748,No
S00391,2022,Fall,Social Work,BSW,Undergraduate,Female,White,24,In-state,No,No,7985.0,32,29,89.1,83.0,40.6,3,2,0,2.57,Medium,0.436,No,0.315,No
S00392,2023,Spring,Social Work,BSW,Undergraduate,Female,Black,23,In-state,No,No,4348.0,32,32,100.0,90.3,80.1,3,2,1,3.83,Low,0.842,Yes,0.795,Yes
S00393,2024,Spring,Data Science,BS Health Data Science,Undergraduate,Female,White,21,In-state,No,Yes,7394.0,27,27,100.0,95.8,95.3,5,6,3,3.59,Low,0.869,Yes,0.817,No
S00394,2023,Spring,Nutrition,BS Nutrition,Undergraduate,Male,Other/Unknown,21,In-state,Yes,No,11079.0,30,30,100.0,77.3,79.5,6,0,3,2.69,Medium,0.589,Yes,0.506,No
S00395,2023,Spring,Data Science,BS Health Data Science,Undergraduate,Female,Asian,21,In-state,No,Yes,1453.0,27,21,79.5,83.9,77.0,4,0,2,2.77,Medium,0.678,Yes,0.464,Yes
S00396,2025,Fall,Nutrition,BS Nutrition,Undergraduate,Female,White,26,In-state,No,Yes,0.0,24,24,100.0,90.3,76.3,2,3,1,2.53,Low,0.705,Yes,0.418,No
S00397,2022,Fall,Nutrition,BS Nutrition,Undergraduate,Female,Asian,22,Out-of-state,No,No,9720.0,32,32,100.0,98.6,76.2,4,1,1,3.75,Low,0.834,Yes,0.818,Yes
S00398,2022,Fall,Health Administration,BS Health Administration,Undergraduate,Female,Hispanic/Latino,22,In-state,No,No,9247.0,31,31,100.0,81.9,82.5,1,3,2,4.0,Low,0.782,Yes,0.765,No
S00399,2023,Spring,Public Health,MPH,Graduate,Female,Hispanic/Latino,35,In-state,No,Yes,0.0,24,24,100.0,80.4,63.2,1,0,3,4.0,Low,0.806,No,0.669,No
S00400,2025,Spring,Social Work,BSW,Undergraduate,Male,White,21,In-state,No,Yes,9175.0,30,27,90.1,91.4,49.1,3,0,1,3.05,Low,0.637,No,0.503,Yes
S00401,2026,Fall,Health Administration,BS Health Administration,Undergraduate,Female,White,18,In-state,Yes,Yes,8715.0,33,33,100.0,76.0,62.3,3,2,1,2.63,Medium,0.477,Yes,0.382,No
S00402,2026,Spring,Social Work,BSW,Undergraduate,Female,White,24,Out-of-state,Yes,No,8620.0,33,33,100.0,84.5,53.9,1,2,1,3.93,Low,0.713,Yes,0.693,Yes
S00403,2023,Fall,Social Work,BSW,Undergraduate,Female,Black,23,In-state,Yes,No,7991.0,33,33,100.0,100.0,100.0,1,3,1,3.25,Low,0.815,No,0.756,Yes
S00404,2026,Spring,Health Administration,BS Health Administration,Undergraduate,Male,White,24,In-state,No,Yes,1303.0,27,24,87.2,57.0,61.0,3,3,2,2.69,Medium,0.452,No,0.245,No
S00405,2025,Fall,Health Administration,BS Health Administration,Undergraduate,Female,White,21,In-state,Yes,Yes,4980.0,27,25,93.6,72.9,47.3,3,1,3,2.34,High,0.297,No,0.134,No
S00406,2022,Fall,Data Science,MS Health Data Science,Graduate,Female,White,27,International,No,Yes,7420.0,27,27,98.6,96.8,61.4,3,3,1,4.0,Low,0.835,Yes,0.789,Yes
S00407,2024,Fall,Health Administration,BS Health Administration,Undergraduate,Female,Asian,24,In-state,No,No,6836.0,27,27,100.0,80.2,66.4,1,3,1,3.26,Low,0.653,No,0.509,Yes
S00408,2022,Spring,Nutrition,BS Nutrition,Undergraduate,Female,Black,24,International,Yes,Yes,8013.0,31,27,87.1,68.7,80.9,1,3,1,2.64,High,0.36,Yes,0.213,Yes
S00409,2022,Fall,Data Science,BS Health Data Science,Undergraduate,Male,Other/Unknown,25,In-state,No,Yes,3716.0,31,31,100.0,90.6,53.3,4,4,2,3.33,Low,0.747,Yes,0.626,No
S00410,2026,Spring,Nutrition,BS Nutrition,Undergraduate,Female,Hispanic/Latino,19,Out-of-state,No,No,15621.0,33,31,93.1,90.6,46.0,2,3,1,2.47,Medium,0.386,No,0.344,No
S00411,2022,Fall,Health Administration,BS Health Administration,Undergraduate,Female,Multiracial,19,In-state,Yes,Yes,7305.0,31,31,100.0,69.6,65.3,2,1,3,3.3,Medium,0.554,No,0.493,Yes
S00412,2022,Spring,Public Health,MS Epidemiology,Graduate,Male,White,30,International,Yes,Yes,6808.0,27,24,87.3,88.0,64.8,3,0,2,3.13,Low,0.718,Yes,0.539,No
S00413,2024,Spring,Public Health,MS Epidemiology,Graduate,Female,White,22,In-state,No,Yes,614.0,21,20,95.7,68.5,73.3,1,2,3,3.31,Medium,0.642,Yes,0.433,No
S00414,2023,Spring,Nutrition,BS Nutrition,Undergraduate,Male,Other/Unknown,19,In-state,No,No,12282.0,24,24,100.0,69.3,87.2,0,0,2,3.42,High,0.448,No,0.372,No
S00415,2026,Fall,Social Work,BSW,Undergraduate,Female,White,20,In-state,No,No,9219.0,24,24,100.0,95.4,47.7,3,0,0,4.0,Low,0.777,Yes,0.735,Yes
S00416,2025,Spring,Data Science,BS Health Data Science,Undergraduate,Male,Black,20,Out-of-state,No,No,8993.0,24,24,100.0,75.2,43.7,4,0,3,3.69,Medium,0.595,Yes,0.553,No
S00417,2023,Fall,Public Health,BS Public Health,Undergraduate,Male,White,24,In-state,No,No,10417.0,30,27,88.7,68.3,84.8,4,1,0,2.06,High,0.319,No,0.164,No
S00418,2025,Fall,Health Administration,BS Health Administration,Undergraduate,Female,White,23,In-state,Yes,Yes,6715.0,32,32,100.0,79.8,56.2,2,0,0,1.96,High,0.273,No,0.133,No
S00419,2025,Spring,Health Administration,MHA,Graduate,Female,White,32,In-state,No,No,9618.0,30,25,83.9,73.3,66.4,1,0,1,2.92,Medium,0.493,No,0.367,Yes
S00420,2026,Spring,Data Science,MS Health Data Science,Graduate,Female,Other/Unknown,24,Out-of-state,Yes,No,7575.0,21,20,95.1,100.0,85.0,4,1,2,2.78,Low,0.786,No,0.589,No
S00421,2025,Fall,Data Science,MS Health Data Science,Graduate,Female,Multiracial,35,In-state,No,Yes,7538.0,24,22,90.6,88.6,66.6,4,0,4,3.69,Low,0.8,Yes,0.694,Yes
S00422,2023,Fall,Social Work,BSW,Undergraduate,Female,White,24,In-state,Yes,No,6900.0,24,24,98.5,83.2,62.0,2,2,2,3.02,Low,0.636,Yes,0.453,Yes
S00423,2024,Spring,Social Work,BSW,Undergraduate,Female,White,19,International,No,Yes,7168.0,33,33,99.0,87.3,84.0,1,1,4,2.81,Low,0.674,No,0.533,No
S00424,2025,Spring,Social Work,MSW,Graduate,Female,Asian,25,Out-of-state,Yes,Yes,8292.0,27,24,87.4,86.0,78.2,0,0,4,2.97,Low,0.663,No,0.473,No
S00425,2022,Fall,Data Science,BS Health Data Science,Undergraduate,Male,White,21,In-state,No,No,5711.0,30,30,100.0,84.7,46.6,3,3,2,3.54,Low,0.698,Yes,0.598,No
S00426,2026,Fall,Data Science,BS Health Data Science,Undergraduate,Female,Hispanic/Latino,18,In-state,Yes,No,10640.0,27,26,96.5,86.7,78.0,2,1,0,3.67,Low,0.756,Yes,0.7,Yes
S00427,2024,Fall,Data Science,MS Health Data Science,Graduate,Male,Multiracial,31,In-state,Yes,Yes,8309.0,18,18,97.5,98.2,54.5,0,1,3,3.56,Low,0.731,Yes,0.585,No
S00428,2024,Fall,Health Administration,BS Health Administration,Undergraduate,Female,White,22,In-state,No,Yes,3588.0,33,32,96.7,65.3,68.8,4,3,3,3.26,Medium,0.612,No,0.514,Yes
S00429,2024,Spring,Public Health,MPH,Graduate,Male,White,26,Out-of-state,No,Yes,8655.0,30,28,92.2,63.1,49.6,0,5,3,2.38,High,0.209,No,0.099,No
S00430,2023,Fall,Nutrition,BS Nutrition,Undergraduate,Female,White,18,In-state,No,No,10293.0,33,28,84.5,83.1,60.5,2,0,1,2.51,Medium,0.454,Yes,0.341,No
S00431,2024,Spring,Data Science,BS Health Data Science,Undergraduate,Male,White,24,Out-of-state,No,No,6435.0,31,31,100.0,92.6,81.0,2,2,0,4.0,Low,0.843,Yes,0.818,No
S00432,2023,Spring,Public Health,BS Public Health,Undergraduate,Female,Black,21,In-state,Yes,Yes,9131.0,24,23,95.2,95.1,72.0,3,1,0,4.0,Low,0.83,Yes,0.79,Yes
S00433,2026,Spring,Social Work,BSW,Undergraduate,Female,White,22,In-state,No,Yes,9993.0,24,24,99.4,73.3,56.0,2,3,0,3.27,Medium,0.511,No,0.435,No
S00434,2024,Spring,Social Work,MSW,Graduate,Male,Black,28,In-state,No,No,5261.0,24,23,94.8,93.0,40.1,5,2,3,3.2,Low,0.724,Yes,0.536,No
S00435,2026,Spring,Public Health,BS Public Health,Undergraduate,Male,Black,21,In-state,No,No,4719.0,24,24,100.0,87.4,81.9,1,2,2,3.56,Low,0.783,Yes,0.663,No
S00436,2024,Spring,Nutrition,BS Nutrition,Undergraduate,Female,Hispanic/Latino,24,In-state,No,Yes,5088.0,32,32,100.0,93.5,83.8,2,2,0,3.37,Low,0.8,Yes,0.715,Yes
S00437,2023,Spring,Health Administration,BS Health Administration,Undergraduate,Male,Asian,19,International,No,No,12924.0,31,27,87.5,93.6,47.8,6,1,2,1.97,Medium,0.433,No,0.301,No
S00438,2026,Spring,Data Science,BS Health Data Science,Undergraduate,Female,Black,20,International,No,Yes,12988.0,27,26,97.0,83.5,65.4,2,1,1,2.8,Medium,0.493,Yes,0.419,No
S00439,2022,Spring,Public Health,BS Public Health,Undergraduate,Female,Asian,18,Out-of-state,Yes,Yes,6571.0,32,32,100.0,100.0,96.8,8,2,1,3.5,Low,0.902,Yes,0.869,Yes
S00440,2024,Spring,Health Administration,BS Health Administration,Undergraduate,Female,Black,24,In-state,No,Yes,3673.0,27,23,84.2,88.4,54.8,4,1,2,2.39,Medium,0.55,No,0.334,No
S00441,2026,Spring,Social Work,BSW,Undergraduate,Female,White,21,In-state,Yes,No,3568.0,32,26,82.8,73.7,58.6,3,4,2,2.95,Low,0.614,No,0.394,Yes
S00442,2025,Spring,Health Administration,BS Health Administration,Undergraduate,Male,White,22,In-state,Yes,Yes,5165.0,32,32,100.0,91.9,63.8,2,4,0,2.86,Low,0.677,Yes,0.519,No
S00443,2024,Spring,Health Administration,BS Health Administration,Undergraduate,Male,Asian,20,International,Yes,Yes,8024.0,24,24,100.0,95.6,85.3,3,2,2,2.85,Low,0.747,Yes,0.586,No
S00444,2026,Spring,Social Work,MSW,Graduate,Male,Black,28,In-state,Yes,No,5402.0,21,21,99.8,99.0,92.9,2,1,1,3.38,Low,0.847,Yes,0.72,Yes
S00445,2022,Spring,Health Administration,MHA,Graduate,Female,White,27,In-state,No,No,7976.0,30,27,91.4,75.8,81.1,3,3,2,4.0,Low,0.804,Yes,0.744,No
S00446,2023,Fall,Data Science,BS Health Data Science,Undergraduate,Female,White,20,Out-of-state,No,No,13867.0,30,28,93.1,72.1,89.1,2,2,2,2.13,High,0.296,No,0.178,No
S00447,2026,Spring,Nutrition,BS Nutrition,Undergraduate,Female,White,24,Out-of-state,Yes,Yes,12512.0,27,24,90.0,51.0,70.9,2,2,3,2.58,High,0.225,Yes,0.126,No
S00448,2026,Spring,Health Administration,MHA,Graduate,Female,White,31,Out-of-state,No,Yes,7042.0,18,16,90.5,81.4,73.6,1,3,2,3.02,Low,0.663,Yes,0.414,Yes
S00449,2022,Fall,Data Science,MS Health Data Science,Graduate,Male,White,34,In-state,No,Yes,6403.0,24,20,84.0,55.2,56.3,1,0,3,2.0,High,0.185,No,0.056,No
S00450,2022,Spring,Nutrition,BS Nutrition,Undergraduate,Female,White,24,In-state,Yes,Yes,6294.0,30,30,100.0,86.5,68.5,3,4,3,3.94,Low,0.805,No,0.763,Yes
S00451,2026,Spring,Nutrition,BS Nutrition,Undergraduate,Female,Hispanic/Latino,23,In-state,No,Yes,8930.0,30,30,100.0,81.9,80.9,3,2,1,3.91,Low,0.797,No,0.768,Yes
S00452,2024,Fall,Health Administration,BS Health Administration,Undergraduate,Male,Hispanic/Latino,23,In-state,Yes,Yes,4389.0,27,27,100.0,72.5,57.5,3,0,3,3.6,Low,0.694,Yes,0.56,No
S00453,2022,Spring,Social Work,BSW,Undergraduate,Female,Hispanic/Latino,19,Out-of-state,Yes,Yes,6333.0,27,27,100.0,90.5,79.0,0,1,0,3.32,Low,0.733,Yes,0.61,No
S00454,2023,Fall,Data Science,BS Health Data Science,Undergraduate,Female,White,23,In-state,No,No,12510.0,33,33,100.0,70.2,100.0,4,0,2,3.46,Medium,0.684,No,0.701,No
S00455,2024,Spring,Social Work,BSW,Undergraduate,Male,Multiracial,20,In-state,Yes,No,12901.0,24,24,100.0,88.9,96.7,0,1,1,4.0,Medium,0.76,Yes,0.786,Yes
S00456,2025,Spring,Social Work,BSW,Undergraduate,Male,Asian,21,In-state,No,Yes,6342.0,30,30,100.0,85.8,71.7,5,0,1,3.93,Low,0.832,Yes,0.794,Yes
S00457,2022,Spring,Nutrition,BS Nutrition,Undergraduate,Male,Asian,18,International,No,No,8951.0,30,30,100.0,73.2,73.7,0,4,3,2.32,High,0.29,Yes,0.164,No
S00458,2023,Spring,Data Science,BS Health Data Science,Undergraduate,Female,White,22,International,No,Yes,3090.0,33,30,90.5,94.2,65.7,4,1,1,2.91,Low,0.749,No,0.58,No
S00459,2024,Fall,Public Health,BS Public Health,Undergraduate,Female,White,23,In-state,No,Yes,9124.0,33,33,100.0,97.3,75.7,4,1,4,3.52,Low,0.81,Yes,0.777,No
S00460,2023,Fall,Social Work,BSW,Undergraduate,Female,White,19,In-state,Yes,Yes,8304.0,30,26,87.6,90.9,60.5,3,1,3,2.76,Low,0.636,Yes,0.458,Yes
S00461,2026,Fall,Public Health,BS Public Health,Undergraduate,Female,White,22,In-state,No,Yes,3615.0,33,33,100.0,100.0,88.4,3,0,3,2.79,Low,0.795,Yes,0.656,Yes
S00462,2022,Fall,Nutrition,MS Nutrition,Graduate,Male,Asian,23,In-state,No,Yes,2094.0,24,24,100.0,99.1,51.5,1,3,0,3.14,Low,0.736,Yes,0.525,No
S00463,2026,Fall,Data Science,MS Health Data Science,Graduate,Male,Black,29,In-state,Yes,Yes,9366.0,30,30,100.0,93.7,77.6,5,0,2,3.72,Low,0.843,No,0.803,Yes
S00464,2024,Spring,Nutrition,BS Nutrition,Undergraduate,Male,White,18,In-state,No,Yes,6576.0,27,25,93.1,67.4,66.8,1,0,3,2.34,High,0.282,No,0.131,No
S00465,2023,Spring,Health Administration,BS Health Administration,Undergraduate,Female,White,18,In-state,Yes,No,10032.0,33,28,86.3,87.3,52.8,2,2,1,2.64,Medium,0.474,Yes,0.372,No
S00466,2024,Spring,Social Work,MSW,Graduate,Female,Other/Unknown,39,In-state,No,No,4051.0,24,23,96.6,88.5,59.1,0,0,1,3.32,Low,0.702,No,0.506,No
S00467,2025,Spring,Social Work,MSW,Graduate,Female,Hispanic/Latino,28,In-state,Yes,Yes,6209.0,21,21,100.0,72.6,51.5,1,0,0,3.98,Low,0.695,Yes,0.561,No
S00468,2026,Spring,Social Work,BSW,Undergraduate,Female,White,21,In-state,Yes,No,3732.0,27,27,100.0,75.4,77.7,2,4,3,3.7,Low,0.764,Yes,0.649,No
S00469,2022,Spring,Data Science,BS Health Data Science,Undergraduate,Male,White,24,In-state,No,Yes,4554.0,33,31,92.5,60.7,89.7,3,1,0,3.01,Medium,0.591,Yes,0.468,Yes
S00470,2023,Fall,Public Health,MPH,Graduate,Female,White,26,In-state,No,Yes,0.0,18,16,88.5,73.9,55.9,1,4,3,3.3,Low,0.673,Yes,0.379,No
S00471,2023,Fall,Public Health,BS Public Health,Undergraduate,Female,Asian,21,In-state,No,Yes,3682.0,27,25,94.4,95.8,53.0,2,2,0,2.82,Low,0.669,No,0.451,No
S00472,2025,Fall,Data Science,BS Health Data Science,Undergraduate,Male,Asian,20,Out-of-state,No,Yes,5591.0,33,33,100.0,99.1,78.3,2,4,1,2.68,Low,0.724,Yes,0.571,Yes
S00473,2024,Spring,Health Administration,MHA,Graduate,Male,Black,32,Out-of-state,No,Yes,3349.0,27,24,89.7,74.5,57.3,3,2,2,2.81,Medium,0.553,No,0.35,No
S00474,2025,Fall,Nutrition,MS Nutrition,Graduate,Female,White,24,Out-of-state,No,No,9988.0,21,21,100.0,79.5,36.5,5,1,4,3.51,Medium,0.594,No,0.51,Yes
S00475,2022,Fall,Nutrition,MS Nutrition,Graduate,Female,White,22,In-state,Yes,Yes,833.0,21,21,100.0,81.7,100.0,4,0,1,3.35,Low,0.852,Yes,0.675,No
S00476,2022,Fall,Public Health,BS Public Health,Undergraduate,Male,White,21,Out-of-state,No,Yes,6362.0,31,26,83.7,85.0,65.2,1,2,1,1.84,Medium,0.393,No,0.202,No
S00477,2023,Spring,Social Work,BSW,Undergraduate,Male,Hispanic/Latino,20,In-state,Yes,Yes,2470.0,24,24,100.0,100.0,63.9,3,5,0,3.75,Low,0.843,Yes,0.75,Yes
S00478,2026,Fall,Health Administration,MHA,Graduate,Female,White,31,In-state,No,No,8146.0,27,27,98.9,85.3,92.7,5,2,1,3.51,Low,0.834,Yes,0.752,Yes
S00479,2022,Spring,Health Administration,BS Health Administration,Undergraduate,Female,White,22,In-state,No,No,11324.0,32,31,97.2,78.7,29.1,3,0,1,3.32,Medium,0.461,No,0.448,No
S00480,2022,Spring,Public Health,MS Epidemiology,Graduate,Female,Black,33,In-state,Yes,Yes,7571.0,18,18,100.0,85.1,59.7,5,0,3,3.55,Low,0.768,Yes,0.615,No
S00481,2026,Fall,Nutrition,BS Nutrition,Undergraduate,Female,White,18,In-state,No,Yes,1182.0,32,27,83.5,47.3,71.6,4,1,2,2.18,High,0.277,No,0.099,No
S00482,2024,Fall,Health Administration,BS Health Administration,Undergraduate,Female,Black,23,In-state,Yes,Yes,1569.0,32,32,100.0,65.3,59.2,2,0,0,3.6,Medium,0.614,Yes,0.531,No
S00483,2022,Fall,Health Administration,MHA,Graduate,Female,White,27,In-state,No,No,5038.0,30,28,94.9,80.3,85.1,5,0,1,3.04,Low,0.773,Yes,0.603,No
S00484,2023,Fall,Social Work,BSW,Undergraduate,Female,White,22,In-state,No,Yes,9028.0,31,28,91.7,96.6,83.3,5,1,1,3.01,Low,0.785,Yes,0.682,Yes
S00485,2024,Fall,Data Science,MS Health Data Science,Graduate,Male,Black,32,In-state,No,No,3887.0,30,25,83.6,69.9,64.0,5,3,3,2.9,Medium,0.6,No,0.412,Yes
S00486,2023,Spring,Nutrition,BS Nutrition,Undergraduate,Female,Black,19,In-state,No,Yes,5518.0,30,30,100.0,76.6,97.5,5,0,1,4.0,Low,0.863,Yes,0.825,Yes
S00487,2025,Fall,Health Administration,MHA,Graduate,Female,Hispanic/Latino,31,Out-of-state,No,No,11245.0,18,16,86.3,78.3,72.0,1,2,2,3.2,Medium,0.57,Yes,0.436,No
S00488,2026,Fall,Nutrition,MS Nutrition,Graduate,Female,Multiracial,33,In-state,No,Yes,2809.0,30,30,100.0,89.4,82.5,3,0,4,3.47,Low,0.831,Yes,0.719,Yes
S00489,2026,Spring,Public Health,BS Public Health,Undergraduate,Female,Asian,23,Out-of-state,Yes,Yes,7455.0,30,30,100.0,80.8,79.3,2,2,2,3.03,Low,0.675,Yes,0.536,Yes
S00490,2024,Spring,Social Work,MSW,Graduate,Female,White,34,Out-of-state,No,No,7541.0,21,21,100.0,92.7,61.4,4,1,2,2.96,Low,0.717,Yes,0.515,No
S00491,2022,Spring,Nutrition,MS Nutrition,Graduate,Female,Hispanic/Latino,22,In-state,Yes,No,6040.0,21,21,100.0,100.0,63.1,4,2,1,3.78,Low,0.847,Yes,0.755,Yes
S00492,2024,Fall,Nutrition,BS Nutrition,Undergraduate,Female,White,20,In-state,No,Yes,3472.0,27,27,99.2,78.4,80.9,1,3,0,2.96,Low,0.675,Yes,0.468,Yes
S00493,2024,Fall,Public Health,BS Public Health,Undergraduate,Female,White,22,In-state,No,No,9721.0,32,32,100.0,70.1,51.9,3,1,0,2.43,Medium,0.368,Yes,0.266,No
S00494,2024,Spring,Data Science,BS Health Data Science,Undergraduate,Female,White,20,In-state,No,Yes,9261.0,33,33,100.0,89.2,100.0,2,2,3,3.85,Low,0.841,Yes,0.828,Yes
S00495,2023,Fall,Social Work,BSW,Undergraduate,Female,White,21,In-state,Yes,Yes,7798.0,27,27,100.0,87.9,57.3,2,2,1,3.24,Low,0.669,Yes,0.541,Yes
S00496,2025,Fall,Social Work,MSW,Graduate,Female,White,28,International,No,Yes,10333.0,27,27,100.0,84.7,82.8,4,2,1,3.77,Low,0.813,Yes,0.761,Yes
S00497,2023,Fall,Data Science,MS Health Data Science,Graduate,Female,White,35,In-state,No,Yes,0.0,21,21,100.0,93.2,72.3,4,5,0,3.92,Low,0.883,Yes,0.775,Yes
S00498,2022,Fall,Public Health,BS Public Health,Undergraduate,Female,White,19,In-state,No,No,10436.0,33,30,90.9,73.2,75.4,4,0,1,3.02,Medium,0.573,Yes,0.513,No
S00499,2025,Spring,Nutrition,BS Nutrition,Undergraduate,Male,White,24,In-state,Yes,No,12665.0,30,26,86.2,85.1,82.5,0,3,1,3.03,Medium,0.562,No,0.509,Yes
S00500,2026,Spring,Nutrition,BS Nutrition,Undergraduate,Female,White,20,In-state,Yes,No,8261.0,32,30,92.5,96.5,81.4,2,2,0,4.0,Low,0.846,Yes,0.83,Yes
S00501,2022,Fall,Data Science,BS Health Data Science,Undergraduate,Female,Black,20,In-state,No,No,12360.0,24,22,90.5,70.9,100.0,4,1,4,2.26,High,0.393,No,0.222,No
S00502,2026,Spring,Health Administration,MHA,Graduate,Nonbinary,Black,32,In-state,No,Yes,480.0,18,14,77.0,61.7,56.1,0,1,2,2.81,High,0.341,No,0.115,No
S00503,2023,Spring,Health Administration,BS Health Administration,Undergraduate,Female,Other/Unknown,20,In-state,No,Yes,3622.0,24,21,88.8,75.0,46.0,1,0,0,3.4,Low,0.61,Yes,0.406,Yes
S00504,2023,Spring,Nutrition,BS Nutrition,Undergraduate,Male,Black,22,In-state,Yes,No,9825.0,31,31,100.0,77.4,79.6,2,0,3,4.0,Medium,0.72,Yes,0.751,Yes
S00505,2026,Spring,Public Health,BS Public Health,Undergraduate,Female,Hispanic/Latino,21,In-state,No,Yes,4307.0,33,33,100.0,68.7,74.0,2,0,2,2.63,Medium,0.501,Yes,0.358,Yes
S00506,2023,Spring,Health Administration,BS Health Administration,Undergraduate,Male,Hispanic/Latino,19,In-state,No,No,5090.0,33,33,99.6,98.0,59.4,4,0,1,2.72,Low,0.708,No,0.551,Yes
S00507,2025,Fall,Nutrition,BS Nutrition,Undergraduate,Male,Black,19,In-state,No,No,10027.0,27,26,95.3,85.1,73.0,4,4,2,3.01,Low,0.686,Yes,0.551,Yes
S00508,2026,Spring,Public Health,MPH,Graduate,Female,Asian,33,Out-of-state,Yes,No,13677.0,21,21,100.0,100.0,78.9,2,0,3,4.0,Low,0.833,No,0.805,Yes
S00509,2026,Spring,Health Administration,BS Health Administration,Undergraduate,Male,White,21,International,Yes,Yes,6011.0,33,30,90.9,76.4,54.7,0,2,4,2.81,High,0.341,No,0.213,No
S00510,2025,Fall,Data Science,MS Health Data Science,Graduate,Female,Asian,31,In-state,No,Yes,1678.0,30,26,88.0,68.0,42.8,2,3,2,2.64,High,0.331,No,0.143,Yes
S00511,2024,Fall,Social Work,MSW,Graduate,Female,Black,28,Out-of-state,Yes,Yes,6006.0,24,23,97.4,93.6,85.5,4,1,1,2.94,Low,0.792,No,0.609,Yes
S00512,2026,Spring,Nutrition,BS Nutrition,Undergraduate,Female,White,21,In-state,No,No,10695.0,27,23,84.2,73.9,74.4,4,3,1,2.32,High,0.349,No,0.189,No
S00513,2024,Fall,Health Administration,BS Health Administration,Undergraduate,Female,Black,18,In-state,Yes,Yes,6892.0,33,33,100.0,89.6,75.7,6,5,2,4.0,Low,0.864,Yes,0.848,Yes
S00514,2026,Fall,Social Work,BSW,Undergraduate,Male,Asian,20,Out-of-state,Yes,Yes,5813.0,27,25,93.5,81.6,95.2,0,0,0,2.95,Low,0.695,No,0.506,Yes
S00515,2023,Fall,Data Science,BS Health Data Science,Undergraduate,Female,White,23,Out-of-state,Yes,Yes,4070.0,30,26,88.1,75.6,80.5,2,3,2,3.05,Low,0.685,Yes,0.487,No
S00516,2023,Spring,Public Health,BS Public Health,Undergraduate,Female,White,20,In-state,Yes,Yes,724.0,31,26,83.8,73.9,57.6,4,1,0,2.65,Medium,0.552,No,0.34,Yes
S00517,2023,Spring,Health Administration,BS Health Administration,Undergraduate,Female,Multiracial,20,In-state,Yes,Yes,2276.0,27,27,100.0,96.7,77.0,2,3,0,4.0,Low,0.868,Yes,0.811,Yes
S00518,2025,Spring,Health Administration,BS Health Administration,Undergraduate,Male,White,22,In-state,Yes,Yes,6252.0,27,22,81.7,58.1,63.9,0,0,1,2.16,High,0.203,No,0.075,No
S00519,2024,Spring,Social Work,BSW,Undergraduate,Male,Hispanic/Latino,20,Out-of-state,No,No,7630.0,31,28,91.6,63.5,60.6,3,1,1,4.0,Medium,0.632,Yes,0.622,No
S00520,2023,Spring,Public Health,MS Epidemiology,Graduate,Male,Hispanic/Latino,32,In-state,No,Yes,5382.0,24,24,98.5,77.2,75.7,3,0,1,3.79,Low,0.792,Yes,0.676,Yes
S00521,2022,Spring,Health Administration,MHA,Graduate,Male,Black,29,International,Yes,Yes,11198.0,27,27,100.0,87.8,41.7,4,0,1,4.0,Medium,0.696,No,0.71,No
S00522,2026,Fall,Social Work,BSW,Undergraduate,Female,Black,20,In-state,No,Yes,0.0,30,27,88.5,63.7,75.3,0,1,2,2.29,High,0.322,Yes,0.125,No
S00523,2023,Spring,Social Work,BSW,Undergraduate,Female,White,23,Out-of-state,No,No,8076.0,31,31,100.0,82.5,23.6,2,3,2,3.08,Low,0.499,Yes,0.374,No
S00524,2022,Fall,Nutrition,BS Nutrition,Undergraduate,Nonbinary,Black,22,Out-of-state,No,Yes,0.0,24,24,100.0,91.0,81.1,1,4,1,2.11,Medium,0.586,Yes,0.316,No
S00525,2025,Spring,Social Work,BSW,Undergraduate,Male,White,20,In-state,Yes,Yes,609.0,24,22,93.1,76.1,48.8,4,1,1,2.66,Medium,0.536,Yes,0.306,No
S00526,2023,Spring,Data Science,BS Health Data Science,Undergraduate,Female,Black,23,In-state,Yes,Yes,11202.0,32,31,95.3,73.8,89.2,0,1,3,2.78,High,0.388,No,0.291,Yes
S00527,2022,Spring,Health Administration,BS Health Administration,Undergraduate,Male,White,23,Out-of-state,Yes,Yes,4582.0,27,27,100.0,100.0,75.9,2,3,2,3.37,Low,0.808,Yes,0.702,Yes
S00528,2022,Spring,Nutrition,BS Nutrition,Undergraduate,Female,Multiracial,23,In-state,No,No,7998.0,31,31,100.0,77.6,84.5,6,2,0,3.1,Low,0.746,Yes,0.635,Yes
S00529,2024,Fall,Health Administration,BS Health Administration,Undergraduate,Female,Black,22,In-state,No,Yes,5403.0,33,29,88.7,74.1,45.4,2,1,1,2.91,Low,0.528,Yes,0.343,Yes
S00530,2023,Fall,Social Work,BSW,Undergraduate,Female,Hispanic/Latino,22,In-state,Yes,Yes,0.0,30,28,94.6,76.3,53.2,3,1,3,2.87,Medium,0.571,Yes,0.384,Yes
S00531,2025,Fall,Nutrition,MS Nutrition,Graduate,Female,Other/Unknown,34,In-state,No,No,6808.0,21,21,100.0,77.0,60.5,2,2,3,3.17,Low,0.642,Yes,0.43,No
S00532,2026,Fall,Data Science,BS Health Data Science,Undergraduate,Male,Hispanic/Latino,21,In-state,No,Yes,4009.0,30,24,80.9,75.7,93.2,3,1,1,2.27,High,0.459,No,0.223,No
S00533,2023,Fall,Social Work,BSW,Undergraduate,Male,Hispanic/Latino,23,Out-of-state,Yes,Yes,2100.0,24,18,74.9,94.9,56.2,1,0,1,1.75,High,0.336,No,0.105,No
S00534,2026,Spring,Social Work,BSW,Undergraduate,Female,Hispanic/Latino,23,In-state,Yes,No,9105.0,27,27,98.8,69.6,54.5,2,0,0,2.84,High,0.321,No,0.205,No
S00535,2022,Fall,Social Work,BSW,Undergraduate,Female,Asian,20,In-state,No,No,6030.0,24,24,100.0,76.9,90.9,5,3,2,3.96,Low,0.846,Yes,0.782,Yes
S00536,2026,Spring,Social Work,BSW,Undergraduate,Female,Other/Unknown,22,Out-of-state,Yes,Yes,4216.0,33,33,100.0,76.1,84.9,0,1,0,3.18,Medium,0.628,No,0.544,No
S00537,2025,Spring,Nutrition,BS Nutrition,Undergraduate,Female,White,24,Out-of-state,Yes,No,4181.0,33,33,100.0,87.3,88.2,0,3,0,3.83,Low,0.816,No,0.766,Yes
S00538,2026,Fall,Social Work,BSW,Undergraduate,Female,White,22,In-state,Yes,No,9741.0,31,31,100.0,87.7,70.7,2,0,2,2.99,Low,0.656,Yes,0.545,No
S00539,2024,Fall,Health Administration,BS Health Administration,Undergraduate,Female,White,24,In-state,Yes,Yes,1272.0,33,32,97.2,79.4,49.3,2,2,2,2.43,Medium,0.471,No,0.289,No
S00540,2026,Spring,Social Work,BSW,Undergraduate,Female,Black,20,Out-of-state,No,No,2260.0,24,24,100.0,93.9,62.1,5,1,1,2.73,Low,0.736,Yes,0.502,Yes
S00541,2023,Spring,Health Administration,BS Health Administration,Undergraduate,Male,Asian,20,In-state,No,Yes,3814.0,32,26,82.0,73.2,76.9,2,0,2,1.91,Medium,0.426,No,0.206,No
S00542,2022,Spring,Data Science,BS Health Data Science,Undergraduate,Male,Black,21,In-state,No,No,11929.0,31,31,100.0,83.9,100.0,0,3,2,3.2,Medium,0.647,No,0.634,No
S00543,2024,Fall,Nutrition,BS Nutrition,Undergraduate,Female,White,20,Out-of-state,Yes,No,7481.0,27,25,94.0,89.5,83.4,2,0,0,2.12,Medium,0.535,No,0.342,No
S00544,2022,Fall,Social Work,BSW,Undergraduate,Male,Black,22,In-state,No,Yes,6904.0,30,30,100.0,89.8,77.1,4,1,1,3.76,Low,0.825,Yes,0.779,Yes
S00545,2025,Fall,Nutrition,MS Nutrition,Graduate,Female,Black,34,In-state,Yes,Yes,554.0,24,24,100.0,96.8,72.2,3,0,2,2.85,Low,0.786,No,0.547,Yes
S00546,2023,Fall,Social Work,BSW,Undergraduate,Male,Black,24,In-state,No,Yes,5931.0,27,21,79.3,100.0,83.9,1,0,2,1.87,Medium,0.549,No,0.305,Yes
S00547,2026,Spring,Social Work,MSW,Graduate,Male,Other/Unknown,31,Out-of-state,Yes,No,4491.0,24,24,99.9,93.1,66.7,4,4,2,3.58,Low,0.823,Yes,0.703,Yes
S00548,2022,Fall,Data Science,MS Health Data Science,Graduate,Male,Hispanic/Latino,22,Out-of-state,Yes,No,10984.0,27,23,86.8,81.8,74.9,3,1,1,3.0,Low,0.666,No,0.497,Yes
S00549,2022,Spring,Social Work,BSW,Undergraduate,Female,Hispanic/Latino,20,International,No,Yes,4091.0,33,33,100.0,100.0,73.9,4,0,0,2.9,Low,0.783,Yes,0.655,No
S00550,2026,Fall,Data Science,BS Health Data Science,Undergraduate,Male,White,24,In-state,No,Yes,2405.0,32,32,100.0,53.9,73.4,7,2,2,2.76,Medium,0.558,Yes,0.391,Yes
S00551,2025,Spring,Health Administration,BS Health Administration,Undergraduate,Male,White,23,In-state,No,Yes,4898.0,33,33,99.7,93.3,72.0,3,2,2,3.49,Low,0.799,Yes,0.728,No
S00552,2024,Fall,Public Health,MPH,Graduate,Female,Black,35,International,No,Yes,7295.0,18,18,100.0,97.4,57.4,3,2,2,3.6,Low,0.791,Yes,0.656,Yes
S00553,2023,Fall,Nutrition,BS Nutrition,Undergraduate,Male,Hispanic/Latino,25,In-state,No,Yes,0.0,24,19,78.7,97.2,94.2,4,2,1,2.84,Medium,0.8,No,0.613,No
S00554,2022,Fall,Data Science,MS Health Data Science,Graduate,Female,White,31,In-state,Yes,Yes,3429.0,27,25,93.9,69.0,68.5,2,3,3,2.74,High,0.418,No,0.208,No
S00555,2026,Fall,Data Science,BS Health Data Science,Undergraduate,Female,Hispanic/Latino,20,In-state,No,Yes,0.0,31,31,100.0,76.3,49.9,2,0,2,4.0,Low,0.759,Yes,0.66,Yes
S00556,2024,Fall,Public Health,BS Public Health,Undergraduate,Male,Black,23,Out-of-state,Yes,Yes,5276.0,27,26,95.5,85.7,77.4,0,0,2,3.02,Low,0.675,Yes,0.493,Yes
S00557,2022,Fall,Social Work,MSW,Graduate,Female,Hispanic/Latino,35,In-state,No,Yes,8627.0,18,16,91.3,58.3,100.0,5,4,2,3.44,Medium,0.693,Yes,0.552,Yes
S00558,2025,Spring,Social Work,BSW,Undergraduate,Female,Hispanic/Latino,21,Out-of-state,No,Yes,7430.0,31,31,100.0,73.7,91.0,1,2,2,3.9,Low,0.773,Yes,0.729,Yes
S00559,2023,Spring,Public Health,BS Public Health,Undergraduate,Female,White,21,In-state,No,Yes,0.0,33,33,100.0,81.8,91.5,2,1,0,2.15,Medium,0.598,Yes,0.374,No
S00560,2025,Spring,Social Work,BSW,Undergraduate,Female,Asian,22,In-state,Yes,Yes,6412.0,24,24,100.0,82.2,96.6,3,1,1,3.84,Low,0.839,Yes,0.769,Yes
S00561,2023,Spring,Social Work,BSW,Undergraduate,Female,White,18,International,Yes,Yes,6817.0,32,32,100.0,92.7,88.3,5,0,2,4.0,Low,0.882,Yes,0.867,No
S00562,2025,Fall,Public Health,BS Public Health,Undergraduate,Male,Multiracial,20,In-state,No,Yes,5326.0,24,24,100.0,91.2,88.5,2,0,2,3.22,Low,0.785,Yes,0.643,No
S00563,2024,Spring,Health Administration,MHA,Graduate,Female,Hispanic/Latino,26,Out-of-state,No,No,11092.0,27,25,92.4,94.1,71.3,3,2,0,2.84,Medium,0.635,Yes,0.531,No
S00564,2022,Spring,Health Administration,MHA,Graduate,Female,Asian,33,Out-of-state,Yes,Yes,4718.0,24,23,97.2,88.4,54.8,1,0,3,3.4,Low,0.711,Yes,0.531,Yes
S00565,2025,Spring,Social Work,BSW,Undergraduate,Female,White,18,In-state,Yes,No,10407.0,31,28,88.9,83.6,58.8,0,2,2,3.1,Medium,0.506,Yes,0.448,Yes
S00566,2024,Fall,Social Work,BSW,Undergraduate,Male,Asian,22,In-state,No,Yes,0.0,27,24,89.9,77.0,67.3,2,3,2,3.04,Low,0.686,Yes,0.436,Yes
S00567,2024,Spring,Public Health,BS Public Health,Undergraduate,Female,White,22,In-state,No,No,10537.0,30,29,95.9,89.7,42.1,3,1,0,2.54,Medium,0.449,No,0.352,No
S00568,2024,Fall,Social Work,BSW,Undergraduate,Nonbinary,White,18,In-state,No,Yes,3074.0,27,24,90.2,67.6,55.1,3,0,0,3.37,Medium,0.581,Yes,0.442,No
S00569,2022,Spring,Data Science,BS Health Data Science,Undergraduate,Female,White,20,In-state,Yes,Yes,1722.0,33,31,94.1,76.0,93.0,5,2,1,3.29,Low,0.81,No,0.679,Yes
S00570,2026,Fall,Nutrition,BS Nutrition,Undergraduate,Female,White,21,International,No,Yes,2563.0,31,31,100.0,74.2,75.2,8,0,1,3.62,Low,0.83,Yes,0.739,Yes
S00571,2025,Spring,Nutrition,BS Nutrition,Undergraduate,Female,Hispanic/Latino,19,In-state,No,Yes,3883.0,31,31,100.0,76.3,61.6,1,0,3,4.0,Low,0.746,Yes,0.678,Yes
S00572,2023,Fall,Data Science,MS Health Data Science,Graduate,Female,White,26,In-state,No,Yes,2089.0,18,18,100.0,71.3,82.9,3,3,4,3.5,Low,0.777,No,0.559,No
S00573,2023,Fall,Public Health,BS Public Health,Undergraduate,Male,White,21,International,No,Yes,7190.0,31,31,100.0,95.4,65.1,3,1,2,3.06,Low,0.724,Yes,0.609,Yes
S00574,2025,Fall,Data Science,MS Health Data Science,Graduate,Female,Other/Unknown,29,In-state,No,No,4981.0,30,30,100.0,91.7,83.2,2,2,2,4.0,Low,0.862,Yes,0.816,Yes
S00575,2024,Fall,Nutrition,BS Nutrition,Undergraduate,Female,Other/Unknown,21,In-state,Yes,Yes,7248.0,24,19,77.5,70.7,50.7,2,1,2,3.36,Medium,0.52,No,0.394,Yes
S00576,2026,Spring,Nutrition,MS Nutrition,Graduate,Male,White,32,In-state,No,Yes,6123.0,24,19,80.4,79.9,58.4,2,1,3,3.18,Medium,0.598,No,0.43,No
S00577,2025,Fall,Health Administration,MHA,Graduate,Female,White,33,Out-of-state,No,No,8902.0,24,24,100.0,90.9,82.7,4,0,3,3.57,Low,0.823,Yes,0.736,Yes
S00578,2025,Spring,Nutrition,BS Nutrition,Undergraduate,Female,Asian,21,Out-of-state,No,Yes,9159.0,32,31,97.4,82.1,76.6,2,2,2,3.47,Low,0.718,Yes,0.65,Yes
S00579,2025,Fall,Health Administration,MHA,Graduate,Male,White,27,In-state,Yes,Yes,5762.0,30,30,100.0,65.0,43.1,5,3,2,4.0,High,0.548,Yes,0.475,Yes
S00580,2025,Spring,Nutrition,MS Nutrition,Graduate,Female,White,31,In-state,No,Yes,2849.0,24,24,100.0,66.8,62.6,1,0,4,3.68,Medium,0.633,No,0.505,Yes
S00581,2026,Spring,Social Work,BSW,Undergraduate,Female,Multiracial,21,International,No,No,15954.0,31,29,92.6,81.3,72.9,3,2,1,3.24,Low,0.628,Yes,0.583,Yes
S00582,2024,Fall,Nutrition,MS Nutrition,Graduate,Male,Multiracial,28,In-state,No,Yes,6169.0,18,17,95.3,70.8,66.6,1,2,2,3.15,Low,0.614,Yes,0.366,No
S00583,2023,Spring,Health Administration,BS Health Administration,Undergraduate,Male,Black,21,In-state,No,Yes,7529.0,30,27,89.3,77.0,70.7,1,0,1,2.8,Medium,0.511,Yes,0.385,No
S00584,2024,Spring,Health Administration,BS Health Administration,Undergraduate,Female,Hispanic/Latino,20,In-state,Yes,Yes,8560.0,32,32,98.7,81.7,69.9,0,0,1,2.73,Medium,0.491,Yes,0.402,Yes
S00585,2024,Fall,Nutrition,BS Nutrition,Undergraduate,Female,Black,20,In-state,No,Yes,3893.0,27,24,89.5,62.3,67.5,3,2,1,2.58,Medium,0.459,No,0.264,No
S00586,2023,Fall,Health Administration,BS Health Administration,Undergraduate,Male,White,19,In-state,Yes,No,11835.0,31,31,100.0,70.9,87.1,2,1,0,3.54,Medium,0.629,Yes,0.637,No
S00587,2025,Fall,Data Science,MS Health Data Science,Graduate,Female,Hispanic/Latino,27,In-state,No,Yes,5208.0,24,24,100.0,93.2,78.0,5,1,2,3.51,Low,0.846,Yes,0.737,Yes
S00588,2023,Fall,Data Science,MS Health Data Science,Graduate,Female,Hispanic/Latino,33,Out-of-state,No,Yes,12355.0,30,29,96.2,76.0,42.7,1,0,2,3.12,Medium,0.431,No,0.377,Yes
S00589,2023,Spring,Public Health,BS Public Health,Undergraduate,Female,White,18,International,No,No,11044.0,32,32,100.0,69.5,74.8,3,2,0,4.0,Medium,0.676,Yes,0.72,Yes
S00590,2024,Spring,Public Health,MPH,Graduate,Female,White,34,In-state,No,No,10578.0,21,21,100.0,76.4,77.8,3,1,1,3.54,Medium,0.674,No,0.601,No
S00591,2025,Fall,Social Work,BSW,Undergraduate,Female,White,23,In-state,Yes,Yes,5239.0,32,31,98.1,76.0,55.6,2,1,1,2.56,Medium,0.456,No,0.315,Yes
S00592,2022,Spring,Public Health,BS Public Health,Undergraduate,Male,White,21,Out-of-state,Yes,Yes,6257.0,27,25,93.8,67.9,32.3,2,4,3,3.77,High,0.405,No,0.313,Yes
S00593,2025,Spring,Nutrition,BS Nutrition,Undergraduate,Female,Multiracial,21,In-state,No,Yes,996.0,30,29,96.3,85.7,65.8,4,0,2,2.88,Low,0.724,Yes,0.512,Yes
S00594,2023,Spring,Health Administration,BS Health Administration,Undergraduate,Male,Black,18,In-state,Yes,No,4315.0,24,18,75.8,95.1,71.7,2,0,2,2.62,Medium,0.633,No,0.418,No
S00595,2022,Fall,Health Administration,BS Health Administration,Undergraduate,Female,White,18,In-state,Yes,Yes,2002.0,33,27,83.2,64.5,51.0,3,1,1,2.37,High,0.298,No,0.125,No
S00596,2023,Fall,Public Health,BS Public Health,Undergraduate,Male,Other/Unknown,22,Out-of-state,No,Yes,6356.0,24,24,100.0,98.0,83.7,1,2,1,2.72,Low,0.717,Yes,0.521,No
S00597,2022,Spring,Public Health,BS Public Health,Undergraduate,Male,White,19,In-state,Yes,Yes,5182.0,30,28,91.9,81.1,63.7,1,1,0,2.74,Low,0.584,No,0.377,No
S00598,2025,Spring,Health Administration,MHA,Graduate,Male,Other/Unknown,22,Out-of-state,No,Yes,14715.0,18,18,100.0,58.1,40.7,4,1,4,3.93,High,0.384,Yes,0.322,Yes
S00599,2022,Fall,Health Administration,BS Health Administration,Undergraduate,Male,Hispanic/Latino,23,In-state,No,Yes,1196.0,24,23,96.5,75.9,88.4,1,3,1,3.31,Low,0.751,No,0.548,Yes
S00600,2025,Fall,Social Work,BSW,Undergraduate,Male,White,19,International,No,No,9216.0,31,31,100.0,83.1,56.3,1,2,3,3.38,Low,0.63,Yes,0.547,No
S00601,2023,Fall,Public Health,BS Public Health,Undergraduate,Female,Hispanic/Latino,24,In-state,Yes,Yes,1419.0,33,33,100.0,90.3,79.3,3,0,1,3.3,Low,0.808,Yes,0.694,Yes
S00602,2022,Fall,Social Work,MSW,Graduate,Female,Hispanic/Latino,22,In-state,No,Yes,9225.0,24,24,100.0,78.1,79.1,2,1,4,3.93,Low,0.779,Yes,0.705,Yes
S00603,2026,Spring,Data Science,MS Health Data Science,Graduate,Female,Asian,38,In-state,No,Yes,2909.0,27,27,100.0,91.2,63.0,3,3,1,4.0,Low,0.846,Yes,0.768,Yes
S00604,2026,Fall,Public Health,BS Public Health,Undergraduate,Female,Asian,20,Out-of-state,No,No,11370.0,30,26,86.7,87.6,71.0,3,1,2,3.29,Low,0.702,Yes,0.612,No
S00605,2023,Fall,Health Administration,BS Health Administration,Undergraduate,Female,Hispanic/Latino,21,In-state,No,No,7771.0,24,24,100.0,83.8,64.3,0,3,2,3.45,Low,0.664,No,0.535,No
S00606,2026,Spring,Nutrition,MS Nutrition,Graduate,Female,Hispanic/Latino,26,Out-of-state,No,No,11228.0,30,28,92.3,54.1,40.5,3,0,3,2.08,High,0.153,No,0.067,No
S00607,2024,Fall,Data Science,BS Health Data Science,Undergraduate,Female,White,22,In-state,Yes,Yes,8745.0,31,28,89.5,69.4,71.1,1,0,1,2.05,High,0.249,No,0.118,No
S00608,2022,Spring,Social Work,MSW,Graduate,Male,Asian,32,In-state,No,Yes,6555.0,27,27,100.0,83.8,65.5,0,0,1,3.25,Low,0.668,Yes,0.505,Yes
S00609,2025,Spring,Public Health,BS Public Health,Undergraduate,Male,Asian,19,In-state,Yes,Yes,8627.0,30,27,89.3,82.8,76.4,2,0,3,3.13,Low,0.679,Yes,0.546,No
S00610,2023,Fall,Nutrition,BS Nutrition,Undergraduate,Male,White,23,Out-of-state,Yes,No,8373.0,24,23,96.2,90.1,49.2,1,1,1,2.43,Low,0.502,Yes,0.285,Yes
S00611,2023,Spring,Data Science,BS Health Data Science,Undergraduate,Female,Multiracial,24,In-state,No,Yes,4735.0,30,30,100.0,100.0,100.0,4,2,1,3.64,Low,0.892,Yes,0.848,Yes
S00612,2023,Fall,Data Science,MS Health Data Science,Graduate,Female,Hispanic/Latino,22,In-state,No,No,8513.0,27,27,100.0,97.8,47.3,3,2,4,3.96,Low,0.798,Yes,0.751,Yes
S00613,2023,Fall,Health Administration,BS Health Administration,Undergraduate,Male,White,21,Out-of-state,Yes,Yes,4426.0,30,26,87.2,96.7,93.2,0,0,1,2.84,Medium,0.703,Yes,0.57,No
S00614,2024,Spring,Public Health,BS Public Health,Undergraduate,Female,Black,19,In-state,Yes,Yes,0.0,30,30,100.0,100.0,63.9,2,3,3,3.3,Low,0.804,No,0.666,Yes
S00615,2022,Fall,Social Work,BSW,Undergraduate,Female,White,22,In-state,Yes,No,3661.0,31,29,94.2,83.4,77.2,4,0,1,3.39,Low,0.786,No,0.665,No
S00616,2025,Fall,Social Work,BSW,Undergraduate,Female,White,21,Out-of-state,Yes,No,14465.0,24,24,100.0,80.1,76.8,2,0,0,3.09,Low,0.607,Yes,0.501,Yes
S00617,2026,Fall,Nutrition,BS Nutrition,Undergraduate,Female,Black,22,In-state,No,Yes,3383.0,32,32,100.0,89.9,77.0,4,2,1,3.24,Low,0.795,Yes,0.683,Yes
S00618,2025,Spring,Health Administration,BS Health Administration,Undergraduate,Male,Hispanic/Latino,18,In-state,No,No,11912.0,32,31,95.8,88.3,38.2,0,0,1,2.93,Medium,0.416,Yes,0.379,Yes
S00619,2025,Spring,Data Science,MS Health Data Science,Graduate,Female,White,36,In-state,No,No,6696.0,21,21,100.0,71.4,87.3,1,2,2,3.76,Low,0.757,Yes,0.619,No
S00620,2023,Spring,Nutrition,MS Nutrition,Graduate,Male,White,28,In-state,Yes,Yes,5503.0,24,20,85.3,90.4,63.2,4,0,1,3.51,Low,0.793,No,0.641,Yes
S00621,2026,Fall,Nutrition,BS Nutrition,Undergraduate,Female,Hispanic/Latino,20,In-state,Yes,Yes,5638.0,32,32,100.0,71.1,59.9,3,2,3,2.75,Medium,0.491,Yes,0.368,No
S00622,2026,Fall,Health Administration,BS Health Administration,Undergraduate,Nonbinary,Asian,19,In-state,No,Yes,11526.0,33,33,100.0,90.8,76.1,5,3,3,4.0,Low,0.834,Yes,0.843,Yes
S00623,2025,Spring,Health Administration,MHA,Graduate,Nonbinary,Other/Unknown,31,In-state,No,Yes,8542.0,27,24,88.8,76.8,54.1,2,1,3,3.11,Low,0.592,Yes,0.407,No
S00624,2024,Fall,Nutrition,BS Nutrition,Undergraduate,Male,Black,19,Out-of-state,Yes,Yes,5348.0,27,25,92.5,82.9,66.4,2,0,0,1.99,Medium,0.438,No,0.231,Yes
S00625,2023,Spring,Social Work,BSW,Undergraduate,Male,Hispanic/Latino,19,International,No,Yes,5444.0,31,31,100.0,85.8,84.4,3,0,2,3.27,Low,0.773,No,0.666,Yes
S00626,2024,Fall,Health Administration,MHA,Graduate,Female,Other/Unknown,35,In-state,No,No,8618.0,21,21,100.0,90.8,71.6,5,2,2,3.58,Low,0.814,Yes,0.708,Yes
S00627,2023,Fall,Data Science,BS Health Data Science,Undergraduate,Female,White,23,In-state,No,No,8421.0,33,33,100.0,91.8,100.0,2,2,1,3.68,Low,0.838,Yes,0.812,No
S00628,2022,Spring,Social Work,MSW,Graduate,Female,Black,32,In-state,No,No,9694.0,18,17,96.3,82.4,76.5,5,0,3,3.36,Low,0.763,Yes,0.603,Yes
S00629,2024,Spring,Health Administration,BS Health Administration,Undergraduate,Female,Asian,23,International,Yes,Yes,8445.0,27,26,95.6,80.3,84.7,3,1,2,2.61,Low,0.637,No,0.438,No
S00630,2025,Spring,Data Science,BS Health Data Science,Undergraduate,Female,Multiracial,18,In-state,Yes,Yes,6428.0,33,33,100.0,87.4,100.0,3,2,2,3.1,Low,0.791,Yes,0.695,Yes
S00631,2025,Fall,Health Administration,MHA,Graduate,Male,Hispanic/Latino,22,Out-of-state,No,Yes,6531.0,30,29,97.1,87.3,81.6,2,1,2,2.52,Low,0.666,Yes,0.445,No
S00632,2025,Fall,Nutrition,MS Nutrition,Graduate,Male,Hispanic/Latino,32,In-state,Yes,No,10954.0,18,18,98.2,95.7,92.5,2,3,3,2.99,Low,0.76,Yes,0.59,No
S00633,2025,Spring,Data Science,BS Health Data Science,Undergraduate,Female,White,20,Out-of-state,No,Yes,4265.0,33,33,99.3,86.4,35.7,1,0,2,3.29,Low,0.612,Yes,0.483,No
S00634,2025,Spring,Public Health,MS Epidemiology,Graduate,Female,White,32,In-state,No,No,6434.0,18,18,100.0,69.3,48.8,1,2,2,3.06,Medium,0.465,No,0.287,No
S00635,2026,Fall,Data Science,BS Health Data Science,Undergraduate,Female,Hispanic/Latino,24,In-state,No,Yes,4705.0,31,27,85.6,79.1,45.5,2,1,1,1.68,Medium,0.31,No,0.134,No
S00636,2023,Spring,Nutrition,BS Nutrition,Undergraduate,Female,White,23,In-state,No,No,2984.0,32,32,100.0,100.0,85.7,3,4,2,3.21,Low,0.834,Yes,0.736,Yes
S00637,2026,Fall,Health Administration,BS Health Administration,Undergraduate,Female,Asian,20,In-state,No,Yes,4412.0,27,27,100.0,73.5,94.2,1,3,3,3.23,Low,0.721,Yes,0.556,Yes
S00638,2022,Spring,Data Science,BS Health Data Science,Undergraduate,Male,Black,22,Out-of-state,Yes,Yes,571.0,31,24,78.2,78.3,76.6,0,1,0,2.16,High,0.375,No,0.145,No
S00639,2023,Fall,Health Administration,BS Health Administration,Undergraduate,Female,Black,24,In-state,No,Yes,3938.0,30,27,91.0,76.9,77.5,0,2,3,2.93,Medium,0.57,Yes,0.42,No
S00640,2022,Fall,Data Science,MS Health Data Science,Graduate,Male,White,24,In-state,No,Yes,7111.0,18,18,100.0,93.2,74.7,6,2,1,3.63,Low,0.851,Yes,0.74,Yes
S00641,2025,Fall,Public Health,BS Public Health,Undergraduate,Female,White,22,In-state,No,No,13235.0,32,32,100.0,93.9,82.9,3,1,1,3.38,Low,0.759,Yes,0.735,Yes
S00642,2026,Spring,Data Science,MS Health Data Science,Graduate,Male,White,22,In-state,No,Yes,6624.0,24,24,100.0,84.1,89.9,1,2,1,4.0,Low,0.834,Yes,0.762,Yes
S00643,2026,Fall,Data Science,BS Health Data Science,Undergraduate,Female,Hispanic/Latino,18,In-state,No,Yes,6981.0,33,25,76.0,62.0,57.1,1,1,1,2.27,High,0.222,No,0.096,No
S00644,2022,Spring,Social Work,BSW,Undergraduate,Female,White,19,In-state,No,Yes,4401.0,31,28,90.8,68.2,61.4,2,0,0,2.7,Medium,0.464,Yes,0.305,No
S00645,2026,Fall,Nutrition,MS Nutrition,Graduate,Male,Hispanic/Latino,31,In-state,No,No,7562.0,18,18,100.0,79.6,58.2,3,3,3,3.46,Low,0.699,Yes,0.515,Yes
S00646,2024,Spring,Social Work,BSW,Undergraduate,Nonbinary,Black,21,In-state,Yes,Yes,4571.0,33,33,100.0,82.9,64.7,5,3,2,3.88,Low,0.815,Yes,0.768,Yes
S00647,2023,Spring,Public Health,MS Epidemiology,Graduate,Female,White,34,In-state,No,Yes,4933.0,27,25,93.8,72.5,59.3,1,0,1,3.77,Low,0.7,Yes,0.557,Yes
S00648,2025,Spring,Social Work,BSW,Undergraduate,Female,Black,22,International,No,Yes,7120.0,33,33,100.0,81.8,67.6,4,0,3,3.07,Low,0.687,No,0.569,Yes
S00649,2025,Fall,Social Work,MSW,Graduate,Female,Hispanic/Latino,31,In-state,Yes,Yes,1267.0,24,21,85.4,74.5,77.5,3,2,3,2.66,Medium,0.618,No,0.363,No
S00650,2026,Fall,Nutrition,BS Nutrition,Undergraduate,Male,Asian,19,In-state,Yes,Yes,5416.0,32,32,100.0,89.7,84.9,2,3,2,4.0,Low,0.848,Yes,0.819,Yes
S00651,2023,Fall,Public Health,MS Epidemiology,Graduate,Male,White,30,In-state,Yes,Yes,0.0,27,27,100.0,92.5,72.8,1,2,1,4.0,Low,0.861,Yes,0.77,Yes
S00652,2026,Fall,Social Work,BSW,Undergraduate,Male,White,23,Out-of-state,No,No,7597.0,27,27,100.0,97.9,100.0,3,2,2,2.62,Low,0.769,Yes,0.608,Yes
S00653,2024,Fall,Public Health,MPH,Graduate,Female,Hispanic/Latino,30,In-state,Yes,Yes,8248.0,21,18,85.8,80.5,67.3,3,1,3,2.78,Low,0.626,No,0.375,No
S00654,2023,Spring,Health Administration,BS Health Administration,Undergraduate,Female,White,23,In-state,Yes,No,7515.0,31,30,97.8,89.4,79.6,3,2,1,3.95,Low,0.831,Yes,0.803,No
S00655,2025,Fall,Data Science,MS Health Data Science,Graduate,Male,Hispanic/Latino,31,In-state,No,No,9624.0,21,21,100.0,100.0,80.2,4,2,2,4.0,Low,0.875,Yes,0.832,No
S00656,2022,Fall,Data Science,BS Health Data Science,Undergraduate,Male,Asian,19,In-state,No,No,7783.0,33,30,92.2,81.7,96.8,4,0,2,3.35,Low,0.794,No,0.712,Yes
S00657,2024,Spring,Data Science,BS Health Data Science,Undergraduate,Female,White,18,In-state,Yes,No,10447.0,27,27,100.0,93.1,54.1,2,2,1,3.71,Low,0.726,Yes,0.678,No
S00658,2022,Fall,Nutrition,BS Nutrition,Undergraduate,Male,White,23,Out-of-state,No,Yes,1253.0,33,33,100.0,97.9,69.8,6,4,2,4.0,Low,0.898,Yes,0.864,Yes
S00659,2026,Spring,Nutrition,BS Nutrition,Undergraduate,Male,White,22,In-state,No,Yes,5273.0,32,32,100.0,100.0,71.8,2,3,0,2.96,Low,0.748,Yes,0.621,Yes
S00660,2022,Spring,Public Health,BS Public Health,Undergraduate,Male,Hispanic/Latino,24,In-state,No,Yes,2068.0,30,30,100.0,91.4,75.6,2,2,0,3.87,Low,0.842,Yes,0.775,No
S00661,2025,Fall,Health Administration,MHA,Graduate,Female,Black,25,In-state,No,Yes,5425.0,24,23,96.2,74.6,72.1,1,5,1,3.15,Low,0.657,Yes,0.441,Yes
S00662,2024,Spring,Data Science,BS Health Data Science,Undergraduate,Male,Black,18,In-state,No,Yes,564.0,27,26,96.2,85.8,72.7,0,3,1,3.4,Low,0.75,Yes,0.575,Yes
S00663,2025,Spring,Data Science,BS Health Data Science,Undergraduate,Female,White,21,In-state,No,Yes,3075.0,33,33,100.0,95.4,94.6,5,1,4,2.96,Low,0.837,Yes,0.723,No
S00664,2023,Spring,Nutrition,MS Nutrition,Graduate,Male,White,27,Out-of-state,No,No,7077.0,21,19,90.6,89.9,68.7,2,0,2,3.6,Low,0.777,Yes,0.636,No
S00665,2023,Fall,Social Work,MSW,Graduate,Male,Hispanic/Latino,35,In-state,No,Yes,3443.0,18,18,100.0,85.2,81.3,5,3,2,4.0,Low,0.877,Yes,0.777,Yes
S00666,2025,Fall,Data Science,BS Health Data Science,Undergraduate,Male,White,20,Out-of-state,No,No,12591.0,31,30,96.4,98.4,68.5,2,2,0,2.65,Medium,0.565,Yes,0.508,Yes
S00667,2022,Spring,Health Administration,MHA,Graduate,Male,White,24,In-state,No,No,6606.0,27,27,98.6,78.8,98.6,2,2,2,3.69,Low,0.818,Yes,0.729,Yes
S00668,2023,Spring,Data Science,BS Health Data Science,Undergraduate,Female,Black,20,In-state,Yes,No,8773.0,32,28,88.9,77.9,49.4,2,1,1,2.24,High,0.266,No,0.139,Yes
S00669,2022,Spring,Public Health,MS Epidemiology,Graduate,Female,Black,34,In-state,Yes,No,9021.0,27,26,95.5,79.5,71.6,3,1,2,3.06,Low,0.67,Yes,0.503,Yes
S00670,2022,Spring,Nutrition,BS Nutrition,Undergraduate,Male,White,19,Out-of-state,No,No,7487.0,31,31,100.0,71.6,88.2,2,1,1,2.71,Medium,0.547,Yes,0.43,No
S00671,2022,Spring,Nutrition,BS Nutrition,Undergraduate,Female,White,21,In-state,No,Yes,2034.0,27,25,91.2,89.5,65.8,3,0,1,2.99,Low,0.732,No,0.523,No
S00672,2024,Fall,Social Work,BSW,Undergraduate,Female,Black,23,In-state,Yes,Yes,1225.0,27,19,70.8,66.6,52.3,0,1,3,1.42,High,0.165,Yes,0.035,No
S00673,2026,Fall,Nutrition,BS Nutrition,Undergraduate,Female,Black,23,International,Yes,Yes,4548.0,32,28,86.7,76.7,69.2,2,1,5,2.86,Medium,0.562,No,0.417,No
S00674,2026,Spring,Health Administration,MHA,Graduate,Female,White,32,In-state,Yes,Yes,6249.0,30,27,90.3,82.8,39.0,3,0,2,2.37,High,0.33,Yes,0.161,No
S00675,2025,Spring,Social Work,BSW,Undergraduate,Female,White,21,International,No,Yes,14185.0,32,29,90.8,83.1,49.9,4,2,3,3.14,Low,0.582,No,0.51,No
S00676,2023,Fall,Social Work,BSW,Undergraduate,Male,White,22,In-state,No,No,6224.0,24,20,81.6,96.4,64.9,2,3,2,2.78,Medium,0.624,Yes,0.456,No
S00677,2025,Spring,Nutrition,BS Nutrition,Undergraduate,Female,Black,19,In-state,Yes,Yes,844.0,27,23,86.6,79.1,77.9,3,1,0,3.91,Low,0.83,Yes,0.713,Yes
S00678,2026,Fall,Social Work,MSW,Graduate,Female,White,22,Out-of-state,No,No,7962.0,18,18,100.0,85.3,57.6,5,4,3,3.45,Low,0.75,No,0.585,Yes
S00679,2022,Fall,Health Administration,BS Health Administration,Undergraduate,Male,Other/Unknown,21,In-state,No,Yes,5526.0,24,22,91.0,80.1,68.8,2,1,1,2.9,Low,0.636,Yes,0.412,Yes
S00680,2023,Fall,Data Science,MS Health Data Science,Graduate,Male,White,36,In-state,No,Yes,5688.0,27,27,100.0,70.7,73.4,4,3,5,3.22,Low,0.703,Yes,0.524,No
S00681,2025,Fall,Health Administration,MHA,Graduate,Nonbinary,Multiracial,39,In-state,No,Yes,3760.0,18,18,100.0,89.8,77.4,2,2,2,4.0,Low,0.853,Yes,0.744,Yes
S00682,2022,Spring,Nutrition,MS Nutrition,Graduate,Female,White,37,In-state,No,Yes,7568.0,21,19,92.5,94.9,98.6,4,2,3,2.49,Low,0.768,Yes,0.524,No
S00683,2025,Fall,Health Administration,BS Health Administration,Undergraduate,Male,White,18,In-state,No,Yes,4430.0,27,27,100.0,81.7,83.0,4,0,2,2.81,Low,0.719,Yes,0.518,Yes
S00684,2023,Spring,Public Health,BS Public Health,Undergraduate,Male,Black,22,In-state,No,No,7697.0,27,27,100.0,76.7,74.1,1,2,3,3.19,Low,0.642,Yes,0.496,No
S00685,2023,Spring,Health Administration,MHA,Graduate,Male,Asian,30,In-state,Yes,Yes,601.0,30,30,100.0,100.0,81.3,3,2,2,3.84,Low,0.895,Yes,0.829,Yes
S00686,2025,Spring,Public Health,BS Public Health,Undergraduate,Female,Hispanic/Latino,23,In-state,No,Yes,6046.0,30,30,100.0,91.3,63.2,4,2,2,4.0,Low,0.829,No,0.795,Yes
S00687,2022,Spring,Nutrition,BS Nutrition,Undergraduate,Female,White,18,In-state,No,Yes,2501.0,24,18,74.6,55.4,40.7,0,2,0,1.62,High,0.125,No,0.028,No
S00688,2023,Fall,Data Science,MS Health Data Science,Graduate,Male,Multiracial,29,Out-of-state,No,No,6213.0,30,30,100.0,79.7,63.8,1,4,2,3.38,Low,0.683,Yes,0.547,Yes
S00689,2026,Spring,Public Health,BS Public Health,Undergraduate,Male,White,20,Out-of-state,Yes,Yes,6972.0,27,25,93.0,77.2,83.6,3,0,0,3.3,Low,0.728,Yes,0.588,No
S00690,2025,Fall,Health Administration,BS Health Administration,Undergraduate,Male,Black,18,In-state,Yes,Yes,936.0,27,24,87.3,71.3,67.3,2,2,0,2.95,Low,0.637,No,0.38,Yes
S00691,2025,Spring,Nutrition,MS Nutrition,Graduate,Male,Black,38,In-state,Yes,Yes,3400.0,21,21,98.5,87.5,84.3,1,1,2,3.54,Low,0.809,Yes,0.651,No
S00692,2023,Spring,Nutrition,BS Nutrition,Undergraduate,Male,White,23,Out-of-state,No,Yes,5870.0,32,32,100.0,74.3,55.1,3,1,2,2.72,Medium,0.485,No,0.365,Yes
S00693,2025,Fall,Social Work,MSW,Graduate,Male,Black,31,In-state,No,No,6010.0,21,21,100.0,85.0,62.5,4,1,3,2.89,Low,0.689,Yes,0.452,Yes
S00694,2024,Fall,Nutrition,MS Nutrition,Graduate,Female,Hispanic/Latino,38,In-state,Yes,No,13308.0,30,29,95.2,87.5,77.8,1,2,3,2.69,Medium,0.537,Yes,0.456,Yes
S00695,2024,Spring,Health Administration,BS Health Administration,Undergraduate,Female,White,21,Out-of-state,No,No,11758.0,32,32,100.0,83.2,43.0,3,0,0,3.53,Medium,0.564,Yes,0.586,No
S00696,2022,Spring,Public Health,BS Public Health,Undergraduate,Female,Black,24,In-state,No,Yes,3510.0,32,28,86.8,83.2,88.5,1,0,1,3.44,Low,0.778,Yes,0.654,Yes
S00697,2025,Fall,Social Work,MSW,Graduate,Male,Black,22,Out-of-state,No,Yes,5398.0,30,30,98.3,91.7,74.9,4,1,3,3.65,Low,0.837,Yes,0.762,No
S00698,2023,Fall,Nutrition,MS Nutrition,Graduate,Female,White,37,In-state,Yes,No,7193.0,24,24,100.0,90.6,59.7,2,2,2,3.57,Low,0.752,Yes,0.63,No
S00699,2022,Fall,Public Health,MS Epidemiology,Graduate,Female,White,32,In-state,No,No,6363.0,30,30,100.0,81.7,55.5,4,0,2,4.0,Low,0.791,No,0.733,Yes
S00700,2024,Spring,Social Work,BSW,Undergraduate,Female,White,18,In-state,No,Yes,5492.0,27,27,100.0,100.0,68.5,2,2,2,2.89,Low,0.729,No,0.563,Yes
S00701,2024,Fall,Data Science,BS Health Data Science,Undergraduate,Female,Asian,19,Out-of-state,Yes,Yes,7539.0,31,27,86.0,94.3,67.7,2,2,1,3.12,Low,0.715,No,0.584,Yes
S00702,2026,Spring,Nutrition,BS Nutrition,Undergraduate,Female,Asian,23,In-state,Yes,No,9981.0,32,32,100.0,90.4,68.1,0,0,3,3.03,Medium,0.569,No,0.53,No
S00703,2023,Fall,Health Administration,BS Health Administration,Undergraduate,Female,White,18,Out-of-state,No,No,4533.0,27,27,100.0,77.0,49.4,3,0,1,2.51,Medium,0.459,No,0.287,No
S00704,2023,Fall,Data Science,BS Health Data Science,Undergraduate,Female,Hispanic/Latino,21,In-state,No,Yes,1006.0,32,31,97.2,92.8,77.4,6,1,0,2.73,Low,0.794,Yes,0.61,Yes
S00705,2024,Spring,Social Work,MSW,Graduate,Female,Black,29,International,No,No,7502.0,27,25,94.1,76.9,74.8,2,0,2,3.34,Low,0.702,No,0.546,No
S00706,2023,Fall,Public Health,BS Public Health,Undergraduate,Female,Hispanic/Latino,22,In-state,No,No,3586.0,30,27,89.3,100.0,73.4,1,3,2,3.54,Low,0.814,No,0.715,Yes
S00707,2024,Fall,Data Science,MS Health Data Science,Graduate,Male,Asian,27,Out-of-state,No,Yes,8605.0,21,18,86.9,44.3,63.3,4,1,4,2.55,Medium,0.34,No,0.165,No
S00708,2022,Spring,Data Science,MS Health Data Science,Graduate,Female,White,32,Out-of-state,Yes,Yes,9334.0,18,18,99.2,68.7,62.0,1,1,0,3.88,Medium,0.61,No,0.531,No
S00709,2022,Spring,Social Work,BSW,Undergraduate,Nonbinary,Hispanic/Latino,18,In-state,Yes,Yes,5329.0,24,21,87.7,88.9,65.1,3,2,2,2.86,Low,0.682,Yes,0.457,Yes
S00710,2022,Fall,Data Science,MS Health Data Science,Graduate,Female,Multiracial,37,In-state,No,No,7183.0,18,17,96.9,56.5,66.7,0,2,1,3.54,Medium,0.508,No,0.36,No
S00711,2023,Spring,Nutrition,BS Nutrition,Undergraduate,Male,White,20,In-state,Yes,Yes,3267.0,30,28,94.2,90.2,100.0,3,0,3,3.03,Low,0.814,Yes,0.669,Yes
S00712,2024,Spring,Health Administration,BS Health Administration,Undergraduate,Male,White,21,Out-of-state,No,Yes,6576.0,27,23,85.7,75.7,74.2,5,0,0,2.2,Medium,0.508,Yes,0.298,No
S00713,2025,Spring,Data Science,BS Health Data Science,Undergraduate,Male,Asian,21,In-state,No,Yes,4534.0,33,33,99.1,85.3,75.9,2,0,4,3.49,Low,0.768,Yes,0.682,Yes
S00714,2025,Fall,Public Health,BS Public Health,Undergraduate,Female,Black,22,Out-of-state,Yes,No,11148.0,30,27,90.6,74.7,60.8,0,1,2,2.67,High,0.289,No,0.186,No
S00715,2024,Spring,Health Administration,MHA,Graduate,Male,White,22,In-state,No,Yes,5084.0,24,24,99.9,83.9,78.5,3,1,2,3.6,Low,0.803,Yes,0.676,No
S00716,2022,Spring,Data Science,BS Health Data Science,Undergraduate,Female,White,21,In-state,No,Yes,3444.0,27,27,98.4,72.0,83.5,2,1,2,3.0,Low,0.676,Yes,0.469,Yes
S00717,2025,Spring,Public Health,BS Public Health,Undergraduate,Female,Hispanic/Latino,18,In-state,Yes,Yes,3744.0,30,30,100.0,78.7,72.4,4,2,1,4.0,Low,0.821,Yes,0.763,Yes
S00718,2026,Spring,Nutrition,BS Nutrition,Undergraduate,Female,Black,18,In-state,No,Yes,6755.0,27,27,100.0,72.1,79.4,0,4,2,4.0,Medium,0.687,Yes,0.671,Yes
S00719,2022,Fall,Social Work,MSW,Graduate,Female,White,42,In-state,Yes,Yes,2158.0,30,30,100.0,83.9,76.8,4,0,3,4.0,Low,0.863,Yes,0.796,Yes
S00720,2026,Fall,Data Science,BS Health Data Science,Undergraduate,Female,Hispanic/Latino,20,In-state,No,Yes,0.0,30,23,78.1,64.5,79.2,1,3,2,3.17,Medium,0.606,No,0.409,No
S00721,2022,Spring,Social Work,BSW,Undergraduate,Female,White,19,In-state,Yes,Yes,5298.0,24,22,91.8,77.6,80.7,2,0,3,3.01,Low,0.68,No,0.468,No
S00722,2026,Spring,Data Science,BS Health Data Science,Undergraduate,Male,Asian,21,In-state,Yes,Yes,791.0,33,33,100.0,71.6,84.4,3,4,3,4.0,Low,0.829,Yes,0.76,Yes
S00723,2023,Spring,Nutrition,BS Nutrition,Undergraduate,Male,Black,18,Out-of-state,No,Yes,4582.0,32,32,100.0,80.2,55.9,5,4,4,2.45,Low,0.59,Yes,0.372,No
S00724,2024,Spring,Public Health,MS Epidemiology,Graduate,Female,White,41,In-state,No,No,5848.0,30,30,100.0,82.3,78.7,2,0,1,3.19,Low,0.731,Yes,0.583,Yes
S00725,2023,Spring,Health Administration,BS Health Administration,Undergraduate,Female,White,21,In-state,No,Yes,5643.0,27,21,78.5,96.5,56.7,1,3,2,2.38,Medium,0.52,No,0.319,No
S00726,2024,Fall,Health Administration,BS Health Administration,Undergraduate,Female,White,22,In-state,No,Yes,927.0,32,30,95.2,76.2,62.7,3,1,4,3.33,Low,0.718,Yes,0.548,Yes
S00727,2026,Spring,Public Health,MS Epidemiology,Graduate,Female,Asian,38,In-state,No,Yes,7150.0,24,24,100.0,80.2,69.4,2,3,0,3.38,Low,0.711,Yes,0.554,Yes
S00728,2026,Fall,Health Administration,BS Health Administration,Undergraduate,Male,Black,23,In-state,No,No,7717.0,32,32,100.0,77.3,88.6,4,1,1,3.65,Low,0.792,Yes,0.74,No
S00729,2025,Fall,Data Science,BS Health Data Science,Undergraduate,Male,White,22,In-state,No,No,10945.0,32,32,100.0,85.5,94.6,5,4,1,4.0,Low,0.856,Yes,0.856,Yes
S00730,2023,Fall,Health Administration,MHA,Graduate,Female,Black,34,In-state,No,Yes,0.0,18,16,90.3,80.6,55.8,2,0,4,3.43,Low,0.738,Yes,0.474,Yes
S00731,2025,Spring,Data Science,BS Health Data Science,Undergraduate,Male,White,18,International,No,No,10572.0,32,29,92.2,79.6,82.2,1,4,0,2.9,Medium,0.551,Yes,0.479,Yes
S00732,2023,Spring,Data Science,MS Health Data Science,Graduate,Male,Hispanic/Latino,37,International,No,No,10836.0,30,25,83.4,71.3,50.6,1,0,4,3.0,Medium,0.429,No,0.326,No
S00733,2024,Fall,Nutrition,BS Nutrition,Undergraduate,Female,Hispanic/Latino,21,In-state,No,No,10266.0,33,30,92.1,84.7,92.5,6,2,1,3.28,Low,0.798,Yes,0.733,Yes
S00734,2025,Spring,Data Science,MS Health Data Science,Graduate,Female,Hispanic/Latino,36,International,No,Yes,6751.0,24,22,92.0,73.1,63.4,2,0,2,3.74,Low,0.712,Yes,0.568,Yes
S00735,2026,Spring,Health Administration,MHA,Graduate,Female,White,27,In-state,Yes,No,290.0,24,24,100.0,82.6,32.3,2,1,1,3.5,Low,0.686,Yes,0.47,No
S00736,2023,Spring,Data Science,BS Health Data Science,Undergraduate,Female,White,23,In-state,Yes,Yes,3190.0,31,31,100.0,76.6,72.7,4,0,3,3.56,Low,0.772,No,0.664,Yes
S00737,2025,Spring,Social Work,BSW,Undergraduate,Male,White,21,In-state,Yes,Yes,9856.0,31,30,97.7,100.0,100.0,7,4,1,2.46,Medium,0.755,Yes,0.671,No
S00738,2022,Spring,Public Health,MPH,Graduate,Female,Black,23,International,No,Yes,10699.0,21,17,81.0,88.6,95.9,0,0,0,3.61,Medium,0.741,Yes,0.67,Yes
S00739,2022,Fall,Social Work,BSW,Undergraduate,Male,White,20,International,Yes,Yes,5844.0,31,29,93.3,72.3,50.9,0,3,1,2.85,High,0.317,No,0.192,No
S00740,2026,Fall,Social Work,BSW,Undergraduate,Female,White,21,Out-of-state,Yes,No,8611.0,24,21,88.8,97.6,77.8,5,1,1,1.63,Medium,0.528,Yes,0.288,Yes
S00741,2026,Fall,Health Administration,BS Health Administration,Undergraduate,Female,White,22,International,No,No,12503.0,33,33,100.0,73.7,62.2,2,3,1,3.84,Medium,0.601,No,0.657,Yes
S00742,2026,Spring,Public Health,MPH,Graduate,Male,White,29,Out-of-state,No,No,4541.0,27,27,100.0,84.7,67.8,5,1,2,3.13,Low,0.761,Yes,0.588,No
S00743,2025,Spring,Public Health,BS Public Health,Undergraduate,Female,White,18,In-state,Yes,No,8847.0,30,30,100.0,91.0,76.4,2,0,2,4.0,Low,0.816,Yes,0.798,Yes
S00744,2023,Fall,Data Science,BS Health Data Science,Undergraduate,Female,Black,19,In-state,No,No,6508.0,33,27,80.9,78.7,84.6,0,0,0,1.97,High,0.32,No,0.144,No
S00745,2024,Spring,Social Work,MSW,Graduate,Male,White,34,In-state,No,No,9136.0,30,25,83.5,87.5,59.9,1,2,2,2.63,Low,0.569,Yes,0.359,No
S00746,2022,Spring,Social Work,MSW,Graduate,Male,Asian,31,In-state,No,No,8174.0,30,30,100.0,86.2,79.7,2,2,1,3.87,Low,0.81,Yes,0.761,Yes
S00747,2022,Fall,Health Administration,BS Health Administration,Undergraduate,Female,Hispanic/Latino,18,In-state,No,Yes,0.0,31,29,94.8,93.6,77.3,1,2,0,2.97,Low,0.762,Yes,0.567,Yes
S00748,2026,Fall,Social Work,BSW,Undergraduate,Male,Asian,21,In-state,Yes,Yes,3952.0,27,24,87.5,65.5,75.4,1,3,2,2.28,High,0.312,No,0.129,No
S00749,2024,Spring,Social Work,BSW,Undergraduate,Female,White,20,In-state,No,Yes,0.0,33,30,90.6,88.6,91.3,4,0,4,2.54,Low,0.77,No,0.537,No
S00750,2022,Spring,Public Health,MS Epidemiology,Graduate,Male,Black,31,International,No,Yes,3677.0,30,28,93.3,86.4,55.4,2,0,1,2.89,Low,0.659,Yes,0.439,Yes
S00751,2026,Spring,Health Administration,MHA,Graduate,Female,Hispanic/Latino,35,In-state,No,Yes,4106.0,27,27,100.0,85.7,83.3,3,0,4,3.66,Low,0.832,Yes,0.73,Yes
S00752,2025,Fall,Public Health,BS Public Health,Undergraduate,Female,White,23,In-state,Yes,Yes,5755.0,32,27,83.3,91.4,91.6,3,1,2,2.5,Low,0.718,Yes,0.507,Yes
S00753,2022,Fall,Nutrition,BS Nutrition,Undergraduate,Female,Hispanic/Latino,22,Out-of-state,No,No,11316.0,33,31,93.2,100.0,69.2,3,4,1,3.77,Low,0.805,No,0.796,No
S00754,2024,Fall,Nutrition,MS Nutrition,Graduate,Female,Hispanic/Latino,23,In-state,Yes,No,7445.0,18,18,100.0,100.0,62.4,5,3,4,4.0,Low,0.866,Yes,0.795,Yes
S00755,2025,Spring,Health Administration,BS Health Administration,Undergraduate,Male,White,24,In-state,No,Yes,4897.0,31,28,90.2,67.1,65.5,1,4,3,3.78,Medium,0.622,No,0.567,Yes
S00756,2023,Fall,Social Work,MSW,Graduate,Female,White,41,In-state,Yes,Yes,4598.0,24,22,90.9,65.3,67.6,0,0,3,2.8,High,0.356,Yes,0.167,No
S00757,2024,Fall,Public Health,MPH,Graduate,Female,White,22,Out-of-state,Yes,Yes,5483.0,27,27,100.0,89.0,74.6,3,3,2,4.0,Low,0.847,Yes,0.787,No
S00758,2026,Spring,Public Health,MS Epidemiology,Graduate,Male,Hispanic/Latino,32,In-state,No,Yes,7022.0,27,24,87.9,87.4,96.9,1,2,3,3.01,Low,0.755,No,0.576,No
S00759,2023,Spring,Data Science,MS Health Data Science,Graduate,Male,Multiracial,30,In-state,Yes,Yes,10534.0,24,24,100.0,89.9,98.3,0,0,2,3.54,Medium,0.746,No,0.705,Yes
S00760,2024,Fall,Nutrition,BS Nutrition,Undergraduate,Female,Asian,23,In-state,No,Yes,2205.0,33,26,79.2,84.3,89.9,1,5,0,3.07,Low,0.752,Yes,0.559,Yes
S00761,2026,Fall,Nutrition,BS Nutrition,Undergraduate,Female,Asian,24,In-state,Yes,Yes,2414.0,31,29,93.6,89.3,87.8,4,1,1,3.21,Low,0.82,Yes,0.69,No
S00762,2022,Fall,Public Health,BS Public Health,Undergraduate,Male,White,24,In-state,Yes,No,6259.0,31,31,100.0,100.0,72.0,2,0,2,3.72,Low,0.825,Yes,0.781,Yes
S00763,2024,Fall,Nutrition,MS Nutrition,Graduate,Male,Multiracial,28,International,No,No,11826.0,24,24,100.0,90.2,85.0,6,5,0,3.14,Low,0.788,Yes,0.679,No
S00764,2026,Spring,Social Work,MSW,Graduate,Female,White,28,Out-of-state,Yes,Yes,2270.0,27,26,96.8,81.2,55.3,3,1,2,3.64,Low,0.763,No,0.61,No
S00765,2024,Fall,Public Health,BS Public Health,Undergraduate,Male,White,20,Out-of-state,Yes,Yes,7207.0,24,24,100.0,88.7,89.5,3,4,2,2.58,Low,0.699,Yes,0.487,Yes
S00766,2026,Fall,Social Work,MSW,Graduate,Male,Hispanic/Latino,30,In-state,Yes,Yes,4970.0,30,30,100.0,89.8,75.3,3,0,2,3.88,Low,0.844,No,0.783,No
S00767,2025,Spring,Data Science,BS Health Data Science,Undergraduate,Female,Multiracial,23,Out-of-state,No,No,11115.0,33,28,85.9,77.3,31.5,2,0,3,2.66,High,0.249,Yes,0.161,No
S00768,2024,Spring,Health Administration,MHA,Graduate,Female,White,36,In-state,Yes,Yes,1177.0,27,25,93.2,85.7,52.2,3,0,1,3.26,Low,0.734,No,0.521,Yes
S00769,2022,Fall,Social Work,BSW,Undergraduate,Male,White,23,In-state,Yes,Yes,3522.0,33,31,93.9,78.1,64.0,0,0,0,2.65,High,0.38,No,0.219,No
S00770,2024,Spring,Social Work,BSW,Undergraduate,Male,Black,21,International,No,Yes,10286.0,32,25,78.9,91.4,75.0,4,2,1,1.21,High,0.282,Yes,0.107,No
S00771,2022,Fall,Health Administration,BS Health Administration,Undergraduate,Female,White,21,In-state,No,Yes,4575.0,24,24,100.0,62.8,69.1,2,2,2,4.0,Medium,0.665,No,0.604,Yes
S00772,2022,Spring,Data Science,MS Health Data Science,Graduate,Male,White,24,In-state,No,Yes,6460.0,18,18,100.0,84.3,57.3,3,0,0,3.39,Low,0.717,Yes,0.523,No
S00773,2025,Fall,Health Administration,BS Health Administration,Undergraduate,Male,Hispanic/Latino,23,Out-of-state,No,Yes,3824.0,33,30,91.4,80.2,41.4,2,3,0,2.51,Medium,0.436,No,0.279,No
S00774,2023,Spring,Public Health,BS Public Health,Undergraduate,Female,Black,19,In-state,No,No,3981.0,33,31,94.8,86.1,68.9,5,2,3,3.37,Low,0.786,No,0.68,No
S00775,2026,Fall,Public Health,BS Public Health,Undergraduate,Male,Hispanic/Latino,21,In-state,Yes,Yes,3237.0,33,31,94.6,86.9,66.6,1,2,3,2.6,Low,0.621,No,0.403,Yes
S00776,2026,Fall,Social Work,BSW,Undergraduate,Female,White,21,Out-of-state,Yes,No,9230.0,24,23,96.9,87.2,81.6,5,0,2,3.16,Low,0.761,Yes,0.633,Yes
S00777,2025,Fall,Social Work,MSW,Graduate,Female,Black,32,In-state,Yes,No,9078.0,30,29,97.7,80.2,69.5,3,3,3,3.48,Low,0.724,Yes,0.626,No
S00778,2026,Fall,Public Health,BS Public Health,Undergraduate,Female,White,23,In-state,No,No,9760.0,31,25,79.3,57.1,76.1,1,0,2,2.12,High,0.214,No,0.095,No
S00779,2025,Spring,Nutrition,BS Nutrition,Undergraduate,Female,White,21,In-state,No,Yes,3488.0,32,30,93.4,84.1,72.8,1,1,1,2.41,Low,0.595,Yes,0.355,Yes
S00780,2024,Spring,Social Work,MSW,Graduate,Female,Hispanic/Latino,35,In-state,No,Yes,7085.0,18,17,92.7,67.4,72.6,2,0,5,2.75,Medium,0.501,No,0.29,Yes
S00781,2024,Fall,Data Science,BS Health Data Science,Undergraduate,Female,White,25,In-state,No,No,13268.0,30,30,100.0,89.6,79.6,4,3,2,4.0,Low,0.815,Yes,0.824,Yes
S00782,2026,Spring,Public Health,MS Epidemiology,Graduate,Female,Hispanic/Latino,26,In-state,No,Yes,9625.0,27,27,100.0,87.8,96.7,4,0,2,3.74,Low,0.851,No,0.801,Yes
S00783,2025,Spring,Social Work,BSW,Undergraduate,Female,White,18,International,No,No,10642.0,32,32,100.0,90.9,76.3,4,2,0,3.87,Low,0.816,Yes,0.809,No
S00784,2026,Fall,Data Science,MS Health Data Science,Graduate,Male,White,36,In-state,No,Yes,6676.0,24,24,100.0,75.5,24.0,1,2,2,3.94,Medium,0.553,No,0.492,No
S00785,2024,Fall,Nutrition,BS Nutrition,Undergraduate,Nonbinary,Hispanic/Latino,20,International,No,No,16055.0,27,27,100.0,100.0,97.2,4,0,1,3.32,Low,0.804,Yes,0.781,No
S00786,2025,Spring,Public Health,BS Public Health,Undergraduate,Male,White,19,In-state,No,Yes,2217.0,24,24,100.0,69.6,68.2,3,2,1,3.36,Medium,0.642,Yes,0.498,Yes
S00787,2023,Fall,Health Administration,BS Health Administration,Undergraduate,Male,Hispanic/Latino,20,International,No,No,14120.0,30,30,98.5,87.8,62.7,4,0,2,2.78,Medium,0.533,Yes,0.496,No
S00788,2023,Spring,Public Health,MS Epidemiology,Graduate,Male,Multiracial,25,In-state,Yes,No,6378.0,18,18,100.0,80.8,78.2,3,1,0,4.0,Low,0.824,Yes,0.718,Yes
S00789,2023,Spring,Social Work,MSW,Graduate,Female,White,42,In-state,Yes,Yes,1398.0,21,20,96.3,84.0,77.9,5,0,1,3.4,Low,0.829,Yes,0.643,Yes
S00790,2026,Spring,Social Work,BSW,Undergraduate,Male,Hispanic/Latino,22,Out-of-state,No,No,12169.0,27,26,95.2,97.6,76.6,3,2,0,3.17,Low,0.74,Yes,0.659,No
S00791,2023,Fall,Social Work,MSW,Graduate,Female,White,35,In-state,No,Yes,2743.0,18,18,100.0,83.2,71.8,2,0,1,3.18,Low,0.739,Yes,0.491,Yes
S00792,2024,Fall,Public Health,BS Public Health,Undergraduate,Male,Black,24,In-state,No,No,12485.0,31,29,93.5,100.0,80.3,3,1,0,2.95,Low,0.73,Yes,0.648,Yes
S00793,2023,Fall,Social Work,MSW,Graduate,Male,Hispanic/Latino,30,In-state,Yes,No,14816.0,21,20,94.7,64.9,50.3,1,1,3,2.39,High,0.192,No,0.095,No
S00794,2023,Spring,Data Science,MS Health Data Science,Graduate,Male,White,38,International,No,Yes,7202.0,27,26,97.1,87.0,76.7,2,3,2,2.94,Low,0.702,Yes,0.516,Yes
S00795,2026,Spring,Data Science,MS Health Data Science,Graduate,Female,White,31,Out-of-state,No,Yes,9463.0,18,17,94.9,69.0,59.0,4,1,1,3.14,Medium,0.542,Yes,0.385,Yes
S00796,2024,Fall,Public Health,MPH,Graduate,Female,White,22,Out-of-state,Yes,Yes,7168.0,24,21,87.7,77.9,87.1,1,0,0,2.96,Low,0.677,No,0.453,Yes
S00797,2024,Fall,Public Health,MPH,Graduate,Female,White,24,In-state,Yes,Yes,2206.0,18,16,88.3,91.4,68.2,3,2,2,2.65,Low,0.717,Yes,0.401,No
S00798,2023,Fall,Public Health,BS Public Health,Undergraduate,Female,Black,23,In-state,Yes,Yes,5085.0,27,25,92.3,80.1,91.5,2,4,1,3.43,Low,0.775,Yes,0.644,No
S00799,2023,Fall,Social Work,MSW,Graduate,Male,White,30,In-state,No,No,3666.0,30,30,100.0,84.4,74.1,1,2,2,3.62,Low,0.781,Yes,0.669,Yes
S00800,2024,Spring,Nutrition,BS Nutrition,Undergraduate,Female,White,23,In-state,Yes,Yes,7430.0,30,30,100.0,77.9,98.9,3,0,0,2.81,Medium,0.652,Yes,0.549,Yes
S00801,2022,Fall,Public Health,BS Public Health,Undergraduate,Female,Hispanic/Latino,20,In-state,No,Yes,7530.0,33,31,93.0,85.0,87.8,3,1,1,3.08,Low,0.741,Yes,0.628,Yes
S00802,2022,Fall,Public Health,MS Epidemiology,Graduate,Female,Black,22,In-state,Yes,No,10578.0,27,25,90.9,73.1,46.2,0,3,3,3.24,Medium,0.444,No,0.36,No
S00803,2024,Spring,Health Administration,BS Health Administration,Undergraduate,Male,White,25,In-state,Yes,Yes,3339.0,32,30,93.4,69.8,76.8,2,0,1,3.38,Medium,0.644,Yes,0.548,Yes
S00804,2023,Fall,Health Administration,BS Health Administration,Undergraduate,Female,White,19,In-state,No,No,8230.0,27,26,95.4,80.6,66.9,2,0,0,2.87,Low,0.602,No,0.425,No
S00805,2022,Spring,Social Work,BSW,Undergraduate,Male,White,22,In-state,No,No,8645.0,30,30,100.0,74.0,78.4,4,0,0,2.8,Medium,0.57,Yes,0.47,Yes
S00806,2026,Fall,Public Health,BS Public Health,Undergraduate,Male,Hispanic/Latino,20,In-state,Yes,No,11850.0,24,24,98.4,97.9,66.0,4,0,1,3.57,Low,0.779,Yes,0.726,Yes
S00807,2026,Fall,Health Administration,MHA,Graduate,Male,White,29,In-state,No,Yes,7357.0,24,24,100.0,80.5,82.4,4,1,5,4.0,Low,0.838,No,0.771,Yes
S00808,2024,Spring,Public Health,MPH,Graduate,Female,White,34,In-state,No,Yes,2420.0,27,22,80.4,64.3,56.2,0,0,2,3.37,High,0.422,No,0.233,No
S00809,2025,Fall,Social Work,BSW,Undergraduate,Female,White,20,Out-of-state,Yes,Yes,0.0,30,30,100.0,79.6,73.9,2,2,2,2.9,Medium,0.643,Yes,0.474,No
S00810,2025,Spring,Data Science,MS Health Data Science,Graduate,Female,Hispanic/Latino,30,Out-of-state,Yes,Yes,7372.0,21,21,100.0,84.5,66.9,5,2,3,2.97,Low,0.715,Yes,0.506,Yes
S00811,2025,Fall,Social Work,BSW,Undergraduate,Male,Multiracial,21,In-state,No,Yes,8312.0,24,24,100.0,96.9,69.8,0,0,2,3.09,Low,0.689,Yes,0.543,Yes
S00812,2025,Fall,Social Work,MSW,Graduate,Female,Hispanic/Latino,33,In-state,No,Yes,5008.0,21,19,89.8,62.1,65.6,1,2,4,3.11,Medium,0.507,Yes,0.316,No
S00813,2022,Spring,Nutrition,BS Nutrition,Undergraduate,Male,Multiracial,21,Out-of-state,No,No,5659.0,31,29,92.7,71.5,71.3,1,0,2,3.87,Low,0.722,No,0.641,Yes
S00814,2026,Fall,Nutrition,BS Nutrition,Undergraduate,Female,White,20,International,No,No,13286.0,30,26,87.5,92.4,83.5,4,5,2,2.51,Medium,0.595,No,0.503,No
S00815,2023,Fall,Social Work,MSW,Graduate,Female,White,31,Out-of-state,No,Yes,4065.0,18,18,100.0,94.5,70.1,3,2,1,3.61,Low,0.829,Yes,0.681,No
S00816,2025,Spring,Public Health,BS Public Health,Undergraduate,Male,Multiracial,19,Out-of-state,No,No,11069.0,32,31,98.2,100.0,74.1,1,0,1,2.79,Medium,0.611,Yes,0.561,Yes
S00817,2023,Fall,Nutrition,BS Nutrition,Undergraduate,Female,White,22,Out-of-state,Yes,No,4434.0,33,32,96.0,77.8,76.5,1,2,0,3.55,Low,0.731,Yes,0.632,Yes
S00818,2024,Spring,Nutrition,BS Nutrition,Undergraduate,Female,White,21,In-state,Yes,Yes,1322.0,27,26,95.7,78.5,66.6,0,1,0,2.91,Medium,0.564,Yes,0.384,No
S00819,2023,Spring,Social Work,BSW,Undergraduate,Female,Black,19,In-state,Yes,Yes,7758.0,27,27,100.0,78.1,99.4,4,3,2,3.36,Low,0.788,Yes,0.687,No
S00820,2022,Spring,Social Work,BSW,Undergraduate,Male,Hispanic/Latino,21,International,Yes,Yes,11199.0,30,30,100.0,99.5,83.9,2,1,1,3.33,Low,0.777,Yes,0.728,No
S00821,2022,Spring,Social Work,BSW,Undergraduate,Male,White,20,In-state,Yes,Yes,2818.0,27,24,87.3,85.4,38.7,0,3,0,2.48,High,0.317,No,0.143,Yes
S00822,2022,Spring,Social Work,BSW,Undergraduate,Male,Multiracial,23,In-state,No,Yes,7889.0,27,26,95.0,84.6,69.4,1,1,0,3.36,Low,0.688,Yes,0.567,Yes
S00823,2022,Spring,Nutrition,MS Nutrition,Graduate,Female,Multiracial,22,International,Yes,Yes,12104.0,27,27,100.0,92.4,92.6,5,0,1,3.55,Low,0.838,Yes,0.791,Yes
S00824,2022,Fall,Social Work,BSW,Undergraduate,Male,White,22,In-state,No,Yes,4070.0,30,27,90.8,100.0,74.4,3,2,2,3.73,Low,0.853,Yes,0.786,Yes
S00825,2023,Spring,Public Health,BS Public Health,Undergraduate,Female,Hispanic/Latino,19,In-state,Yes,Yes,2815.0,33,32,97.3,93.1,76.8,4,4,2,2.99,Low,0.784,Yes,0.642,Yes
S00826,2023,Spring,Social Work,MSW,Graduate,Female,White,40,In-state,Yes,Yes,2794.0,24,24,100.0,80.1,85.4,5,3,2,3.87,Low,0.865,Yes,0.767,No
S00827,2026,Spring,Public Health,BS Public Health,Undergraduate,Female,Black,21,In-state,No,Yes,5160.0,32,28,87.7,94.0,81.4,1,0,2,3.6,Low,0.807,Yes,0.726,Yes
S00828,2023,Spring,Public Health,MS Epidemiology,Graduate,Female,Black,33,In-state,Yes,Yes,4094.0,18,15,85.7,96.9,89.7,1,2,2,3.71,Low,0.859,Yes,0.723,Yes
S00829,2026,Spring,Data Science,MS Health Data Science,Graduate,Female,Hispanic/Latino,28,International,No,Yes,6037.0,27,27,100.0,61.3,76.7,3,1,4,3.09,Medium,0.567,No,0.423,No
S00830,2025,Spring,Social Work,MSW,Graduate,Male,Multiracial,28,In-state,No,No,7674.0,30,30,100.0,97.8,83.2,1,1,1,3.55,Low,0.815,Yes,0.747,Yes
S00831,2026,Spring,Nutrition,MS Nutrition,Graduate,Male,White,31,In-state,Yes,Yes,4208.0,27,25,94.4,91.1,50.8,0,2,0,3.01,Low,0.645,Yes,0.426,Yes
S00832,2025,Spring,Social Work,BSW,Undergraduate,Male,Hispanic/Latino,18,In-state,Yes,Yes,2419.0,30,29,96.9,77.5,54.3,1,0,0,3.55,Low,0.683,Yes,0.539,No
S00833,2022,Fall,Data Science,BS Health Data Science,Undergraduate,Male,Asian,23,Out-of-state,No,Yes,9931.0,30,26,87.2,68.8,10.3,1,1,1,2.98,High,0.196,Yes,0.125,No
S00834,2026,Spring,Public Health,MPH,Graduate,Male,White,38,In-state,No,No,13634.0,21,19,89.5,74.3,88.2,3,0,3,2.39,High,0.38,Yes,0.206,Yes
S00835,2022,Spring,Social Work,BSW,Undergraduate,Female,Black,21,In-state,Yes,No,8942.0,31,31,100.0,92.3,100.0,2,0,3,4.0,Low,0.863,Yes,0.853,Yes
S00836,2025,Fall,Public Health,BS Public Health,Undergraduate,Female,Black,21,Out-of-state,No,Yes,9249.0,30,26,85.1,58.4,51.0,4,3,1,2.4,High,0.235,Yes,0.118,No
S00837,2023,Spring,Public Health,BS Public Health,Undergraduate,Male,White,20,Out-of-state,No,Yes,7027.0,30,30,100.0,100.0,96.0,6,0,2,3.4,Low,0.877,Yes,0.827,No
S00838,2024,Fall,Data Science,MS Health Data Science,Graduate,Female,White,30,In-state,No,Yes,2796.0,24,23,95.9,87.1,82.5,3,1,1,3.3,Low,0.808,Yes,0.632,No
S00839,2024,Spring,Nutrition,BS Nutrition,Undergraduate,Female,White,20,International,No,No,4067.0,30,30,100.0,77.3,71.5,3,2,1,4.0,Low,0.8,Yes,0.739,Yes
S00840,2022,Fall,Social Work,BSW,Undergraduate,Female,Multiracial,22,In-state,No,Yes,702.0,33,29,87.7,80.8,58.3,1,3,1,3.06,Low,0.656,Yes,0.444,No
S00841,2023,Spring,Nutrition,BS Nutrition,Undergraduate,Female,White,22,Out-of-state,No,Yes,6853.0,24,24,100.0,88.8,100.0,3,3,1,3.27,Low,0.811,Yes,0.695,Yes
S00842,2024,Fall,Nutrition,BS Nutrition,Undergraduate,Female,Black,18,In-state,Yes,No,13806.0,33,31,93.6,73.7,83.9,2,0,2,2.82,Medium,0.5,No,0.459,Yes
S00843,2023,Fall,Social Work,BSW,Undergraduate,Female,White,22,In-state,No,Yes,960.0,27,24,89.6,78.9,37.3,2,3,1,2.2,High,0.293,No,0.108,No
S00844,2024,Spring,Data Science,BS Health Data Science,Undergraduate,Female,White,23,Out-of-state,Yes,Yes,5536.0,31,30,97.0,82.6,59.8,1,0,3,3.55,Low,0.696,Yes,0.594,Yes
S00845,2025,Fall,Nutrition,BS Nutrition,Undergraduate,Male,White,23,In-state,No,No,5750.0,32,32,100.0,96.9,81.0,5,3,2,4.0,Low,0.886,No,0.867,Yes
S00846,2022,Fall,Data Science,BS Health Data Science,Undergraduate,Female,White,21,In-state,No,No,12230.0,27,26,97.5,92.3,69.8,3,3,1,3.22,Low,0.703,Yes,0.618,No
S00847,2026,Spring,Data Science,MS Health Data Science,Graduate,Female,Black,37,In-state,Yes,Yes,7038.0,27,27,100.0,79.9,78.6,4,4,1,2.84,Medium,0.643,Yes,0.501,No
S00848,2023,Spring,Data Science,BS Health Data Science,Undergraduate,Female,Black,24,In-state,Yes,Yes,2542.0,31,27,88.4,80.2,83.8,2,5,0,1.94,Medium,0.505,Yes,0.264,No
S00849,2022,Fall,Data Science,MS Health Data Science,Graduate,Male,White,22,In-state,Yes,Yes,1603.0,30,28,94.5,86.7,73.6,7,0,2,3.94,Low,0.889,Yes,0.82,Yes
S00850,2022,Spring,Data Science,BS Health Data Science,Undergraduate,Female,White,19,In-state,No,Yes,1148.0,31,28,91.3,75.2,42.1,2,2,1,2.74,Medium,0.476,No,0.296,No
S00851,2022,Fall,Nutrition,BS Nutrition,Undergraduate,Female,Black,26,In-state,Yes,Yes,2442.0,32,28,88.1,76.0,69.7,2,2,1,3.3,Low,0.704,Yes,0.53,No
S00852,2022,Spring,Public Health,MPH,Graduate,Female,White,29,Out-of-state,No,No,12319.0,18,18,100.0,99.0,83.3,0,2,2,3.54,Medium,0.73,Yes,0.677,Yes
S00853,2026,Fall,Social Work,BSW,Undergraduate,Male,Black,27,In-state,Yes,Yes,2526.0,31,28,91.6,91.5,68.3,5,3,1,3.13,Low,0.788,Yes,0.635,No
S00854,2023,Spring,Public Health,BS Public Health,Undergraduate,Male,Hispanic/Latino,23,In-state,No,Yes,3211.0,31,29,94.5,90.0,68.3,1,0,2,2.22,Medium,0.522,Yes,0.323,No
S00855,2022,Fall,Nutrition,BS Nutrition,Undergraduate,Male,Hispanic/Latino,23,In-state,Yes,No,11566.0,27,27,98.2,79.9,62.6,1,2,1,2.96,Medium,0.484,Yes,0.416,No
S00856,2025,Spring,Social Work,BSW,Undergraduate,Female,Asian,22,In-state,No,Yes,4086.0,30,27,90.9,72.9,84.8,2,0,0,2.65,Medium,0.568,Yes,0.39,Yes
S00857,2026,Fall,Data Science,BS Health Data Science,Undergraduate,Female,Asian,23,In-state,No,No,9665.0,30,27,90.0,100.0,69.0,5,2,0,3.43,Low,0.805,Yes,0.743,Yes
S00858,2026,Fall,Social Work,BSW,Undergraduate,Male,Asian,23,Out-of-state,Yes,No,7291.0,24,21,85.7,76.4,73.3,1,3,0,2.42,Medium,0.457,No,0.271,No
S00859,2025,Fall,Social Work,BSW,Undergraduate,Male,Hispanic/Latino,19,In-state,No,Yes,8797.0,24,20,84.1,85.2,55.3,2,1,0,2.6,Low,0.539,No,0.315,No
S00860,2023,Fall,Public Health,BS Public Health,Undergraduate,Male,White,21,Out-of-state,Yes,Yes,9882.0,30,25,83.2,74.6,56.3,0,2,1,2.88,High,0.313,No,0.202,No
S00861,2022,Fall,Public Health,BS Public Health,Undergraduate,Female,Multiracial,24,In-state,No,No,8063.0,32,29,92.0,77.0,70.2,2,0,4,3.28,Low,0.658,Yes,0.538,Yes
S00862,2023,Spring,Nutrition,MS Nutrition,Graduate,Female,Hispanic/Latino,35,In-state,No,No,7310.0,30,30,100.0,93.4,74.5,4,2,2,3.58,Low,0.824,Yes,0.756,Yes
S00863,2023,Fall,Social Work,BSW,Undergraduate,Female,Multiracial,21,In-state,No,Yes,2503.0,31,31,100.0,100.0,77.7,3,4,3,3.34,Low,0.833,Yes,0.737,Yes
S00864,2023,Fall,Public Health,BS Public Health,Undergraduate,Female,White,23,In-state,No,Yes,0.0,24,24,98.7,75.8,95.1,3,2,1,3.16,Low,0.786,No,0.577,Yes
S00865,2025,Fall,Social Work,BSW,Undergraduate,Female,White,22,In-state,No,Yes,6244.0,27,25,93.5,86.8,67.0,0,2,2,3.08,Low,0.648,Yes,0.474,No
S00866,2026,Spring,Social Work,MSW,Graduate,Female,Asian,27,Out-of-state,Yes,Yes,2779.0,30,30,100.0,91.2,85.5,3,1,1,3.74,Low,0.865,Yes,0.789,Yes
S00867,2024,Spring,Social Work,BSW,Undergraduate,Female,White,20,In-state,No,No,2096.0,32,30,94.9,61.9,63.8,4,5,2,2.52,Medium,0.472,Yes,0.285,No
S00868,2023,Spring,Data Science,BS Health Data Science,Undergraduate,Female,White,19,In-state,Yes,No,13610.0,30,28,94.9,82.3,79.9,3,6,0,3.12,Low,0.661,Yes,0.579,Yes
S00869,2025,Fall,Public Health,BS Public Health,Undergraduate,Male,Other/Unknown,21,Out-of-state,Yes,No,13988.0,31,31,100.0,100.0,67.2,3,2,2,3.76,Low,0.782,Yes,0.79,Yes
S00870,2023,Fall,Social Work,BSW,Undergraduate,Female,Asian,21,In-state,Yes,Yes,4610.0,24,24,100.0,73.9,71.5,4,1,1,3.07,Low,0.683,Yes,0.479,No
S00871,2025,Fall,Public Health,BS Public Health,Undergraduate,Female,Asian,18,International,Yes,Yes,5948.0,33,30,89.4,87.6,50.8,1,0,1,3.18,Low,0.635,No,0.497,Yes
S00872,2024,Fall,Public Health,BS Public Health,Undergraduate,Male,Black,19,Out-of-state,Yes,Yes,3043.0,27,27,100.0,77.3,67.1,0,0,0,3.22,Medium,0.591,Yes,0.462,Yes
S00873,2024,Fall,Public Health,BS Public Health,Undergraduate,Male,White,21,In-state,No,Yes,6483.0,32,32,100.0,100.0,90.4,2,1,2,4.0,Low,0.878,Yes,0.863,Yes
S00874,2024,Spring,Nutrition,BS Nutrition,Undergraduate,Male,White,22,In-state,Yes,Yes,6121.0,27,25,93.7,58.8,60.4,2,2,2,2.73,High,0.298,No,0.154,No
S00875,2025,Fall,Nutrition,MS Nutrition,Graduate,Female,Asian,22,In-state,No,No,8110.0,21,21,100.0,90.6,92.9,6,1,0,3.61,Low,0.868,Yes,0.784,Yes
S00876,2022,Fall,Data Science,MS Health Data Science,Graduate,Male,Hispanic/Latino,33,International,No,Yes,10561.0,24,21,85.9,78.6,58.9,1,2,3,2.17,High,0.271,Yes,0.119,No
S00877,2022,Fall,Social Work,BSW,Undergraduate,Female,Multiracial,22,Out-of-state,No,No,12101.0,32,32,100.0,97.0,76.3,3,3,0,4.0,Low,0.827,Yes,0.839,Yes
S00878,2024,Spring,Social Work,MSW,Graduate,Male,White,31,International,No,Yes,11068.0,27,26,95.5,81.7,78.9,1,2,1,3.75,Low,0.744,No,0.677,No
S00879,2024,Fall,Nutrition,BS Nutrition,Undergraduate,Female,White,24,International,No,No,10657.0,27,22,83.2,88.9,32.0,1,0,1,3.4,Medium,0.507,No,0.449,Yes
S00880,2023,Fall,Nutrition,MS Nutrition,Graduate,Female,Multiracial,38,In-state,No,Yes,2480.0,27,22,80.3,71.7,75.2,1,0,3,2.46,Medium,0.513,Yes,0.266,Yes
S00881,2026,Spring,Public Health,MS Epidemiology,Graduate,Nonbinary,White,28,International,Yes,Yes,4409.0,21,21,100.0,90.0,81.0,4,1,0,3.9,Low,0.868,Yes,0.778,Yes
S00882,2026,Fall,Nutrition,BS Nutrition,Undergraduate,Female,Hispanic/Latino,22,In-state,No,Yes,4571.0,24,24,100.0,95.1,53.6,0,2,1,2.43,Medium,0.501,Yes,0.312,Yes
S00883,2022,Spring,Data Science,MS Health Data Science,Graduate,Female,White,26,In-state,Yes,Yes,3257.0,18,18,100.0,95.3,71.3,3,4,2,3.85,Low,0.858,Yes,0.741,Yes
S00884,2022,Spring,Public Health,BS Public Health,Undergraduate,Male,White,22,International,Yes,No,13001.0,27,27,100.0,81.4,91.7,1,2,2,2.9,Medium,0.569,No,0.51,No
S00885,2022,Fall,Public Health,BS Public Health,Undergraduate,Female,Black,22,International,No,Yes,1279.0,33,31,93.5,79.7,65.3,0,1,2,2.8,Medium,0.548,Yes,0.386,No
S00886,2026,Spring,Nutrition,MS Nutrition,Graduate,Female,Asian,23,In-state,No,No,10313.0,24,24,100.0,80.6,66.3,2,3,2,2.94,Low,0.611,Yes,0.431,No
S00887,2025,Fall,Health Administration,BS Health Administration,Undergraduate,Male,White,21,In-state,Yes,Yes,0.0,31,29,92.5,62.9,82.2,2,0,1,3.48,Medium,0.672,Yes,0.546,No
S00888,2026,Fall,Nutrition,BS Nutrition,Undergraduate,Female,White,23,Out-of-state,No,Yes,3480.0,24,22,93.0,64.9,50.1,0,0,2,2.5,High,0.254,Yes,0.102,No
S00889,2023,Spring,Nutrition,BS Nutrition,Undergraduate,Male,Asian,21,In-state,No,No,5435.0,31,31,100.0,99.5,100.0,1,1,0,3.54,Low,0.853,Yes,0.798,Yes
S00890,2023,Fall,Social Work,BSW,Undergraduate,Female,Asian,24,Out-of-state,Yes,Yes,11328.0,31,29,92.3,91.5,84.2,2,5,2,2.43,Medium,0.56,Yes,0.457,Yes
S00891,2026,Fall,Public Health,BS Public Health,Undergraduate,Female,Black,21,Out-of-state,No,No,11077.0,24,24,100.0,88.0,77.2,0,1,2,3.41,Medium,0.634,Yes,0.595,No
S00892,2025,Fall,Data Science,MS Health Data Science,Graduate,Female,Hispanic/Latino,28,Out-of-state,Yes,Yes,6429.0,18,17,91.9,92.8,66.4,0,1,3,4.0,Low,0.803,Yes,0.691,Yes
S00893,2026,Spring,Public Health,BS Public Health,Undergraduate,Female,Asian,23,Out-of-state,No,Yes,9010.0,31,31,100.0,93.0,59.3,3,0,2,3.88,Low,0.783,No,0.761,Yes
S00894,2025,Fall,Data Science,BS Health Data Science,Undergraduate,Female,Black,21,Out-of-state,No,Yes,6740.0,30,25,82.0,84.9,82.9,4,1,2,2.0,Medium,0.534,No,0.321,No
S00895,2025,Fall,Health Administration,BS Health Administration,Undergraduate,Female,White,21,In-state,No,Yes,6072.0,27,26,96.4,69.9,62.5,3,3,2,2.91,Medium,0.516,Yes,0.376,No
S00896,2025,Fall,Data Science,BS Health Data Science,Undergraduate,Female,Other/Unknown,19,Out-of-state,Yes,Yes,10208.0,27,25,93.0,84.6,77.9,3,1,1,3.19,Low,0.704,No,0.584,Yes
S00897,2026,Fall,Health Administration,MHA,Graduate,Female,Hispanic/Latino,34,In-state,No,No,8958.0,27,26,96.3,69.1,57.5,0,6,2,2.7,High,0.292,No,0.16,No
S00898,2026,Fall,Public Health,BS Public Health,Undergraduate,Female,Hispanic/Latino,23,In-state,No,Yes,4493.0,31,24,77.1,74.3,42.6,2,1,2,2.92,Medium,0.467,No,0.311,No
S00899,2026,Fall,Nutrition,BS Nutrition,Undergraduate,Female,White,22,Out-of-state,No,Yes,6834.0,31,28,89.7,75.8,54.8,1,1,1,2.31,Medium,0.379,No,0.23,No
S00900,2025,Fall,Health Administration,BS Health Administration,Undergraduate,Female,White,19,In-state,Yes,No,7031.0,24,23,94.0,87.4,89.4,4,2,0,2.92,Low,0.754,No,0.58,Yes
S00901,2026,Fall,Public Health,MS Epidemiology,Graduate,Female,White,28,International,Yes,Yes,10794.0,18,18,100.0,69.2,91.7,1,3,3,2.85,High,0.424,No,0.243,No
S00902,2024,Fall,Nutrition,MS Nutrition,Graduate,Female,Black,30,In-state,Yes,Yes,4571.0,30,30,100.0,93.3,100.0,1,1,2,3.87,Low,0.876,Yes,0.825,Yes
S00903,2024,Spring,Nutrition,BS Nutrition,Undergraduate,Female,Hispanic/Latino,21,In-state,No,Yes,6908.0,27,27,100.0,80.2,59.0,2,2,1,3.76,Low,0.717,Yes,0.632,Yes
S00904,2025,Spring,Social Work,MSW,Graduate,Male,Black,34,Out-of-state,No,Yes,5374.0,24,24,99.6,83.6,72.4,5,1,2,3.8,Low,0.832,Yes,0.734,No
S00905,2023,Fall,Nutrition,MS Nutrition,Graduate,Female,Multiracial,22,In-state,No,Yes,4972.0,21,20,94.7,55.1,67.8,0,2,2,2.7,High,0.29,No,0.118,Yes
S00906,2024,Fall,Social Work,BSW,Undergraduate,Female,Multiracial,21,In-state,No,No,10282.0,27,26,94.8,81.1,77.3,1,2,2,3.23,Low,0.656,No,0.538,No
S00907,2023,Fall,Social Work,MSW,Graduate,Male,Asian,29,In-state,No,Yes,10060.0,21,21,100.0,74.9,78.3,2,0,2,3.68,Medium,0.676,Yes,0.61,Yes
S00908,2025,Spring,Social Work,MSW,Graduate,Male,Multiracial,24,In-state,Yes,Yes,2862.0,18,18,100.0,83.9,62.8,2,0,1,3.08,Low,0.703,Yes,0.438,No
S00909,2024,Fall,Public Health,BS Public Health,Undergraduate,Female,Black,21,In-state,Yes,Yes,3372.0,30,29,97.7,89.5,60.8,1,1,4,2.66,Low,0.624,Yes,0.403,No
S00910,2022,Spring,Public Health,MS Epidemiology,Graduate,Male,White,23,In-state,No,Yes,4869.0,30,30,99.6,88.1,67.4,3,2,2,3.3,Low,0.761,Yes,0.627,Yes
S00911,2024,Fall,Social Work,BSW,Undergraduate,Male,Asian,18,In-state,Yes,Yes,3179.0,33,27,81.7,60.6,67.4,2,1,2,2.95,Medium,0.497,Yes,0.336,No
S00912,2026,Fall,Nutrition,MS Nutrition,Graduate,Male,White,24,International,No,Yes,8072.0,27,23,84.9,70.6,25.1,0,3,0,2.71,High,0.219,No,0.105,No
S00913,2025,Spring,Social Work,BSW,Undergraduate,Female,Hispanic/Latino,21,In-state,No,No,7445.0,32,30,94.6,93.9,73.9,1,1,0,2.67,Low,0.651,Yes,0.483,Yes
S00914,2024,Spring,Social Work,BSW,Undergraduate,Male,Hispanic/Latino,20,Out-of-state,No,Yes,2449.0,32,32,100.0,85.5,87.8,5,2,2,4.0,Low,0.883,Yes,0.843,No
S00915,2023,Spring,Nutrition,BS Nutrition,Undergraduate,Male,White,25,In-state,No,Yes,8547.0,27,27,98.2,83.7,66.4,2,2,1,2.63,Low,0.576,Yes,0.387,No
S00916,2022,Spring,Public Health,BS Public Health,Undergraduate,Female,Black,21,In-state,Yes,Yes,6387.0,33,33,100.0,94.0,81.2,2,2,1,3.65,Low,0.816,Yes,0.772,Yes
S00917,2022,Spring,Data Science,BS Health Data Science,Undergraduate,Male,White,20,International,Yes,Yes,12121.0,31,28,91.1,72.3,58.3,1,2,1,2.96,Medium,0.422,No,0.362,Yes
S00918,2025,Fall,Public Health,BS Public Health,Undergraduate,Female,Black,20,In-state,No,Yes,5798.0,27,27,98.3,82.5,88.6,1,1,2,3.2,Low,0.73,Yes,0.585,Yes
S00919,2024,Spring,Social Work,MSW,Graduate,Male,Multiracial,31,In-state,No,Yes,543.0,27,27,100.0,76.3,54.8,5,4,0,3.79,Low,0.799,Yes,0.658,No
S00920,2025,Spring,Nutrition,MS Nutrition,Graduate,Male,Black,32,In-state,No,Yes,6853.0,27,27,100.0,86.1,61.3,5,2,3,3.45,Low,0.771,Yes,0.653,Yes
S00921,2023,Spring,Nutrition,BS Nutrition,Undergraduate,Female,Hispanic/Latino,23,In-state,No,Yes,7698.0,30,30,100.0,97.1,100.0,6,3,2,3.58,Low,0.886,Yes,0.85,Yes
S00922,2026,Spring,Public Health,MPH,Graduate,Female,Hispanic/Latino,27,Out-of-state,Yes,Yes,9741.0,24,24,100.0,82.9,80.0,4,1,2,3.84,Low,0.812,Yes,0.745,Yes
S00923,2022,Spring,Nutrition,BS Nutrition,Undergraduate,Female,Multiracial,21,In-state,No,Yes,6231.0,24,21,89.1,65.9,72.9,2,0,0,3.19,Medium,0.554,No,0.41,Yes
S00924,2024,Spring,Social Work,BSW,Undergraduate,Male,White,18,In-state,No,Yes,5342.0,24,24,100.0,82.3,74.0,3,1,0,2.9,Low,0.684,No,0.478,No
S00925,2024,Spring,Public Health,BS Public Health,Undergraduate,Male,White,24,In-state,Yes,Yes,7131.0,31,28,91.1,93.2,70.4,2,0,0,3.32,Low,0.747,No,0.642,Yes
S00926,2025,Spring,Social Work,BSW,Undergraduate,Male,Black,21,In-state,No,Yes,5479.0,24,24,100.0,100.0,61.4,1,2,1,3.17,Low,0.729,Yes,0.572,Yes
S00927,2026,Spring,Nutrition,BS Nutrition,Undergraduate,Nonbinary,Asian,22,In-state,No,No,10177.0,24,21,86.8,92.2,72.4,2,3,1,2.95,Low,0.673,Yes,0.506,No
S00928,2023,Fall,Health Administration,BS Health Administration,Undergraduate,Male,White,24,Out-of-state,No,Yes,2667.0,33,33,100.0,75.2,50.1,5,0,2,4.0,Low,0.779,Yes,0.716,Yes
S00929,2024,Fall,Public Health,BS Public Health,Undergraduate,Male,White,21,In-state,No,No,6352.0,32,23,71.1,79.8,75.8,2,1,1,2.24,High,0.375,Yes,0.178,No
S00930,2026,Fall,Social Work,MSW,Graduate,Female,Black,36,In-state,No,Yes,3886.0,27,27,100.0,95.0,98.0,4,2,1,3.65,Low,0.89,Yes,0.817,Yes
S00931,2022,Fall,Nutrition,BS Nutrition,Undergraduate,Male,Asian,24,Out-of-state,No,Yes,9691.0,24,23,93.8,93.0,59.6,2,0,2,3.32,Low,0.694,Yes,0.576,No
S00932,2026,Fall,Public Health,BS Public Health,Undergraduate,Male,White,26,In-state,Yes,Yes,4191.0,24,21,87.2,80.8,77.3,2,1,1,2.99,Low,0.691,Yes,0.464,No
S00933,2023,Fall,Public Health,BS Public Health,Undergraduate,Male,White,22,In-state,No,Yes,7783.0,30,26,86.3,81.9,47.9,1,2,3,2.71,Low,0.503,No,0.313,No
S00934,2026,Fall,Nutrition,BS Nutrition,Undergraduate,Female,White,18,In-state,Yes,Yes,5656.0,24,20,83.9,84.8,93.9,2,2,1,2.57,Low,0.688,No,0.43,No
S00935,2024,Spring,Health Administration,BS Health Administration,Undergraduate,Female,White,19,Out-of-state,No,No,8896.0,30,27,90.2,81.2,66.3,0,2,3,2.11,Medium,0.375,Yes,0.226,No
S00936,2026,Fall,Social Work,BSW,Undergraduate,Male,White,21,In-state,No,Yes,4532.0,32,32,100.0,77.6,52.7,4,1,0,3.33,Low,0.681,Yes,0.553,Yes
S00937,2022,Spring,Social Work,MSW,Graduate,Female,White,28,Out-of-state,No,No,4186.0,30,30,100.0,83.2,50.2,1,3,2,3.57,Low,0.702,Yes,0.57,Yes
S00938,2023,Spring,Data Science,BS Health Data Science,Undergraduate,Female,White,26,Out-of-state,No,Yes,7954.0,27,24,88.7,70.9,60.5,0,0,2,2.99,Medium,0.448,No,0.329,No
S00939,2024,Fall,Social Work,BSW,Undergraduate,Male,White,19,In-state,No,Yes,1941.0,24,22,92.6,74.9,70.3,1,0,4,3.57,Low,0.724,No,0.541,No
S00940,2023,Spring,Social Work,BSW,Undergraduate,Male,Asian,19,Out-of-state,No,No,8723.0,33,30,90.1,86.4,75.4,4,2,0,3.72,Low,0.795,Yes,0.752,Yes
S00941,2026,Fall,Social Work,BSW,Undergraduate,Nonbinary,White,21,In-state,No,Yes,3380.0,24,23,96.6,58.0,78.6,4,0,4,3.18,Medium,0.595,No,0.427,No
S00942,2026,Fall,Social Work,MSW,Graduate,Female,White,32,In-state,No,No,12725.0,21,19,91.7,74.3,55.4,2,0,2,3.1,Medium,0.48,No,0.368,No
S00943,2026,Fall,Nutrition,MS Nutrition,Graduate,Female,White,31,In-state,No,Yes,1783.0,27,27,100.0,77.5,64.4,2,3,3,3.86,Low,0.785,No,0.657,Yes
S00944,2025,Fall,Public Health,BS Public Health,Undergraduate,Male,Hispanic/Latino,21,In-state,No,Yes,0.0,31,31,100.0,92.9,73.2,2,0,2,4.0,Low,0.863,Yes,0.802,No
S00945,2025,Spring,Nutrition,BS Nutrition,Undergraduate,Female,White,22,In-state,No,No,7803.0,33,33,100.0,83.2,80.0,3,0,2,3.53,Low,0.766,Yes,0.709,No
S00946,2024,Fall,Social Work,MSW,Graduate,Female,White,27,In-state,No,No,8802.0,21,21,100.0,100.0,84.1,5,1,1,3.57,Low,0.862,Yes,0.782,No
S00947,2022,Spring,Social Work,BSW,Undergraduate,Female,Hispanic/Latino,23,In-state,No,No,7341.0,24,23,94.5,89.9,79.9,0,3,3,3.46,Low,0.742,Yes,0.621,Yes
S00948,2026,Spring,Nutrition,BS Nutrition,Undergraduate,Female,Black,24,In-state,Yes,No,7561.0,24,24,100.0,74.1,72.0,5,0,1,3.71,Low,0.761,Yes,0.665,Yes
S00949,2022,Spring,Public Health,BS Public Health,Undergraduate,Female,Black,28,In-state,No,No,2914.0,27,27,99.6,81.3,74.6,2,2,1,3.17,Low,0.72,No,0.54,Yes
S00950,2024,Fall,Data Science,BS Health Data Science,Undergraduate,Male,White,20,In-state,Yes,No,6429.0,33,33,100.0,78.4,75.7,4,1,0,3.4,Low,0.744,Yes,0.657,Yes
S00951,2026,Fall,Health Administration,BS Health Administration,Undergraduate,Male,Black,18,Out-of-state,No,No,4874.0,32,32,100.0,78.2,66.5,2,1,1,2.93,Low,0.63,Yes,0.461,No
S00952,2023,Spring,Social Work,BSW,Undergraduate,Female,Black,18,In-state,Yes,Yes,0.0,30,26,86.4,76.6,64.0,3,0,2,2.97,Low,0.682,Yes,0.437,Yes
S00953,2025,Spring,Data Science,MS Health Data Science,Graduate,Male,White,22,In-state,No,No,8745.0,18,17,96.2,76.0,60.8,1,1,2,3.43,Low,0.639,Yes,0.448,Yes
S00954,2025,Spring,Social Work,BSW,Undergraduate,Nonbinary,White,21,In-state,No,Yes,8409.0,32,30,95.3,79.7,68.1,3,1,1,3.9,Low,0.761,No,0.722,Yes
S00955,2024,Fall,Health Administration,BS Health Administration,Undergraduate,Female,White,21,In-state,Yes,Yes,4644.0,24,24,99.4,91.1,52.7,0,0,0,2.9,Medium,0.55,Yes,0.398,Yes
S00956,2022,Fall,Social Work,BSW,Undergraduate,Female,White,22,In-state,No,Yes,5585.0,31,31,100.0,72.0,86.0,1,3,1,2.89,Medium,0.57,Yes,0.453,Yes
S00957,2024,Spring,Health Administration,BS Health Administration,Undergraduate,Female,Hispanic/Latino,22,In-state,No,No,6212.0,30,27,91.3,96.0,78.7,4,0,1,3.3,Low,0.809,Yes,0.708,Yes
S00958,2024,Spring,Nutrition,BS Nutrition,Undergraduate,Female,Asian,18,In-state,Yes,Yes,5292.0,27,24,90.7,87.9,76.2,3,1,3,2.62,Low,0.678,Yes,0.446,Yes
S00959,2025,Spring,Public Health,BS Public Health,Undergraduate,Female,Asian,23,In-state,Yes,No,5563.0,24,24,100.0,100.0,92.2,2,2,1,3.52,Low,0.849,Yes,0.763,Yes
S00960,2023,Spring,Data Science,BS Health Data Science,Undergraduate,Female,Black,20,In-state,No,No,8203.0,24,23,97.0,95.1,58.7,1,4,1,3.31,Low,0.696,No,0.564,Yes
S00961,2025,Spring,Public Health,MS Epidemiology,Graduate,Male,White,24,In-state,Yes,No,10397.0,30,28,94.6,70.3,30.1,0,0,2,4.0,High,0.387,No,0.354,No
S00962,2026,Spring,Health Administration,MHA,Graduate,Female,Hispanic/Latino,27,In-state,Yes,Yes,2620.0,30,30,100.0,99.9,80.9,6,3,2,3.47,Low,0.886,No,0.805,Yes
S00963,2024,Fall,Nutrition,BS Nutrition,Undergraduate,Male,Multiracial,23,Out-of-state,No,No,9007.0,32,28,86.8,78.1,71.3,4,3,1,2.64,Medium,0.538,Yes,0.417,Yes
S00964,2024,Fall,Social Work,BSW,Undergraduate,Female,White,22,In-state,Yes,No,8583.0,30,22,72.3,79.8,46.8,2,1,1,2.13,High,0.254,No,0.112,No
S00965,2025,Fall,Nutrition,MS Nutrition,Graduate,Male,Black,27,In-state,No,Yes,9132.0,21,21,100.0,86.8,72.7,3,0,4,3.26,Low,0.733,No,0.576,No
S00966,2025,Spring,Social Work,MSW,Graduate,Female,White,35,In-state,No,Yes,9847.0,18,18,100.0,79.4,78.6,4,3,2,3.35,Medium,0.688,Yes,0.575,Yes
S00967,2023,Spring,Data Science,BS Health Data Science,Undergraduate,Female,Hispanic/Latino,21,Out-of-state,Yes,Yes,6571.0,24,22,91.6,89.7,66.4,3,0,3,2.8,Low,0.671,Yes,0.459,Yes
S00968,2022,Fall,Health Administration,MHA,Graduate,Male,Black,38,In-state,No,No,7273.0,27,27,99.6,91.7,63.6,1,1,4,3.65,Low,0.762,No,0.668,No
S00969,2026,Fall,Data Science,BS Health Data Science,Undergraduate,Female,Black,24,International,No,Yes,9001.0,30,30,99.1,80.4,46.6,5,1,1,3.45,Low,0.671,No,0.588,No
S00970,2023,Fall,Nutrition,MS Nutrition,Graduate,Female,Hispanic/Latino,37,In-state,No,No,10991.0,18,18,100.0,81.2,98.8,4,2,2,3.08,Low,0.758,Yes,0.587,No
S00971,2026,Spring,Social Work,BSW,Undergraduate,Male,Asian,22,In-state,No,No,11520.0,31,31,100.0,81.7,94.9,2,0,1,3.46,Low,0.748,Yes,0.703,Yes
S00972,2022,Spring,Nutrition,BS Nutrition,Undergraduate,Female,White,21,In-state,No,Yes,5194.0,30,30,100.0,79.0,82.0,5,0,1,2.25,Medium,0.574,Yes,0.39,No
S00973,2023,Fall,Data Science,BS Health Data Science,Undergraduate,Nonbinary,Asian,20,Out-of-state,Yes,Yes,8163.0,24,24,98.0,89.6,90.7,2,3,1,3.36,Low,0.781,Yes,0.674,Yes
S00974,2024,Spring,Nutrition,BS Nutrition,Undergraduate,Male,Black,25,In-state,No,Yes,2541.0,30,30,100.0,86.4,80.7,2,0,2,3.65,Low,0.813,Yes,0.722,Yes
S00975,2022,Fall,Health Administration,BS Health Administration,Undergraduate,Female,White,23,In-state,No,Yes,5052.0,32,32,100.0,97.3,100.0,5,2,3,3.34,Low,0.872,Yes,0.811,No
S00976,2022,Fall,Public Health,MS Epidemiology,Graduate,Female,Hispanic/Latino,32,In-state,No,Yes,5280.0,21,21,100.0,87.0,61.6,5,1,3,3.04,Low,0.737,No,0.521,No
S00977,2026,Spring,Social Work,BSW,Undergraduate,Male,Black,18,Out-of-state,No,Yes,5679.0,32,31,97.5,85.4,65.6,7,1,1,3.52,Low,0.807,No,0.732,Yes
S00978,2025,Spring,Nutrition,MS Nutrition,Graduate,Nonbinary,White,27,International,No,No,11033.0,21,21,100.0,70.4,92.5,1,0,3,4.0,Medium,0.716,Yes,0.688,Yes
S00979,2024,Fall,Public Health,MPH,Graduate,Female,Asian,34,In-state,Yes,Yes,9974.0,24,21,87.8,85.1,55.7,2,0,1,3.46,Low,0.679,Yes,0.537,Yes
S00980,2023,Fall,Health Administration,MHA,Graduate,Female,White,22,Out-of-state,No,No,9026.0,30,30,100.0,78.8,60.2,1,1,2,2.79,Medium,0.487,No,0.375,Yes
S00981,2023,Spring,Data Science,BS Health Data Science,Undergraduate,Female,Multiracial,22,In-state,Yes,Yes,7505.0,31,31,100.0,100.0,85.7,4,2,0,4.0,Low,0.884,No,0.871,Yes
S00982,2024,Fall,Public Health,BS Public Health,Undergraduate,Male,Asian,19,Out-of-state,No,Yes,7189.0,32,30,94.7,97.9,81.8,3,3,1,3.39,Low,0.812,Yes,0.742,No
S00983,2022,Spring,Social Work,BSW,Undergraduate,Female,Asian,18,In-state,No,Yes,5744.0,24,21,89.3,71.3,87.5,0,0,3,2.98,Medium,0.565,Yes,0.399,No
S00984,2025,Fall,Data Science,BS Health Data Science,Undergraduate,Female,Black,20,In-state,No,Yes,8079.0,32,32,100.0,76.8,73.3,2,1,3,3.59,Low,0.71,Yes,0.645,Yes
S00985,2025,Fall,Social Work,MSW,Graduate,Female,Hispanic/Latino,35,In-state,Yes,No,6928.0,30,28,94.8,76.5,86.3,0,2,2,4.0,Medium,0.742,No,0.72,No
S00986,2022,Spring,Public Health,BS Public Health,Undergraduate,Female,Hispanic/Latino,23,In-state,Yes,Yes,10926.0,24,22,91.8,81.5,43.1,5,1,2,2.3,High,0.302,No,0.159,No
S00987,2022,Fall,Health Administration,BS Health Administration,Undergraduate,Male,Black,18,In-state,No,No,2898.0,32,32,99.0,91.5,77.0,2,0,2,3.21,Low,0.774,No,0.649,No
S00988,2024,Fall,Social Work,BSW,Undergraduate,Male,Black,23,Out-of-state,Yes,Yes,13975.0,33,29,86.4,91.5,75.5,0,2,0,2.75,Medium,0.514,No,0.469,Yes
S00989,2025,Fall,Public Health,BS Public Health,Undergraduate,Male,Hispanic/Latino,26,Out-of-state,No,Yes,3147.0,30,25,84.7,100.0,85.8,2,0,0,2.49,Low,0.743,Yes,0.506,Yes
S00990,2023,Fall,Health Administration,BS Health Administration,Undergraduate,Male,Hispanic/Latino,21,In-state,Yes,No,2157.0,30,30,100.0,69.1,78.0,2,6,0,3.35,Medium,0.651,No,0.541,Yes
S00991,2025,Fall,Social Work,MSW,Graduate,Male,White,35,In-state,Yes,Yes,3268.0,27,27,100.0,69.4,72.4,5,0,3,3.9,Medium,0.766,Yes,0.699,Yes
S00992,2026,Spring,Data Science,MS Health Data Science,Graduate,Male,Hispanic/Latino,34,In-state,Yes,Yes,5719.0,21,19,92.7,76.4,66.8,2,0,3,3.44,Low,0.705,No,0.506,No
S00993,2025,Spring,Nutrition,BS Nutrition,Undergraduate,Female,White,20,Out-of-state,No,No,15846.0,30,25,84.2,78.6,57.2,3,3,0,2.81,Medium,0.431,No,0.379,Yes
S00994,2024,Fall,Public Health,BS Public Health,Undergraduate,Female,Asian,20,Out-of-state,No,Yes,580.0,24,23,95.2,75.2,66.2,1,2,0,2.47,Medium,0.502,No,0.266,No
S00995,2023,Spring,Social Work,MSW,Graduate,Male,Other/Unknown,30,In-state,No,No,7804.0,30,30,100.0,88.9,95.2,5,0,4,3.32,Low,0.835,No,0.753,Yes
S00996,2024,Fall,Nutrition,MS Nutrition,Graduate,Male,White,32,International,Yes,Yes,8846.0,21,20,95.4,93.4,66.0,3,2,4,3.4,Low,0.763,Yes,0.623,Yes
S00997,2023,Spring,Health Administration,BS Health Administration,Undergraduate,Female,White,22,In-state,No,Yes,5189.0,27,27,99.0,79.2,61.4,3,3,0,3.52,Low,0.718,Yes,0.593,Yes
S00998,2026,Spring,Social Work,BSW,Undergraduate,Male,Multiracial,20,In-state,No,Yes,1016.0,27,27,100.0,90.4,73.1,4,1,0,2.86,Low,0.761,No,0.551,Yes
S00999,2024,Fall,Public Health,MS Epidemiology,Graduate,Male,Asian,31,International,No,Yes,7934.0,24,23,96.9,100.0,77.3,2,3,1,3.36,Low,0.802,Yes,0.685,Yes
S01000,2024,Spring,Nutrition,BS Nutrition,Undergraduate,Female,White,22,Out-of-state,No,Yes,8116.0,32,32,100.0,93.9,79.1,2,4,0,3.54,Low,0.789,Yes,0.74,Yes
S01001,2026,Spring,Public Health,BS Public Health,Undergraduate,Female,Hispanic/Latino,18,In-state,Yes,Yes,7770.0,24,24,100.0,98.9,72.5,6,1,0,2.99,Low,0.788,Yes,0.652,Yes
S01002,2026,Spring,Data Science,BS Health Data Science,Undergraduate,Male,White,20,In-state,No,Yes,1651.0,24,24,100.0,87.5,80.3,1,0,2,4.0,Low,0.842,Yes,0.754,Yes
S01003,2022,Fall,Social Work,BSW,Undergraduate,Female,Black,25,In-state,No,No,7314.0,33,28,86.2,77.0,68.9,2,2,2,1.97,Medium,0.393,No,0.22,Yes
S01004,2026,Fall,Nutrition,BS Nutrition,Undergraduate,Female,White,22,International,No,Yes,9210.0,33,32,96.9,84.3,85.2,1,3,2,2.79,Low,0.641,Yes,0.506,Yes
S01005,2022,Fall,Public Health,BS Public Health,Undergraduate,Male,White,21,In-state,No,Yes,9610.0,27,26,96.8,89.5,74.0,2,2,0,3.73,Low,0.771,Yes,0.716,Yes
S01006,2024,Spring,Social Work,BSW,Undergraduate,Male,White,21,In-state,Yes,Yes,5576.0,31,26,84.8,80.7,73.3,3,3,3,3.43,Low,0.742,No,0.612,Yes
S01007,2023,Spring,Data Science,BS Health Data Science,Undergraduate,Male,Asian,24,In-state,No,Yes,6147.0,31,30,97.8,86.8,100.0,0,3,2,3.39,Low,0.782,Yes,0.691,Yes
S01008,2024,Spring,Health Administration,BS Health Administration,Undergraduate,Male,White,23,In-state,Yes,Yes,8320.0,27,25,91.3,71.1,62.7,2,2,2,2.4,Medium,0.399,No,0.248,No
S01009,2023,Fall,Social Work,MSW,Graduate,Female,Hispanic/Latino,36,Out-of-state,Yes,Yes,2326.0,30,30,100.0,87.0,100.0,2,0,1,3.3,Low,0.834,Yes,0.704,Yes
S01010,2026,Spring,Nutrition,BS Nutrition,Undergraduate,Female,White,24,In-state,Yes,Yes,7883.0,27,27,100.0,63.8,62.2,0,1,0,3.22,High,0.347,No,0.241,No
S01011,2025,Fall,Public Health,BS Public Health,Undergraduate,Female,Asian,19,In-state,No,No,7665.0,31,31,98.5,95.8,86.3,0,1,2,2.92,Low,0.714,No,0.589,Yes
S01012,2023,Fall,Nutrition,BS Nutrition,Undergraduate,Nonbinary,White,21,In-state,No,Yes,9288.0,31,27,88.5,73.8,83.9,3,0,1,2.51,Medium,0.515,Yes,0.376,No
S01013,2026,Spring,Data Science,BS Health Data Science,Undergraduate,Female,Black,18,In-state,Yes,Yes,1771.0,33,31,92.4,94.2,58.9,1,1,1,2.96,Low,0.699,No,0.516,Yes
S01014,2022,Fall,Nutrition,BS Nutrition,Undergraduate,Male,White,21,In-state,No,Yes,4135.0,31,31,100.0,88.3,76.8,1,4,0,3.24,Low,0.741,No,0.613,Yes
S01015,2024,Fall,Health Administration,BS Health Administration,Undergraduate,Female,Black,21,Out-of-state,No,No,9760.0,24,24,100.0,88.1,65.4,2,2,0,2.95,Low,0.634,No,0.475,No
S01016,2024,Fall,Public Health,MPH,Graduate,Male,Black,33,In-state,No,Yes,10381.0,27,27,100.0,79.1,63.3,2,5,2,2.95,Medium,0.532,No,0.43,Yes
S01017,2023,Fall,Nutrition,BS Nutrition,Undergraduate,Female,White,20,In-state,Yes,No,10717.0,33,33,100.0,78.0,95.3,2,3,2,2.66,Medium,0.568,Yes,0.495,No
S01018,2026,Spring,Social Work,MSW,Graduate,Male,Other/Unknown,28,Out-of-state,Yes,No,7668.0,18,18,99.7,88.6,79.5,1,1,0,3.73,Low,0.794,No,0.668,No
S01019,2025,Spring,Public Health,MPH,Graduate,Male,White,32,In-state,Yes,No,10734.0,18,18,100.0,82.1,100.0,4,0,4,3.67,Low,0.828,Yes,0.733,Yes
S01020,2022,Fall,Social Work,BSW,Undergraduate,Male,White,20,In-state,No,No,4488.0,33,33,100.0,94.9,82.5,3,1,0,3.94,Low,0.867,Yes,0.838,Yes
S01021,2025,Fall,Social Work,BSW,Undergraduate,Male,Black,21,In-state,No,Yes,7437.0,32,27,85.6,72.1,68.6,3,0,1,2.68,Medium,0.498,No,0.357,No
S01022,2023,Spring,Health Administration,BS Health Administration,Undergraduate,Female,Asian,22,In-state,No,Yes,4532.0,33,32,97.0,74.4,83.8,3,0,1,2.85,Medium,0.619,Yes,0.497,Yes
S01023,2022,Spring,Nutrition,BS Nutrition,Undergraduate,Female,White,21,International,No,No,11866.0,33,33,100.0,79.1,56.9,2,6,1,3.36,Medium,0.541,No,0.551,No
S01024,2022,Spring,Health Administration,BS Health Administration,Undergraduate,Female,Hispanic/Latino,24,In-state,Yes,Yes,1771.0,33,33,100.0,79.7,50.5,2,0,1,3.63,Low,0.715,Yes,0.602,No
S01025,2024,Fall,Data Science,BS Health Data Science,Undergraduate,Female,White,20,Out-of-state,No,Yes,10840.0,30,26,87.5,65.0,78.6,3,0,2,2.75,High,0.362,No,0.236,Yes
S01026,2025,Spring,Data Science,BS Health Data Science,Undergraduate,Female,Hispanic/Latino,24,Out-of-state,No,Yes,1531.0,24,20,85.1,78.2,82.8,3,0,1,2.97,Low,0.731,Yes,0.477,Yes
S01027,2023,Fall,Nutrition,BS Nutrition,Undergraduate,Male,Black,19,In-state,No,Yes,7214.0,33,33,100.0,81.1,65.9,2,0,2,3.36,Low,0.685,No,0.595,Yes
S01028,2025,Fall,Public Health,BS Public Health,Undergraduate,Male,Asian,18,In-state,Yes,No,6255.0,31,31,100.0,84.6,83.9,5,1,1,2.17,Medium,0.588,No,0.417,No
S01029,2026,Spring,Nutrition,MS Nutrition,Graduate,Female,White,22,Out-of-state,No,No,10407.0,30,30,100.0,74.2,74.2,3,0,2,3.91,Medium,0.706,Yes,0.712,Yes
S01030,2022,Spring,Nutrition,BS Nutrition,Undergraduate,Female,White,22,In-state,Yes,No,6817.0,24,24,100.0,72.9,76.6,3,0,2,4.0,Low,0.778,Yes,0.703,Yes
S01031,2023,Spring,Nutrition,BS Nutrition,Undergraduate,Male,Black,20,Out-of-state,No,Yes,3403.0,27,25,91.7,84.5,68.1,2,2,1,2.64,Low,0.637,No,0.389,No
S01032,2024,Spring,Public Health,BS Public Health,Undergraduate,Female,Multiracial,18,International,No,Yes,5628.0,32,32,100.0,100.0,89.2,4,6,1,4.0,Low,0.896,Yes,0.879,Yes
S01033,2026,Fall,Social Work,MSW,Graduate,Female,White,33,In-state,No,No,9218.0,27,27,100.0,83.4,64.0,0,1,1,3.39,Low,0.659,Yes,0.535,Yes
S01034,2022,Spring,Data Science,MS Health Data Science,Graduate,Male,Multiracial,27,In-state,No,No,9034.0,18,18,100.0,79.4,67.6,0,2,3,3.69,Medium,0.639,No,0.547,Yes
S01035,2022,Fall,Social Work,BSW,Undergraduate,Female,White,20,In-state,No,No,12578.0,32,32,100.0,95.3,70.8,2,2,3,3.62,Low,0.752,Yes,0.741,Yes
S01036,2026,Spring,Nutrition,MS Nutrition,Graduate,Female,White,22,In-state,Yes,Yes,1759.0,21,21,99.7,80.4,70.7,0,2,2,4.0,Low,0.799,No,0.658,Yes
S01037,2024,Spring,Public Health,BS Public Health,Undergraduate,Male,Black,21,Out-of-state,No,Yes,5190.0,30,30,100.0,85.5,50.3,0,2,0,2.88,Medium,0.503,Yes,0.387,Yes
S01038,2022,Fall,Health Administration,BS Health Administration,Undergraduate,Female,Black,22,In-state,No,Yes,5009.0,31,27,85.5,85.8,82.7,4,2,3,2.61,Low,0.705,No,0.49,Yes
S01039,2024,Fall,Health Administration,BS Health Administration,Undergraduate,Female,Black,18,In-state,No,Yes,7394.0,24,24,100.0,73.6,66.1,0,0,0,3.04,Medium,0.496,No,0.373,Yes
S01040,2025,Spring,Public Health,BS Public Health,Undergraduate,Male,Hispanic/Latino,18,In-state,No,Yes,12212.0,27,27,98.5,74.6,79.5,4,0,2,2.62,Medium,0.511,No,0.411,No
S01041,2025,Spring,Nutrition,BS Nutrition,Undergraduate,Female,Other/Unknown,25,In-state,Yes,Yes,7572.0,27,25,90.9,69.0,83.8,6,3,1,2.51,High,0.453,No,0.262,No
S01042,2025,Fall,Nutrition,BS Nutrition,Undergraduate,Nonbinary,White,25,In-state,No,Yes,4216.0,31,28,89.7,94.1,61.2,5,0,0,3.12,Low,0.768,Yes,0.624,Yes
S01043,2022,Fall,Data Science,BS Health Data Science,Undergraduate,Female,White,24,In-state,No,Yes,0.0,32,31,98.0,94.5,91.9,1,3,3,2.91,Low,0.793,Yes,0.617,Yes
S01044,2026,Spring,Social Work,MSW,Graduate,Female,Hispanic/Latino,30,In-state,No,Yes,4657.0,21,19,88.9,76.3,68.6,0,2,3,3.42,Medium,0.626,No,0.465,No
S01045,2025,Spring,Public Health,BS Public Health,Undergraduate,Male,White,18,In-state,No,Yes,4343.0,24,23,96.5,90.7,56.2,1,3,0,2.63,Low,0.601,Yes,0.355,No
S01046,2024,Fall,Social Work,MSW,Graduate,Male,White,30,In-state,No,Yes,4049.0,21,21,100.0,82.3,79.7,5,3,4,3.57,Low,0.828,Yes,0.685,Yes
S01047,2026,Spring,Public Health,MS Epidemiology,Graduate,Female,Hispanic/Latino,33,Out-of-state,No,Yes,8793.0,21,19,88.9,76.4,88.9,2,2,2,3.21,Low,0.713,Yes,0.523,No
S01048,2024,Spring,Health Administration,BS Health Administration,Undergraduate,Male,Black,27,Out-of-state,Yes,Yes,5284.0,31,30,97.8,94.6,78.0,3,3,4,3.4,Low,0.805,Yes,0.718,Yes
S01049,2024,Spring,Public Health,BS Public Health,Undergraduate,Female,Multiracial,20,In-state,Yes,No,9126.0,33,29,87.5,82.7,72.0,4,0,2,1.96,Medium,0.454,Yes,0.289,Yes
S01050,2026,Spring,Public Health,BS Public Health,Undergraduate,Female,White,18,In-state,No,Yes,2802.0,30,30,100.0,84.1,71.3,4,0,1,3.04,Low,0.739,Yes,0.57,Yes
S01051,2026,Spring,Public Health,BS Public Health,Undergraduate,Female,Black,22,International,Yes,No,16137.0,33,29,88.4,71.9,72.4,2,1,0,3.49,Medium,0.534,Yes,0.57,No
S01052,2025,Spring,Health Administration,BS Health Administration,Undergraduate,Female,Black,20,Out-of-state,No,Yes,5223.0,24,23,94.5,82.2,65.0,3,3,1,2.98,Low,0.668,Yes,0.46,Yes
S01053,2024,Fall,Social Work,BSW,Undergraduate,Nonbinary,Black,21,In-state,No,No,7419.0,27,25,91.4,73.7,94.2,4,1,3,2.91,Low,0.705,Yes,0.523,No
S01054,2023,Fall,Data Science,MS Health Data Science,Graduate,Female,White,35,In-state,No,Yes,5489.0,27,27,100.0,87.4,51.6,1,1,0,3.38,Low,0.689,No,0.534,Yes
S01055,2022,Spring,Nutrition,BS Nutrition,Undergraduate,Male,White,25,International,No,No,7748.0,27,26,95.5,100.0,94.5,0,2,0,2.38,Medium,0.628,No,0.475,No
S01056,2023,Spring,Public Health,BS Public Health,Undergraduate,Female,Hispanic/Latino,22,Out-of-state,Yes,Yes,3002.0,32,29,90.1,68.6,67.7,3,3,2,2.9,Medium,0.556,No,0.4,No
S01057,2025,Spring,Nutrition,MS Nutrition,Graduate,Female,Multiracial,29,In-state,No,Yes,5197.0,18,16,87.0,72.6,71.0,3,1,1,2.72,Medium,0.558,No,0.319,No
S01058,2023,Spring,Health Administration,BS Health Administration,Undergraduate,Male,Hispanic/Latino,20,In-state,No,No,8924.0,30,30,100.0,97.5,86.6,4,2,0,3.91,Low,0.867,Yes,0.851,Yes
S01059,2022,Spring,Data Science,MS Health Data Science,Graduate,Male,White,33,In-state,No,Yes,2987.0,27,27,100.0,86.8,93.3,4,4,5,3.75,Low,0.875,Yes,0.791,Yes
S01060,2024,Spring,Social Work,BSW,Undergraduate,Male,Asian,22,In-state,Yes,Yes,2137.0,30,26,87.6,88.2,72.8,4,2,2,3.2,Low,0.783,Yes,0.618,No
S01061,2024,Fall,Data Science,MS Health Data Science,Graduate,Male,White,43,In-state,No,Yes,3509.0,21,21,100.0,94.6,64.2,5,2,1,3.59,Low,0.841,Yes,0.708,Yes
S01062,2023,Fall,Nutrition,BS Nutrition,Undergraduate,Female,White,20,In-state,Yes,Yes,544.0,24,21,87.8,90.3,84.9,2,2,0,2.63,Low,0.738,No,0.457,No
S01063,2025,Fall,Social Work,MSW,Graduate,Female,Asian,30,Out-of-state,Yes,Yes,6259.0,18,18,100.0,79.5,63.5,3,1,4,3.44,Low,0.722,No,0.528,No
S01064,2024,Spring,Public Health,BS Public Health,Undergraduate,Female,Multiracial,21,In-state,No,Yes,6792.0,24,20,83.7,71.9,87.3,1,0,3,2.5,Medium,0.499,No,0.3,No
S01065,2025,Fall,Public Health,BS Public Health,Undergraduate,Female,Hispanic/Latino,20,International,No,No,15405.0,33,33,100.0,76.3,97.4,0,2,3,3.66,Medium,0.638,No,0.702,No
S01066,2025,Fall,Social Work,BSW,Undergraduate,Male,White,23,In-state,No,Yes,1468.0,24,24,100.0,85.1,73.1,3,4,1,3.76,Low,0.822,Yes,0.703,Yes
S01067,2025,Fall,Public Health,BS Public Health,Undergraduate,Male,Multiracial,20,In-state,No,No,7156.0,32,32,98.8,64.9,67.4,3,0,1,3.02,Medium,0.512,Yes,0.424,No
S01068,2026,Fall,Health Administration,BS Health Administration,Undergraduate,Female,Multiracial,23,In-state,No,No,4384.0,27,27,100.0,82.3,60.8,0,1,0,3.29,Low,0.653,Yes,0.49,Yes
S01069,2023,Spring,Data Science,BS Health Data Science,Undergraduate,Female,Black,20,In-state,No,Yes,6784.0,27,27,100.0,84.4,62.3,2,2,1,3.3,Low,0.685,No,0.552,No
S01070,2026,Fall,Nutrition,BS Nutrition,Undergraduate,Male,Multiracial,24,In-state,No,Yes,287.0,30,25,81.9,77.3,66.3,3,2,0,2.32,High,0.419,Yes,0.18,No
S01071,2026,Spring,Nutrition,BS Nutrition,Undergraduate,Female,White,20,Out-of-state,No,No,7252.0,27,26,97.8,97.8,76.2,2,4,1,3.41,Low,0.788,Yes,0.696,Yes
S01072,2025,Spring,Social Work,BSW,Undergraduate,Female,White,22,In-state,No,Yes,0.0,24,24,100.0,71.7,82.3,3,2,1,4.0,Low,0.829,No,0.713,Yes
S01073,2024,Fall,Health Administration,BS Health Administration,Undergraduate,Female,Hispanic/Latino,24,Out-of-state,No,No,6974.0,30,30,100.0,94.0,65.8,4,1,3,3.01,Low,0.73,No,0.603,Yes
S01074,2023,Spring,Health Administration,BS Health Administration,Undergraduate,Male,White,21,In-state,No,Yes,2132.0,30,30,100.0,75.2,76.2,2,2,0,3.82,Low,0.783,Yes,0.686,Yes
S01075,2026,Spring,Social Work,BSW,Undergraduate,Male,Asian,22,Out-of-state,No,Yes,4652.0,30,30,100.0,84.6,35.6,3,0,3,4.0,Low,0.736,Yes,0.673,No
S01076,2024,Spring,Health Administration,MHA,Graduate,Female,Black,26,International,Yes,Yes,6893.0,30,25,84.2,72.1,62.1,1,2,2,2.75,Medium,0.472,Yes,0.309,No
S01077,2023,Fall,Public Health,BS Public Health,Undergraduate,Female,Black,23,Out-of-state,No,No,9109.0,27,27,100.0,98.0,74.3,5,0,1,2.9,Low,0.755,Yes,0.63,Yes
S01078,2023,Fall,Nutrition,BS Nutrition,Undergraduate,Female,Hispanic/Latino,22,In-state,Yes,No,11442.0,27,27,100.0,100.0,73.3,4,1,2,3.11,Low,0.754,No,0.671,No
S01079,2022,Fall,Social Work,BSW,Undergraduate,Female,White,22,In-state,Yes,Yes,5124.0,30,30,100.0,76.1,82.3,4,2,1,3.34,Low,0.754,Yes,0.634,Yes
S01080,2024,Spring,Social Work,BSW,Undergraduate,Female,Hispanic/Latino,20,In-state,No,No,11932.0,32,30,93.7,92.5,88.0,2,3,0,3.29,Low,0.75,Yes,0.697,Yes
S01081,2023,Spring,Public Health,MS Epidemiology,Graduate,Female,White,32,Out-of-state,Yes,No,8275.0,27,27,100.0,71.1,41.2,0,2,3,3.72,High,0.405,No,0.322,No
S01082,2026,Spring,Social Work,MSW,Graduate,Female,Asian,27,In-state,No,Yes,2661.0,30,28,93.8,75.7,71.8,2,2,2,3.33,Low,0.727,Yes,0.545,No
S01083,2024,Fall,Public Health,BS Public Health,Undergraduate,Male,Hispanic/Latino,21,In-state,No,No,7316.0,33,30,91.0,62.6,45.0,2,2,2,2.23,High,0.203,No,0.096,No
S01084,2023,Spring,Nutrition,BS Nutrition,Undergraduate,Male,White,24,In-state,Yes,No,7324.0,32,31,97.5,86.2,55.1,3,0,2,3.36,Low,0.692,No,0.596,Yes
S01085,2023,Fall,Public Health,MS Epidemiology,Graduate,Female,Hispanic/Latino,30,Out-of-state,Yes,No,8314.0,24,24,100.0,68.8,50.2,1,3,3,3.92,Medium,0.587,Yes,0.537,Yes
S01086,2026,Fall,Data Science,BS Health Data Science,Undergraduate,Female,White,23,Out-of-state,No,No,10730.0,27,26,96.2,66.2,39.1,4,1,2,3.12,High,0.316,No,0.226,No
S01087,2023,Spring,Public Health,MS Epidemiology,Graduate,Female,Hispanic/Latino,26,In-state,No,Yes,5334.0,27,27,100.0,64.6,97.8,5,1,1,4.0,Medium,0.805,Yes,0.765,No
S01088,2026,Fall,Social Work,BSW,Undergraduate,Female,White,22,In-state,Yes,Yes,8547.0,33,33,100.0,86.0,70.4,1,0,0,4.0,Low,0.773,Yes,0.761,Yes
S01089,2024,Spring,Health Administration,MHA,Graduate,Male,Hispanic/Latino,30,In-state,Yes,Yes,5822.0,30,30,100.0,89.4,100.0,4,2,2,4.0,Low,0.895,Yes,0.861,Yes
S01090,2022,Fall,Nutrition,BS Nutrition,Undergraduate,Female,White,21,In-state,No,No,8205.0,32,32,99.0,86.9,77.9,4,1,3,3.16,Low,0.742,Yes,0.65,No
S01091,2023,Spring,Public Health,BS Public Health,Undergraduate,Male,Black,20,In-state,No,Yes,2783.0,31,30,98.1,99.9,83.1,2,1,2,2.13,Medium,0.634,Yes,0.431,Yes
S01092,2026,Spring,Nutrition,MS Nutrition,Graduate,Female,White,24,In-state,No,No,9666.0,30,30,100.0,92.0,64.0,1,1,2,3.96,Low,0.782,No,0.752,Yes
S01093,2023,Spring,Health Administration,BS Health Administration,Undergraduate,Female,White,21,Out-of-state,No,No,5892.0,31,30,97.2,96.8,81.3,4,3,1,2.56,Low,0.737,No,0.56,Yes
S01094,2023,Spring,Health Administration,BS Health Administration,Undergraduate,Male,White,21,Out-of-state,No,No,9673.0,33,31,92.7,89.5,65.5,4,3,1,3.0,Low,0.685,Yes,0.578,Yes
S01095,2025,Fall,Public Health,BS Public Health,Undergraduate,Male,Hispanic/Latino,20,In-state,Yes,Yes,6385.0,27,24,90.7,77.4,40.0,2,3,0,3.28,Medium,0.515,No,0.407,Yes
S01096,2023,Spring,Data Science,MS Health Data Science,Graduate,Female,White,37,Out-of-state,No,No,7921.0,27,27,100.0,80.7,50.4,5,1,2,3.94,Low,0.772,No,0.703,No
S01097,2025,Fall,Data Science,BS Health Data Science,Undergraduate,Female,White,23,In-state,No,No,7929.0,31,31,100.0,84.9,80.8,2,1,1,3.49,Low,0.754,Yes,0.684,Yes
S01098,2022,Spring,Data Science,MS Health Data Science,Graduate,Female,Hispanic/Latino,32,In-state,No,Yes,5458.0,24,24,100.0,82.2,92.3,5,1,2,3.25,Low,0.815,Yes,0.665,No
S01099,2026,Fall,Nutrition,MS Nutrition,Graduate,Female,White,43,In-state,Yes,Yes,7583.0,27,22,80.3,73.3,69.2,0,2,3,2.79,High,0.373,Yes,0.199,No
S01100,2023,Spring,Nutrition,MS Nutrition,Graduate,Female,Black,32,In-state,Yes,Yes,9705.0,30,25,84.6,67.2,45.0,1,1,3,3.9,High,0.431,Yes,0.361,Yes
S01101,2025,Fall,Social Work,BSW,Undergraduate,Female,White,20,In-state,Yes,No,11462.0,31,28,89.3,78.2,45.6,6,2,2,2.78,Medium,0.488,No,0.406,Yes
S01102,2025,Fall,Data Science,MS Health Data Science,Graduate,Male,White,31,Out-of-state,No,No,9876.0,24,20,85.4,72.8,64.7,1,0,2,2.7,Medium,0.447,No,0.283,No
S01103,2024,Fall,Social Work,BSW,Undergraduate,Female,Asian,21,In-state,No,Yes,10838.0,32,31,98.4,79.7,50.8,0,3,1,2.71,High,0.29,No,0.205,No
S01104,2022,Spring,Social Work,BSW,Undergraduate,Female,White,22,In-state,Yes,Yes,2400.0,32,30,94.2,87.5,97.9,3,3,1,3.24,Low,0.825,Yes,0.704,No
S01105,2024,Spring,Data Science,BS Health Data Science,Undergraduate,Male,Black,18,In-state,No,No,3881.0,24,20,83.9,91.9,76.5,2,3,1,2.3,Medium,0.588,Yes,0.349,No
S01106,2023,Spring,Public Health,BS Public Health,Undergraduate,Female,White,21,In-state,Yes,Yes,4049.0,33,32,98.0,96.6,60.2,3,1,4,2.69,Low,0.691,Yes,0.511,No
S01107,2025,Fall,Social Work,MSW,Graduate,Female,White,32,In-state,Yes,No,7931.0,30,29,98.2,69.7,74.5,3,2,2,3.08,Medium,0.585,No,0.477,Yes
S01108,2025,Spring,Nutrition,BS Nutrition,Undergraduate,Female,White,20,Out-of-state,Yes,Yes,3224.0,33,28,83.6,75.1,63.3,2,2,1,2.6,Medium,0.505,Yes,0.326,Yes
S01109,2024,Spring,Public Health,BS Public Health,Undergraduate,Nonbinary,Hispanic/Latino,18,Out-of-state,No,No,5574.0,31,30,95.8,74.9,62.3,2,1,2,3.1,Low,0.619,Yes,0.459,No
S01110,2025,Spring,Social Work,BSW,Undergraduate,Female,White,22,International,Yes,Yes,7157.0,30,28,93.2,70.7,44.3,3,3,2,3.07,Medium,0.472,No,0.372,Yes
S01111,2024,Fall,Nutrition,BS Nutrition,Undergraduate,Female,Black,22,In-state,No,No,5069.0,27,27,100.0,91.5,46.6,2,1,0,3.98,Low,0.772,No,0.706,Yes
S01112,2024,Fall,Public Health,BS Public Health,Undergraduate,Female,White,26,Out-of-state,Yes,Yes,2701.0,32,32,100.0,72.7,46.8,4,2,1,2.92,Low,0.593,No,0.397,No
S01113,2022,Fall,Nutrition,BS Nutrition,Undergraduate,Female,Black,23,Out-of-state,Yes,Yes,6245.0,27,27,100.0,85.8,77.4,1,3,2,2.8,Low,0.652,No,0.461,Yes
S01114,2023,Spring,Social Work,BSW,Undergraduate,Nonbinary,Hispanic/Latino,19,Out-of-state,No,Yes,1352.0,31,28,89.1,85.4,41.8,1,4,1,3.47,Low,0.68,No,0.515,Yes
S01115,2026,Spring,Public Health,BS Public Health,Undergraduate,Male,Other/Unknown,22,In-state,No,Yes,6740.0,33,33,100.0,93.5,65.2,4,0,1,4.0,Low,0.836,Yes,0.819,Yes
S01116,2024,Fall,Public Health,BS Public Health,Undergraduate,Female,Other/Unknown,18,Out-of-state,No,Yes,9302.0,31,30,95.2,97.5,85.2,0,1,4,4.0,Low,0.829,Yes,0.818,No
S01117,2023,Spring,Health Administration,BS Health Administration,Undergraduate,Male,Black,18,Out-of-state,Yes,Yes,3213.0,32,32,100.0,86.4,100.0,3,2,0,3.52,Low,0.847,No,0.771,No
S01118,2024,Fall,Health Administration,MHA,Graduate,Male,White,26,Out-of-state,No,No,3800.0,27,26,95.8,80.6,65.3,1,0,2,2.86,Low,0.638,Yes,0.399,No
S01119,2026,Fall,Health Administration,BS Health Administration,Undergraduate,Female,Multiracial,22,In-state,No,Yes,7453.0,33,33,99.2,79.5,70.2,4,3,0,2.95,Low,0.664,Yes,0.532,No
S01120,2025,Spring,Social Work,BSW,Undergraduate,Male,White,18,Out-of-state,Yes,Yes,785.0,27,27,100.0,65.5,96.5,2,1,1,2.91,Medium,0.64,Yes,0.452,No
S01121,2023,Spring,Health Administration,BS Health Administration,Undergraduate,Male,Multiracial,19,In-state,No,No,4792.0,24,24,100.0,83.7,76.2,1,0,0,2.78,Low,0.649,No,0.422,No
S01122,2023,Spring,Nutrition,MS Nutrition,Graduate,Male,Black,30,In-state,No,No,7111.0,18,18,100.0,80.4,69.3,3,0,1,4.0,Low,0.8,Yes,0.691,Yes
S01123,2024,Fall,Data Science,BS Health Data Science,Undergraduate,Female,Hispanic/Latino,20,Out-of-state,No,No,12388.0,32,27,84.9,69.5,72.5,2,3,1,2.54,High,0.303,Yes,0.194,No
S01124,2025,Spring,Nutrition,BS Nutrition,Undergraduate,Female,Multiracial,22,International,No,Yes,4425.0,31,30,96.9,61.0,78.4,0,2,0,2.74,High,0.344,Yes,0.193,Yes
S01125,2025,Fall,Social Work,MSW,Graduate,Female,Black,22,Out-of-state,No,Yes,6793.0,24,23,94.5,81.7,37.5,4,0,4,3.21,Low,0.633,No,0.44,No
S01126,2026,Spring,Health Administration,MHA,Graduate,Male,Black,25,In-state,No,Yes,7096.0,27,24,88.4,71.3,51.0,0,1,1,3.24,Medium,0.486,No,0.36,Yes
S01127,2022,Fall,Social Work,MSW,Graduate,Female,White,30,In-state,No,No,5397.0,24,24,100.0,80.7,74.2,1,2,1,3.54,Low,0.744,Yes,0.593,Yes
S01128,2023,Fall,Nutrition,BS Nutrition,Undergraduate,Female,Black,22,Out-of-state,No,Yes,5022.0,30,30,100.0,100.0,79.4,3,4,1,3.59,Low,0.845,Yes,0.785,Yes
S01129,2025,Spring,Nutrition,MS Nutrition,Graduate,Male,Black,32,Out-of-state,No,Yes,7388.0,21,21,100.0,90.4,67.1,2,0,2,4.0,Low,0.815,Yes,0.734,Yes
S01130,2023,Fall,Data Science,MS Health Data Science,Graduate,Female,White,25,In-state,No,No,10781.0,30,25,84.3,68.6,51.5,0,5,1,2.77,High,0.266,No,0.153,No
S01131,2023,Fall,Health Administration,BS Health Administration,Undergraduate,Male,White,18,In-state,No,No,9451.0,24,24,97.9,95.6,88.4,2,2,2,2.72,Low,0.711,Yes,0.541,No
S01132,2026,Spring,Nutrition,MS Nutrition,Graduate,Female,White,30,Out-of-state,No,Yes,4829.0,30,30,100.0,83.3,76.7,3,0,3,3.39,Low,0.777,Yes,0.652,Yes
S01133,2022,Spring,Nutrition,BS Nutrition,Undergraduate,Female,Asian,20,In-state,Yes,Yes,1883.0,32,31,98.2,74.3,57.4,1,3,3,3.37,Low,0.655,Yes,0.493,No
S01134,2024,Spring,Health Administration,BS Health Administration,Undergraduate,Female,Other/Unknown,20,In-state,No,No,6609.0,31,31,99.9,87.2,90.9,1,3,0,3.25,Low,0.756,Yes,0.656,Yes
S01135,2026,Fall,Health Administration,MHA,Graduate,Female,Asian,35,Out-of-state,Yes,Yes,2182.0,21,18,87.8,78.7,57.7,1,0,2,2.72,Medium,0.535,Yes,0.288,No
S01136,2026,Spring,Health Administration,BS Health Administration,Undergraduate,Male,White,21,In-state,Yes,Yes,5768.0,33,33,99.7,70.3,100.0,3,0,1,3.49,Low,0.774,Yes,0.69,Yes
S01137,2023,Fall,Public Health,MPH,Graduate,Female,Black,34,In-state,No,Yes,8891.0,30,30,98.8,78.1,58.2,0,2,3,3.03,Medium,0.496,Yes,0.405,No
S01138,2023,Spring,Data Science,MS Health Data Science,Graduate,Female,White,40,In-state,Yes,Yes,2794.0,21,20,95.3,85.3,79.9,3,0,1,3.3,Low,0.795,Yes,0.595,Yes
S01139,2025,Spring,Public Health,BS Public Health,Undergraduate,Male,White,23,In-state,No,Yes,8348.0,30,22,73.7,82.9,66.9,2,0,0,2.64,Medium,0.516,No,0.359,No
S01140,2022,Spring,Social Work,BSW,Undergraduate,Male,White,18,Out-of-state,No,No,8898.0,24,24,100.0,100.0,70.7,2,1,1,3.06,Low,0.73,Yes,0.596,Yes
S01141,2022,Spring,Data Science,BS Health Data Science,Undergraduate,Male,Asian,21,In-state,Yes,Yes,5341.0,32,30,94.1,78.6,50.6,3,1,1,2.2,High,0.31,Yes,0.153,Yes
S01142,2025,Spring,Social Work,BSW,Undergraduate,Female,Black,21,In-state,No,Yes,7271.0,33,25,75.7,72.0,46.4,1,1,0,2.41,Medium,0.343,No,0.199,No
S01143,2026,Fall,Data Science,MS Health Data Science,Graduate,Male,Multiracial,28,In-state,No,Yes,0.0,18,15,84.8,76.1,48.7,3,3,2,2.59,Medium,0.53,Yes,0.242,No
S01144,2024,Spring,Health Administration,BS Health Administration,Undergraduate,Male,Other/Unknown,21,In-state,No,Yes,574.0,32,30,94.0,91.7,99.5,5,3,2,2.54,Low,0.809,Yes,0.603,Yes
S01145,2024,Fall,Data Science,BS Health Data Science,Undergraduate,Male,Hispanic/Latino,23,In-state,No,Yes,8580.0,27,27,100.0,94.3,66.8,4,3,3,3.21,Low,0.746,Yes,0.64,Yes
S01146,2024,Fall,Nutrition,MS Nutrition,Graduate,Male,Black,31,In-state,No,Yes,7017.0,18,18,100.0,83.2,74.1,0,2,2,3.74,Low,0.752,Yes,0.606,No
S01147,2023,Fall,Social Work,BSW,Undergraduate,Female,Asian,22,Out-of-state,Yes,Yes,8214.0,32,32,100.0,82.5,66.1,2,0,0,3.86,Low,0.749,Yes,0.715,Yes
S01148,2024,Fall,Public Health,MPH,Graduate,Female,Asian,26,Out-of-state,No,No,6348.0,30,27,91.4,92.6,85.6,3,1,0,3.62,Low,0.84,Yes,0.759,No
S01149,2023,Spring,Health Administration,MHA,Graduate,Female,Hispanic/Latino,23,In-state,No,Yes,3718.0,24,24,100.0,76.8,45.2,2,0,1,3.86,Low,0.718,Yes,0.573,No
S01150,2024,Fall,Social Work,MSW,Graduate,Female,Hispanic/Latino,22,Out-of-state,Yes,No,14555.0,30,30,100.0,99.1,59.4,3,2,1,3.97,Low,0.793,Yes,0.801,Yes
S01151,2022,Fall,Public Health,MS Epidemiology,Graduate,Male,Black,28,In-state,Yes,No,12552.0,24,24,100.0,88.5,92.1,2,2,1,3.58,Low,0.787,Yes,0.719,Yes
S01152,2024,Spring,Nutrition,BS Nutrition,Undergraduate,Female,Asian,21,In-state,Yes,Yes,5904.0,24,21,87.5,68.0,48.0,1,1,0,3.28,Medium,0.477,No,0.344,Yes
S01153,2023,Fall,Health Administration,MHA,Graduate,Male,Hispanic/Latino,35,In-state,Yes,Yes,3162.0,21,21,100.0,91.7,73.2,5,0,2,3.16,Low,0.811,Yes,0.62,No
S01154,2023,Fall,Nutrition,BS Nutrition,Undergraduate,Male,Hispanic/Latino,20,In-state,No,Yes,6588.0,30,30,100.0,96.9,72.9,3,0,1,3.1,Low,0.76,No,0.648,Yes
S01155,2023,Fall,Social Work,BSW,Undergraduate,Male,Other/Unknown,21,In-state,No,No,5497.0,33,30,89.9,69.2,50.9,1,0,2,3.15,Medium,0.475,Yes,0.377,No
S01156,2022,Fall,Data Science,MS Health Data Science,Graduate,Female,Hispanic/Latino,22,In-state,No,Yes,12839.0,24,20,82.9,49.6,40.0,3,3,1,2.23,High,0.144,No,0.058,No
S01157,2026,Spring,Social Work,MSW,Graduate,Male,Other/Unknown,26,In-state,No,No,11687.0,24,24,100.0,100.0,83.2,3,2,3,3.72,Low,0.838,Yes,0.792,Yes
S01158,2025,Spring,Public Health,BS Public Health,Undergraduate,Female,Black,19,In-state,Yes,Yes,2454.0,32,31,98.1,80.8,72.2,3,2,1,2.93,Low,0.699,Yes,0.509,No
S01159,2023,Spring,Data Science,BS Health Data Science,Undergraduate,Nonbinary,Black,21,Out-of-state,No,No,9153.0,30,30,100.0,93.0,81.3,2,3,2,4.0,Low,0.83,Yes,0.816,Yes
S01160,2024,Fall,Social Work,BSW,Undergraduate,Female,Asian,23,In-state,Yes,Yes,3525.0,32,32,100.0,84.4,52.0,1,0,1,3.54,Low,0.698,Yes,0.588,Yes
S01161,2022,Spring,Public Health,BS Public Health,Undergraduate,Male,White,18,In-state,No,Yes,2458.0,32,31,97.8,77.2,85.9,2,2,2,2.4,Medium,0.569,No,0.378,Yes
S01162,2025,Fall,Public Health,BS Public Health,Undergraduate,Female,White,22,In-state,Yes,Yes,2933.0,24,22,93.2,100.0,51.7,3,0,1,3.9,Low,0.831,Yes,0.738,Yes
S01163,2024,Spring,Data Science,MS Health Data Science,Graduate,Male,White,37,In-state,No,No,2733.0,21,21,100.0,90.0,83.2,6,2,1,3.07,Low,0.832,Yes,0.638,Yes
S01164,2024,Fall,Health Administration,BS Health Administration,Undergraduate,Female,Hispanic/Latino,18,In-state,No,No,9422.0,27,27,100.0,97.2,75.7,3,4,0,3.38,Low,0.781,Yes,0.707,Yes
S01165,2023,Fall,Public Health,BS Public Health,Undergraduate,Female,Multiracial,23,International,Yes,Yes,8620.0,32,32,100.0,77.2,65.0,4,3,2,3.82,Low,0.746,No,0.709,Yes
S01166,2025,Spring,Health Administration,BS Health Administration,Undergraduate,Female,White,19,In-state,No,Yes,3335.0,24,24,100.0,96.3,55.5,3,1,2,3.5,Low,0.784,Yes,0.651,Yes
S01167,2025,Spring,Public Health,BS Public Health,Undergraduate,Male,White,19,Out-of-state,No,Yes,11462.0,32,32,100.0,72.1,100.0,6,1,0,3.41,Medium,0.728,Yes,0.727,Yes
S01168,2024,Fall,Health Administration,BS Health Administration,Undergraduate,Female,White,23,In-state,Yes,Yes,4598.0,24,22,92.9,88.9,51.8,1,3,2,2.87,Low,0.611,Yes,0.381,Yes
S01169,2026,Fall,Nutrition,MS Nutrition,Graduate,Male,White,40,In-state,No,Yes,1023.0,27,26,95.3,82.5,69.9,4,2,3,2.54,Low,0.693,Yes,0.401,No
S01170,2026,Fall,Data Science,BS Health Data Science,Undergraduate,Male,White,23,Out-of-state,No,Yes,10599.0,24,23,95.1,87.2,85.1,1,3,2,2.51,Medium,0.539,Yes,0.399,Yes
S01171,2022,Fall,Social Work,MSW,Graduate,Female,White,25,In-state,No,Yes,4762.0,30,23,78.0,61.9,47.9,2,3,3,3.05,Medium,0.457,No,0.286,Yes
S01172,2022,Spring,Nutrition,BS Nutrition,Undergraduate,Female,Multiracial,20,In-state,Yes,No,10538.0,31,31,100.0,77.1,44.4,0,0,1,3.27,High,0.339,No,0.285,No
S01173,2022,Fall,Health Administration,MHA,Graduate,Female,White,40,In-state,No,Yes,6354.0,30,28,93.6,70.1,53.1,0,3,0,3.03,Medium,0.461,No,0.333,No
S01174,2024,Spring,Health Administration,BS Health Administration,Undergraduate,Female,Black,24,In-state,Yes,No,3454.0,32,32,100.0,74.2,87.1,3,3,0,2.44,Medium,0.573,Yes,0.399,Yes
S01175,2026,Spring,Data Science,MS Health Data Science,Graduate,Male,White,35,In-state,No,Yes,2834.0,30,30,100.0,72.6,50.2,3,1,1,3.64,Low,0.707,Yes,0.562,No
S01176,2022,Fall,Nutrition,BS Nutrition,Undergraduate,Female,White,20,In-state,No,Yes,3648.0,30,28,92.9,77.9,85.8,3,1,0,2.34,Medium,0.572,Yes,0.37,No
S01177,2025,Spring,Data Science,BS Health Data Science,Undergraduate,Female,White,19,In-state,Yes,Yes,8209.0,31,31,100.0,65.5,44.3,3,1,1,2.35,High,0.233,No,0.125,No
S01178,2023,Fall,Public Health,BS Public Health,Undergraduate,Male,Black,25,In-state,Yes,Yes,7429.0,30,25,83.8,84.8,40.7,0,2,0,1.98,High,0.22,No,0.093,No
S01179,2026,Spring,Public Health,MS Epidemiology,Graduate,Male,White,24,Out-of-state,Yes,Yes,5176.0,21,20,96.1,82.8,61.7,4,1,0,2.99,Low,0.697,No,0.455,No
S01180,2024,Spring,Nutrition,BS Nutrition,Undergraduate,Male,White,24,In-state,No,Yes,6245.0,32,28,88.4,80.4,90.6,6,3,0,3.08,Low,0.783,Yes,0.65,Yes
S01181,2026,Spring,Nutrition,MS Nutrition,Graduate,Female,Black,23,In-state,Yes,Yes,1205.0,18,17,96.7,68.5,100.0,3,4,2,3.85,Medium,0.809,Yes,0.681,Yes
S01182,2026,Spring,Health Administration,MHA,Graduate,Female,White,35,Out-of-state,Yes,Yes,4892.0,18,18,100.0,91.4,100.0,4,0,2,3.57,Low,0.875,Yes,0.758,Yes
S01183,2025,Fall,Social Work,MSW,Graduate,Female,White,25,In-state,Yes,Yes,11452.0,18,16,89.4,80.8,62.7,0,1,1,3.02,Medium,0.5,Yes,0.355,Yes
S01184,2022,Spring,Health Administration,BS Health Administration,Undergraduate,Female,Black,21,In-state,Yes,Yes,5766.0,24,24,100.0,100.0,76.6,1,1,1,3.5,Low,0.804,Yes,0.702,Yes
S01185,2023,Fall,Data Science,MS Health Data Science,Graduate,Female,Multiracial,33,In-state,Yes,Yes,5826.0,30,30,100.0,61.7,40.3,1,2,1,3.76,High,0.402,No,0.311,Yes
S01186,2026,Spring,Data Science,BS Health Data Science,Undergraduate,Female,Hispanic/Latino,19,In-state,No,Yes,2967.0,31,29,94.0,87.7,55.6,3,2,2,2.82,Low,0.661,Yes,0.453,Yes
S01187,2024,Fall,Data Science,BS Health Data Science,Undergraduate,Male,Black,20,In-state,No,No,8848.0,32,31,97.4,93.0,82.2,3,3,1,3.45,Low,0.792,Yes,0.737,Yes
S01188,2024,Fall,Health Administration,BS Health Administration,Undergraduate,Nonbinary,Multiracial,20,International,No,Yes,1425.0,27,26,95.4,82.1,68.9,4,0,2,3.92,Low,0.831,No,0.737,No
S01189,2025,Spring,Health Administration,BS Health Administration,Undergraduate,Female,White,20,Out-of-state,No,No,6755.0,30,30,100.0,71.0,62.3,3,0,0,2.79,Medium,0.495,No,0.375,Yes
S01190,2023,Fall,Data Science,MS Health Data Science,Graduate,Male,Multiracial,25,In-state,Yes,Yes,5868.0,21,19,92.7,84.3,68.3,3,2,2,3.21,Low,0.729,Yes,0.519,Yes
S01191,2025,Fall,Nutrition,MS Nutrition,Graduate,Female,White,36,In-state,Yes,Yes,7427.0,30,29,97.9,75.2,80.2,4,3,5,3.51,Low,0.764,Yes,0.658,No
S01192,2025,Spring,Health Administration,BS Health Administration,Undergraduate,Male,Other/Unknown,20,In-state,No,No,7775.0,24,24,100.0,78.2,90.5,2,1,1,3.71,Low,0.779,No,0.69,Yes
S01193,2024,Spring,Data Science,BS Health Data Science,Undergraduate,Male,Black,18,International,Yes,Yes,10147.0,30,30,99.0,76.3,59.1,1,2,1,3.44,Medium,0.543,Yes,0.523,Yes
S01194,2022,Spring,Data Science,BS Health Data Science,Undergraduate,Female,White,22,In-state,No,Yes,6528.0,27,27,100.0,95.1,100.0,0,0,2,3.1,Low,0.778,Yes,0.651,Yes
S01195,2025,Spring,Social Work,MSW,Graduate,Male,White,23,Out-of-state,No,No,18044.0,24,24,100.0,89.3,75.7,2,1,2,3.02,Low,0.627,Yes,0.538,Yes
S01196,2025,Fall,Data Science,MS Health Data Science,Graduate,Female,Black,33,Out-of-state,Yes,Yes,4673.0,27,27,100.0,89.5,71.2,0,2,0,3.42,Low,0.749,No,0.604,No
S01197,2023,Spring,Public Health,BS Public Health,Undergraduate,Female,White,21,In-state,Yes,No,7226.0,24,24,100.0,86.8,90.0,5,1,0,3.35,Low,0.813,Yes,0.705,No
S01198,2024,Spring,Public Health,BS Public Health,Undergraduate,Female,Black,23,In-state,Yes,Yes,121.0,24,24,100.0,83.9,43.0,2,0,1,3.57,Low,0.718,No,0.533,No
S01199,2024,Spring,Nutrition,MS Nutrition,Graduate,Male,Hispanic/Latino,32,International,No,Yes,6327.0,27,27,100.0,79.1,75.9,2,3,1,3.81,Low,0.781,Yes,0.689,Yes
S01200,2023,Fall,Health Administration,BS Health Administration,Undergraduate,Male,Hispanic/Latino,24,Out-of-state,Yes,Yes,3355.0,27,22,81.5,78.1,65.7,0,3,2,2.54,High,0.369,No,0.17,No
S01201,2022,Spring,Health Administration,BS Health Administration,Undergraduate,Female,Other/Unknown,26,In-state,No,No,3963.0,24,24,99.4,100.0,73.6,3,1,2,3.14,Low,0.796,Yes,0.644,Yes
S01202,2022,Spring,Data Science,BS Health Data Science,Undergraduate,Male,Hispanic/Latino,20,Out-of-state,Yes,No,9214.0,32,32,99.7,95.2,59.8,3,0,0,3.0,Low,0.682,Yes,0.581,Yes
S01203,2026,Fall,Data Science,BS Health Data Science,Undergraduate,Female,White,20,In-state,Yes,Yes,6434.0,31,29,93.0,59.4,57.9,1,0,0,2.9,High,0.296,No,0.177,Yes
S01204,2026,Fall,Data Science,BS Health Data Science,Undergraduate,Female,Black,24,In-state,No,Yes,5922.0,32,32,100.0,82.2,79.7,3,4,2,2.83,Low,0.685,Yes,0.525,Yes
S01205,2025,Spring,Health Administration,BS Health Administration,Undergraduate,Female,Hispanic/Latino,22,In-state,Yes,Yes,5006.0,30,29,97.4,76.0,53.3,0,2,0,3.21,Medium,0.516,No,0.417,No
S01206,2022,Fall,Data Science,MS Health Data Science,Graduate,Female,White,25,Out-of-state,No,No,12897.0,21,21,100.0,78.7,48.4,2,1,1,3.98,Medium,0.618,No,0.608,Yes
S01207,2022,Fall,Nutrition,BS Nutrition,Undergraduate,Female,White,18,In-state,Yes,Yes,1888.0,30,26,87.8,82.6,71.8,2,3,2,3.72,Low,0.791,No,0.67,Yes
S01208,2023,Spring,Health Administration,BS Health Administration,Undergraduate,Female,White,25,In-state,Yes,Yes,3045.0,30,28,94.0,78.4,59.2,2,0,1,3.3,Low,0.679,Yes,0.51,No
S01209,2024,Spring,Nutrition,BS Nutrition,Undergraduate,Female,Black,20,In-state,No,No,8594.0,24,24,100.0,86.5,72.5,4,0,2,3.22,Low,0.73,Yes,0.599,No
S01210,2025,Fall,Public Health,BS Public Health,Undergraduate,Female,White,20,In-state,Yes,Yes,6472.0,30,25,84.2,81.0,56.3,0,0,0,3.08,Low,0.579,No,0.399,No
S01211,2026,Spring,Social Work,BSW,Undergraduate,Male,Hispanic/Latino,19,In-state,No,Yes,4990.0,27,25,91.7,68.0,77.4,3,3,0,2.64,Medium,0.524,Yes,0.342,No
S01212,2023,Fall,Data Science,BS Health Data Science,Undergraduate,Female,Black,21,In-state,No,No,5457.0,24,24,100.0,96.8,56.4,2,3,2,3.13,Low,0.712,Yes,0.545,Yes
S01213,2022,Fall,Data Science,BS Health Data Science,Undergraduate,Female,Asian,23,International,Yes,Yes,6008.0,33,31,93.3,90.4,100.0,1,2,0,2.61,Low,0.718,Yes,0.543,Yes
S01214,2024,Fall,Data Science,BS Health Data Science,Undergraduate,Male,White,24,In-state,Yes,No,5941.0,32,32,100.0,82.9,100.0,2,2,3,3.62,Low,0.819,Yes,0.76,Yes
S01215,2024,Spring,Data Science,BS Health Data Science,Undergraduate,Female,White,21,In-state,No,Yes,9740.0,31,26,82.7,83.8,91.6,1,1,2,2.5,Medium,0.551,Yes,0.415,No
S01216,2026,Spring,Social Work,BSW,Undergraduate,Male,White,22,In-state,Yes,Yes,5842.0,31,31,100.0,82.3,77.5,0,1,0,4.0,Low,0.781,Yes,0.738,No
S01217,2024,Fall,Nutrition,BS Nutrition,Undergraduate,Female,White,18,In-state,Yes,Yes,4658.0,30,30,100.0,84.7,70.9,2,0,1,3.81,Low,0.788,Yes,0.718,Yes
S01218,2023,Spring,Nutrition,BS Nutrition,Undergraduate,Female,Multiracial,23,In-state,No,Yes,6767.0,30,29,95.1,92.8,51.7,0,0,0,3.07,Low,0.622,Yes,0.478,Yes
S01219,2022,Fall,Social Work,BSW,Undergraduate,Male,Black,21,In-state,No,Yes,8698.0,27,27,100.0,62.3,79.0,1,2,3,2.28,High,0.269,Yes,0.134,Yes
S01220,2024,Fall,Health Administration,MHA,Graduate,Female,White,43,In-state,Yes,Yes,7069.0,24,24,98.8,100.0,71.3,3,2,1,4.0,Low,0.864,Yes,0.812,No
S01221,2025,Fall,Social Work,BSW,Undergraduate,Male,White,25,Out-of-state,Yes,Yes,9277.0,24,23,97.2,60.8,66.0,2,0,1,2.41,High,0.255,No,0.123,No
S01222,2023,Spring,Social Work,BSW,Undergraduate,Male,White,18,Out-of-state,No,Yes,10280.0,27,26,97.0,92.1,94.8,0,0,1,2.83,Medium,0.632,No,0.544,No
S01223,2024,Fall,Health Administration,BS Health Administration,Undergraduate,Nonbinary,White,21,International,No,Yes,4519.0,31,31,100.0,92.5,98.1,2,0,2,3.82,Low,0.868,Yes,0.825,No
S01224,2022,Spring,Public Health,BS Public Health,Undergraduate,Male,Hispanic/Latino,23,In-state,No,Yes,2570.0,30,27,89.8,79.7,87.4,0,1,2,2.81,Medium,0.614,Yes,0.442,No
S01225,2024,Fall,Social Work,BSW,Undergraduate,Female,White,19,Out-of-state,No,Yes,6737.0,33,33,99.4,82.2,100.0,4,2,1,3.2,Low,0.794,Yes,0.707,Yes
S01226,2022,Spring,Public Health,BS Public Health,Undergraduate,Female,Asian,18,In-state,No,No,7432.0,30,29,97.0,77.4,95.3,2,4,1,3.36,Low,0.749,No,0.646,Yes
S01227,2026,Fall,Nutrition,BS Nutrition,Undergraduate,Male,Asian,20,Out-of-state,No,Yes,4940.0,31,31,100.0,91.0,89.5,2,1,2,2.85,Low,0.747,Yes,0.593,No
S01228,2024,Spring,Health Administration,MHA,Graduate,Female,Other/Unknown,31,In-state,No,Yes,6134.0,21,21,100.0,72.2,64.4,3,1,2,3.04,Low,0.634,No,0.399,Yes
S01229,2024,Fall,Public Health,BS Public Health,Undergraduate,Male,White,19,In-state,No,Yes,6112.0,33,33,100.0,83.2,73.6,1,3,2,3.39,Low,0.713,Yes,0.62,Yes
S01230,2025,Spring,Nutrition,BS Nutrition,Undergraduate,Male,Asian,21,In-state,No,Yes,9046.0,32,32,100.0,88.5,50.6,1,2,2,3.58,Low,0.671,Yes,0.617,No
S01231,2026,Fall,Health Administration,MHA,Graduate,Male,White,31,Out-of-state,No,Yes,9775.0,18,16,89.1,77.2,74.9,2,0,2,2.96,Medium,0.569,No,0.396,Yes
S01232,2025,Spring,Health Administration,MHA,Graduate,Male,Multiracial,23,In-state,No,Yes,4891.0,18,18,99.7,94.3,100.0,3,2,1,3.06,Low,0.832,Yes,0.645,Yes
S01233,2023,Spring,Nutrition,BS Nutrition,Undergraduate,Female,Black,18,In-state,No,No,11151.0,33,33,100.0,92.7,46.3,1,0,0,3.02,Low,0.574,No,0.491,Yes
S01234,2022,Fall,Health Administration,BS Health Administration,Undergraduate,Female,White,21,In-state,No,Yes,2837.0,33,31,93.0,89.5,90.4,6,0,0,3.4,Low,0.861,Yes,0.777,Yes
S01235,2025,Fall,Public Health,BS Public Health,Undergraduate,Female,Hispanic/Latino,20,International,No,Yes,8342.0,30,25,82.2,73.3,71.6,2,4,0,2.86,Medium,0.515,No,0.388,Yes
S01236,2024,Spring,Health Administration,BS Health Administration,Undergraduate,Female,White,22,In-state,No,Yes,2426.0,31,29,92.8,80.7,70.1,4,2,2,3.18,Low,0.742,No,0.575,No
S01237,2024,Spring,Nutrition,BS Nutrition,Undergraduate,Female,White,20,Out-of-state,Yes,Yes,6352.0,32,32,100.0,93.2,86.6,2,3,0,3.69,Low,0.829,No,0.786,Yes
S01238,2026,Fall,Social Work,BSW,Undergraduate,Female,Hispanic/Latino,19,International,Yes,No,8783.0,33,24,73.0,92.6,48.9,3,3,1,1.99,High,0.313,Yes,0.149,No
S01239,2025,Spring,Health Administration,BS Health Administration,Undergraduate,Male,Hispanic/Latino,22,In-state,Yes,Yes,5222.0,24,24,100.0,93.5,77.9,6,0,1,3.51,Low,0.847,Yes,0.753,Yes
S01240,2022,Spring,Data Science,BS Health Data Science,Undergraduate,Female,Multiracial,22,In-state,No,Yes,2420.0,24,20,82.3,69.0,82.9,2,2,1,2.71,Medium,0.565,Yes,0.336,No
S01241,2024,Spring,Social Work,BSW,Undergraduate,Female,White,18,In-state,Yes,No,9638.0,24,24,99.1,86.8,66.4,4,0,2,2.02,High,0.353,No,0.177,No
S01242,2023,Spring,Health Administration,BS Health Administration,Undergraduate,Female,White,20,In-state,Yes,Yes,6113.0,30,30,100.0,68.2,65.9,1,1,2,3.2,Medium,0.525,No,0.435,Yes
S01243,2026,Fall,Social Work,BSW,Undergraduate,Male,White,20,In-state,No,Yes,2081.0,30,29,96.3,94.6,95.5,0,0,0,3.17,Low,0.803,No,0.663,Yes
S01244,2024,Spring,Nutrition,BS Nutrition,Undergraduate,Female,Asian,22,In-state,No,No,13121.0,31,31,100.0,72.5,89.4,5,1,2,3.3,Medium,0.651,No,0.65,Yes
S01245,2026,Spring,Health Administration,BS Health Administration,Undergraduate,Male,Hispanic/Latino,23,In-state,Yes,No,11163.0,27,25,94.1,78.4,92.3,5,0,2,2.62,Medium,0.606,No,0.487,Yes
S01246,2022,Spring,Data Science,BS Health Data Science,Undergraduate,Female,Hispanic/Latino,21,International,No,No,4386.0,32,24,75.1,75.9,40.6,1,0,0,1.74,High,0.195,No,0.063,No
S01247,2026,Spring,Social Work,BSW,Undergraduate,Male,White,18,In-state,No,Yes,9227.0,32,29,90.3,91.2,61.9,4,1,3,2.16,Medium,0.497,No,0.349,Yes
S01248,2026,Spring,Public Health,BS Public Health,Undergraduate,Male,Asian,24,International,No,Yes,8317.0,30,30,100.0,100.0,66.3,0,1,1,3.39,Low,0.733,No,0.659,Yes
S01249,2024,Fall,Health Administration,BS Health Administration,Undergraduate,Female,White,18,In-state,No,No,4624.0,24,21,86.5,82.4,65.4,5,2,1,2.72,Low,0.672,Yes,0.421,Yes
S01250,2024,Spring,Data Science,MS Health Data Science,Graduate,Female,Multiracial,24,Out-of-state,Yes,Yes,15781.0,30,30,100.0,85.9,39.6,5,4,1,3.43,Medium,0.57,No,0.593,Yes
S01251,2022,Fall,Health Administration,BS Health Administration,Undergraduate,Female,Hispanic/Latino,18,In-state,No,Yes,3065.0,31,30,95.8,86.4,90.1,5,1,2,3.2,Low,0.822,No,0.701,Yes
S01252,2022,Fall,Public Health,MPH,Graduate,Male,White,32,Out-of-state,No,No,9158.0,24,24,100.0,83.8,63.7,1,0,2,3.73,Low,0.724,Yes,0.625,Yes
S01253,2022,Fall,Health Administration,MHA,Graduate,Male,White,22,In-state,Yes,Yes,2408.0,21,20,93.4,86.7,96.4,2,0,2,3.75,Low,0.864,Yes,0.74,Yes
S01254,2026,Fall,Social Work,BSW,Undergraduate,Male,Hispanic/Latino,21,In-state,Yes,Yes,972.0,31,30,96.3,91.5,100.0,4,2,0,3.18,Low,0.855,Yes,0.734,Yes
S01255,2023,Fall,Health Administration,BS Health Administration,Undergraduate,Male,White,24,In-state,Yes,Yes,9435.0,24,20,84.6,82.0,39.1,1,0,1,2.58,Medium,0.376,Yes,0.235,Yes
S01256,2026,Fall,Health Administration,MHA,Graduate,Female,White,22,Out-of-state,No,Yes,10274.0,21,21,100.0,100.0,90.4,0,4,1,3.47,Medium,0.759,Yes,0.702,Yes
S01257,2025,Fall,Nutrition,MS Nutrition,Graduate,Female,Black,36,In-state,No,No,9326.0,18,16,91.0,79.0,68.2,3,0,2,3.28,Low,0.686,Yes,0.486,Yes
S01258,2023,Fall,Social Work,MSW,Graduate,Female,Asian,30,In-state,No,No,8266.0,27,27,100.0,95.2,97.7,4,2,4,3.85,Low,0.886,Yes,0.847,No
S01259,2025,Spring,Data Science,BS Health Data Science,Undergraduate,Female,White,20,Out-of-state,No,No,4822.0,33,28,86.1,79.6,69.8,0,2,2,2.87,Medium,0.539,No,0.401,Yes
S01260,2025,Fall,Public Health,MPH,Graduate,Male,Hispanic/Latino,25,In-state,No,Yes,2438.0,21,21,100.0,93.6,92.6,4,0,0,4.0,Low,0.906,Yes,0.834,Yes
S01261,2023,Spring,Nutrition,BS Nutrition,Undergraduate,Female,Black,19,Out-of-state,No,No,10270.0,24,22,93.4,93.6,72.3,1,1,1,2.99,Low,0.667,Yes,0.512,Yes
S01262,2026,Spring,Health Administration,MHA,Graduate,Female,Asian,36,In-state,No,No,7118.0,21,21,100.0,85.5,87.1,3,1,4,4.0,Low,0.851,Yes,0.777,Yes
S01263,2026,Fall,Nutrition,BS Nutrition,Undergraduate,Male,Asian,20,In-state,No,Yes,0.0,31,30,97.5,86.4,98.3,3,0,1,2.63,Low,0.775,Yes,0.552,No
S01264,2022,Spring,Social Work,MSW,Graduate,Male,Black,37,In-state,No,Yes,5068.0,24,20,81.5,83.4,73.7,2,0,4,3.08,Low,0.715,Yes,0.486,Yes
S01265,2025,Spring,Health Administration,BS Health Administration,Undergraduate,Female,White,19,In-state,No,Yes,5729.0,31,31,100.0,92.2,74.5,5,0,3,3.2,Low,0.791,No,0.69,Yes
S01266,2025,Spring,Health Administration,BS Health Administration,Undergraduate,Female,White,23,In-state,No,No,13698.0,32,32,100.0,76.2,100.0,2,1,2,4.0,Medium,0.74,Yes,0.799,No
S01267,2024,Fall,Data Science,BS Health Data Science,Undergraduate,Male,Black,21,In-state,Yes,No,10105.0,30,27,90.1,70.7,67.8,4,0,1,2.08,High,0.286,No,0.144,Yes
S01268,2024,Fall,Social Work,BSW,Undergraduate,Male,White,27,International,No,No,13983.0,27,26,94.5,72.6,52.0,1,0,2,2.24,High,0.199,No,0.114,No
S01269,2022,Spring,Data Science,BS Health Data Science,Undergraduate,Female,Asian,18,In-state,No,Yes,5930.0,31,29,93.5,84.5,81.1,5,0,1,2.96,Low,0.749,Yes,0.599,Yes
S01270,2026,Spring,Nutrition,BS Nutrition,Undergraduate,Female,Hispanic/Latino,19,In-state,No,Yes,6096.0,33,33,100.0,90.4,61.9,4,4,3,4.0,Low,0.824,Yes,0.8,Yes
S01271,2026,Fall,Data Science,BS Health Data Science,Undergraduate,Male,White,20,In-state,Yes,No,1774.0,33,31,94.2,70.7,68.4,3,0,0,2.79,Medium,0.564,Yes,0.399,No
S01272,2023,Fall,Nutrition,BS Nutrition,Undergraduate,Female,Black,22,In-state,No,Yes,747.0,31,31,99.1,80.1,81.9,4,4,3,3.57,Low,0.822,Yes,0.714,Yes
S01273,2026,Fall,Health Administration,BS Health Administration,Undergraduate,Male,Black,19,International,No,No,12389.0,31,28,91.9,86.2,43.5,3,0,2,2.88,Medium,0.47,No,0.413,Yes
S01274,2026,Spring,Health Administration,MHA,Graduate,Female,Black,25,In-state,No,No,13305.0,24,24,100.0,81.8,97.9,0,1,2,3.34,Medium,0.658,No,0.612,No
S01275,2024,Spring,Health Administration,MHA,Graduate,Female,Hispanic/Latino,38,In-state,Yes,No,11924.0,21,21,100.0,90.1,86.2,2,2,2,3.77,Low,0.804,Yes,0.737,No
S01276,2024,Spring,Nutrition,BS Nutrition,Undergraduate,Female,Hispanic/Latino,21,In-state,No,No,8480.0,24,22,93.1,73.3,96.0,3,0,3,2.36,Medium,0.538,No,0.349,No
S01277,2023,Spring,Nutrition,BS Nutrition,Undergraduate,Male,Asian,19,In-state,Yes,Yes,3155.0,31,28,90.7,88.0,41.1,1,0,1,2.49,Medium,0.461,No,0.288,Yes
S01278,2026,Spring,Public Health,BS Public Health,Undergraduate,Female,Multiracial,19,Out-of-state,Yes,No,9496.0,30,30,100.0,96.8,75.4,4,2,1,3.35,Low,0.788,Yes,0.728,Yes
S01279,2022,Fall,Data Science,BS Health Data Science,Undergraduate,Male,Black,20,In-state,No,No,11833.0,30,30,100.0,74.5,80.5,5,0,0,3.38,Medium,0.657,Yes,0.648,Yes
S01280,2023,Fall,Public Health,BS Public Health,Undergraduate,Male,White,19,Out-of-state,Yes,No,8393.0,31,22,70.9,83.7,95.4,1,2,2,2.36,High,0.442,Yes,0.243,No
S01281,2025,Spring,Health Administration,BS Health Administration,Undergraduate,Female,Black,21,In-state,Yes,Yes,4587.0,27,27,100.0,90.6,100.0,1,2,2,3.25,Low,0.804,Yes,0.68,No
S01282,2024,Spring,Nutrition,BS Nutrition,Undergraduate,Female,White,22,Out-of-state,No,No,10181.0,31,31,100.0,96.8,72.1,3,2,2,3.02,Low,0.72,Yes,0.63,No
S01283,2025,Fall,Social Work,BSW,Undergraduate,Female,White,21,In-state,Yes,Yes,0.0,30,30,100.0,69.8,99.1,4,2,0,1.65,High,0.407,No,0.148,No
S01284,2024,Spring,Public Health,BS Public Health,Undergraduate,Male,White,20,Out-of-state,No,No,14055.0,31,30,95.4,100.0,41.3,4,0,0,2.89,Medium,0.544,Yes,0.527,Yes
S01285,2023,Spring,Social Work,MSW,Graduate,Female,Black,35,In-state,No,Yes,6240.0,18,18,100.0,92.7,89.5,4,1,3,3.18,Low,0.821,Yes,0.648,Yes
S01286,2023,Fall,Public Health,BS Public Health,Undergraduate,Female,White,22,International,Yes,Yes,10482.0,32,29,91.6,92.9,79.5,0,4,1,3.02,Medium,0.613,Yes,0.563,No
S01287,2022,Fall,Data Science,MS Health Data Science,Graduate,Male,White,22,In-state,Yes,Yes,3216.0,21,21,100.0,83.5,18.2,4,0,3,3.62,Low,0.674,Yes,0.48,No
S01288,2024,Spring,Health Administration,MHA,Graduate,Female,Black,31,In-state,Yes,Yes,9241.0,24,21,85.8,75.2,52.3,1,0,2,3.26,Low,0.576,No,0.394,No
S01289,2023,Spring,Data Science,BS Health Data Science,Undergraduate,Female,Multiracial,24,Out-of-state,No,No,11329.0,31,31,100.0,78.9,62.9,1,1,0,3.92,Medium,0.634,Yes,0.678,Yes
S01290,2024,Fall,Nutrition,BS Nutrition,Undergraduate,Female,Asian,20,In-state,No,No,5444.0,31,29,92.9,69.5,64.3,2,1,1,2.52,Medium,0.442,No,0.287,Yes
S01291,2024,Fall,Public Health,MS Epidemiology,Graduate,Male,White,31,In-state,No,Yes,7608.0,18,16,88.2,81.4,65.0,2,1,2,2.82,Low,0.618,Yes,0.355,Yes
S01292,2026,Spring,Public Health,BS Public Health,Undergraduate,Female,Hispanic/Latino,23,Out-of-state,Yes,Yes,5769.0,31,31,100.0,75.5,51.9,0,2,0,3.13,Medium,0.488,No,0.4,Yes
S01293,2023,Spring,Public Health,BS Public Health,Undergraduate,Female,White,21,In-state,No,Yes,5109.0,24,24,100.0,70.0,13.5,0,3,2,3.73,Medium,0.428,No,0.35,No
S01294,2026,Fall,Social Work,BSW,Undergraduate,Female,White,20,In-state,Yes,Yes,0.0,32,32,100.0,86.9,52.7,1,2,0,3.77,Low,0.767,Yes,0.661,No
S01295,2025,Fall,Social Work,MSW,Graduate,Nonbinary,Hispanic/Latino,29,International,Yes,No,11106.0,27,26,96.8,77.7,92.7,4,0,2,3.05,Medium,0.67,No,0.584,Yes
S01296,2022,Fall,Social Work,MSW,Graduate,Female,Black,22,Out-of-state,Yes,Yes,10726.0,18,17,92.2,70.6,51.3,1,2,2,3.89,Medium,0.572,Yes,0.501,Yes
S01297,2022,Spring,Health Administration,MHA,Graduate,Female,Black,24,In-state,No,No,6653.0,18,18,100.0,100.0,72.0,0,0,2,2.53,Medium,0.605,No,0.388,No
S01298,2022,Spring,Health Administration,MHA,Graduate,Female,White,26,In-state,No,No,8176.0,30,29,97.1,80.6,75.1,4,2,1,3.15,Low,0.723,Yes,0.585,No
S01299,2026,Spring,Data Science,MS Health Data Science,Graduate,Male,Hispanic/Latino,27,In-state,Yes,Yes,151.0,21,20,97.1,92.8,60.7,3,0,4,3.38,Low,0.804,Yes,0.596,No
S01300,2026,Fall,Social Work,BSW,Undergraduate,Male,White,22,In-state,No,Yes,3487.0,32,30,92.9,76.1,81.2,5,1,0,2.77,Medium,0.652,Yes,0.504,Yes
S01301,2026,Fall,Public Health,MS Epidemiology,Graduate,Male,Black,27,In-state,Yes,No,9708.0,27,25,93.7,78.4,93.1,1,3,2,3.38,Medium,0.681,Yes,0.609,Yes
S01302,2024,Fall,Nutrition,BS Nutrition,Undergraduate,Female,White,22,In-state,Yes,No,11020.0,31,31,100.0,86.0,69.6,1,3,0,3.19,Low,0.644,Yes,0.563,No
S01303,2024,Fall,Nutrition,BS Nutrition,Undergraduate,Male,White,20,Out-of-state,No,Yes,3414.0,30,30,100.0,92.8,57.2,4,3,2,3.38,Low,0.774,Yes,0.658,Yes
S01304,2025,Fall,Nutrition,MS Nutrition,Graduate,Female,Multiracial,44,Out-of-state,No,Yes,8774.0,21,21,100.0,100.0,73.5,3,1,2,3.57,Low,0.822,Yes,0.726,Yes
S01305,2022,Fall,Health Administration,BS Health Administration,Undergraduate,Female,Hispanic/Latino,23,International,No,No,5942.0,27,26,97.3,77.2,65.5,4,3,0,3.29,Low,0.7,No,0.549,No
S01306,2026,Spring,Health Administration,MHA,Graduate,Male,Multiracial,26,Out-of-state,Yes,No,12484.0,27,26,96.0,69.2,37.9,3,1,2,3.95,High,0.439,Yes,0.407,No
S01307,2023,Spring,Nutrition,MS Nutrition,Graduate,Male,Black,33,In-state,No,Yes,3417.0,27,27,100.0,82.4,62.2,1,0,2,3.78,Low,0.764,No,0.64,Yes
S01308,2025,Spring,Nutrition,BS Nutrition,Undergraduate,Female,Other/Unknown,21,Out-of-state,No,Yes,3430.0,33,33,100.0,86.0,89.3,3,1,0,2.67,Low,0.729,No,0.546,No
S01309,2023,Spring,Public Health,BS Public Health,Undergraduate,Female,Asian,20,In-state,Yes,Yes,4187.0,27,21,78.9,74.0,31.8,0,0,2,2.57,High,0.247,Yes,0.104,No
S01310,2022,Spring,Public Health,BS Public Health,Undergraduate,Female,White,21,International,Yes,Yes,5946.0,33,30,89.6,86.2,100.0,4,3,3,2.84,Low,0.775,Yes,0.63,No
S01311,2024,Spring,Nutrition,BS Nutrition,Undergraduate,Male,Asian,22,Out-of-state,No,No,8805.0,27,23,86.5,69.1,46.1,0,3,2,2.55,High,0.228,Yes,0.115,No
S01312,2025,Fall,Health Administration,BS Health Administration,Undergraduate,Male,Black,24,In-state,No,No,7812.0,24,21,86.6,68.1,58.7,1,1,4,2.31,High,0.249,No,0.107,No
S01313,2025,Spring,Health Administration,BS Health Administration,Undergraduate,Female,White,23,Out-of-state,Yes,No,8220.0,32,32,100.0,100.0,92.0,3,3,0,3.62,Low,0.853,Yes,0.824,No
S01314,2023,Spring,Nutrition,MS Nutrition,Graduate,Nonbinary,Other/Unknown,22,In-state,No,Yes,8669.0,27,27,100.0,75.4,82.3,1,0,0,3.5,Low,0.713,No,0.596,Yes
S01315,2023,Spring,Public Health,BS Public Health,Undergraduate,Female,White,19,International,Yes,Yes,8331.0,33,33,100.0,100.0,91.8,4,3,0,3.42,Low,0.846,Yes,0.808,Yes
S01316,2022,Fall,Data Science,BS Health Data Science,Undergraduate,Female,Black,23,International,No,No,7923.0,24,20,84.0,82.1,66.8,3,0,0,1.92,Medium,0.418,No,0.209,No
S01317,2026,Fall,Social Work,BSW,Undergraduate,Female,White,20,In-state,Yes,Yes,2396.0,33,29,88.7,78.4,88.5,4,0,0,2.3,High,0.498,Yes,0.264,No
S01318,2024,Spring,Social Work,BSW,Undergraduate,Female,White,27,In-state,No,Yes,5704.0,30,30,100.0,84.0,74.9,2,3,4,3.95,Low,0.803,Yes,0.754,Yes
S01319,2025,Spring,Social Work,BSW,Undergraduate,Female,White,20,International,No,No,12263.0,32,30,94.2,73.6,70.0,2,2,3,2.85,Medium,0.47,No,0.411,Yes
S01320,2025,Spring,Social Work,BSW,Undergraduate,Female,Black,18,In-state,No,Yes,3669.0,32,32,99.9,74.0,80.4,0,3,2,3.05,Medium,0.585,Yes,0.473,Yes
S01321,2025,Fall,Nutrition,BS Nutrition,Undergraduate,Male,White,23,Out-of-state,No,Yes,1477.0,27,27,100.0,90.8,79.4,4,2,0,4.0,Low,0.879,No,0.817,Yes
S01322,2024,Fall,Data Science,BS Health Data Science,Undergraduate,Female,White,23,In-state,No,No,9404.0,27,27,100.0,93.1,52.2,2,2,0,4.0,Low,0.763,Yes,0.734,Yes
S01323,2025,Fall,Public Health,BS Public Health,Undergraduate,Female,Hispanic/Latino,18,Out-of-state,Yes,No,7262.0,33,33,100.0,89.1,67.6,2,6,0,3.94,Low,0.794,Yes,0.771,No
S01324,2026,Fall,Social Work,BSW,Undergraduate,Female,Black,22,In-state,No,Yes,2917.0,27,25,93.7,74.0,55.8,0,0,0,3.11,Medium,0.518,No,0.365,Yes
S01325,2026,Spring,Data Science,BS Health Data Science,Undergraduate,Male,Black,21,In-state,No,Yes,5434.0,33,31,94.4,63.1,54.0,3,2,2,3.32,Medium,0.521,No,0.439,Yes
S01326,2025,Spring,Nutrition,BS Nutrition,Undergraduate,Male,White,18,Out-of-state,No,Yes,4822.0,31,31,100.0,74.3,84.4,4,1,1,3.74,Low,0.799,Yes,0.727,Yes
S01327,2025,Spring,Nutrition,BS Nutrition,Undergraduate,Female,White,21,In-state,No,Yes,4674.0,33,33,100.0,77.2,54.4,1,0,1,2.83,Medium,0.488,Yes,0.374,No
S01328,2024,Fall,Nutrition,BS Nutrition,Undergraduate,Female,Black,22,In-state,Yes,Yes,8756.0,24,24,100.0,97.7,78.4,1,2,2,3.64,Low,0.795,Yes,0.725,Yes
S01329,2024,Spring,Social Work,BSW,Undergraduate,Female,Other/Unknown,19,In-state,No,Yes,10230.0,24,24,100.0,88.6,67.0,2,0,3,3.07,Low,0.656,Yes,0.517,Yes
S01330,2025,Spring,Health Administration,MHA,Graduate,Male,White,24,In-state,No,No,5613.0,18,18,99.8,88.9,97.5,2,3,3,3.5,Low,0.835,No,0.691,Yes
S01331,2023,Spring,Nutrition,BS Nutrition,Undergraduate,Female,Asian,21,International,No,No,14147.0,27,25,93.5,72.5,77.7,2,3,0,3.2,Medium,0.529,No,0.493,No
S01332,2026,Fall,Health Administration,BS Health Administration,Undergraduate,Female,White,20,Out-of-state,No,Yes,5888.0,32,31,95.5,93.4,100.0,4,1,1,3.55,Low,0.865,Yes,0.814,Yes
S01333,2022,Spring,Nutrition,BS Nutrition,Undergraduate,Female,Multiracial,23,Out-of-state,No,Yes,6704.0,30,30,100.0,100.0,80.7,4,0,1,4.0,Low,0.88,Yes,0.861,Yes
S01334,2023,Spring,Public Health,BS Public Health,Undergraduate,Male,White,18,In-state,No,Yes,2355.0,32,32,100.0,88.9,52.4,3,0,0,3.49,Low,0.753,Yes,0.641,Yes
S01335,2026,Spring,Nutrition,BS Nutrition,Undergraduate,Male,Black,19,International,Yes,Yes,9055.0,33,33,98.8,78.6,58.6,2,2,1,3.31,Low,0.624,Yes,0.54,No
S01336,2026,Spring,Health Administration,BS Health Administration,Undergraduate,Female,Asian,22,In-state,Yes,Yes,6148.0,31,27,85.8,85.0,71.2,4,2,3,3.73,Low,0.798,Yes,0.721,Yes
S01337,2026,Spring,Public Health,BS Public Health,Undergraduate,Male,White,24,Out-of-state,No,No,7892.0,33,26,79.2,69.3,43.3,4,0,0,2.32,High,0.26,Yes,0.127,No
S01338,2026,Fall,Health Administration,BS Health Administration,Undergraduate,Male,White,23,In-state,No,No,11866.0,32,32,100.0,84.3,64.4,0,5,3,2.22,High,0.276,Yes,0.176,No
S01339,2026,Spring,Public Health,MS Epidemiology,Graduate,Female,Black,39,In-state,Yes,Yes,4115.0,24,22,90.7,78.9,86.8,2,2,3,3.06,Low,0.736,Yes,0.509,Yes
S01340,2022,Fall,Data Science,BS Health Data Science,Undergraduate,Male,Other/Unknown,24,Out-of-state,Yes,Yes,10187.0,33,31,92.6,100.0,71.7,3,0,1,2.81,Medium,0.651,Yes,0.596,Yes
S01341,2026,Fall,Health Administration,BS Health Administration,Undergraduate,Male,White,20,In-state,No,No,4072.0,27,24,90.2,87.5,50.6,2,3,1,2.31,Medium,0.474,No,0.271,Yes
S01342,2024,Spring,Social Work,BSW,Undergraduate,Female,Hispanic/Latino,25,Out-of-state,No,No,10677.0,24,23,97.7,90.6,84.4,1,0,0,3.18,Low,0.712,Yes,0.591,Yes
S01343,2026,Fall,Social Work,MSW,Graduate,Female,White,27,In-state,Yes,No,8501.0,18,16,89.4,68.8,57.5,0,3,3,2.46,High,0.263,No,0.104,No
S01344,2024,Spring,Nutrition,BS Nutrition,Undergraduate,Female,Asian,24,In-state,Yes,No,6820.0,33,33,99.9,100.0,77.0,2,4,0,3.57,Low,0.817,Yes,0.773,Yes
S01345,2025,Spring,Nutrition,BS Nutrition,Undergraduate,Female,White,23,International,Yes,Yes,3803.0,24,24,100.0,82.1,61.0,0,0,5,3.67,Low,0.712,Yes,0.572,No
S01346,2023,Fall,Data Science,BS Health Data Science,Undergraduate,Female,Other/Unknown,18,International,No,Yes,3025.0,33,33,100.0,79.8,82.7,5,2,1,3.15,Low,0.778,Yes,0.647,No
S01347,2025,Fall,Health Administration,BS Health Administration,Undergraduate,Male,Black,21,In-state,Yes,No,8858.0,32,31,96.2,68.4,66.0,4,6,0,2.33,High,0.314,No,0.181,No
S01348,2022,Fall,Health Administration,MHA,Graduate,Female,Multiracial,34,In-state,Yes,Yes,9654.0,21,20,96.3,96.4,73.4,2,0,3,3.45,Low,0.778,No,0.657,Yes
S01349,2023,Fall,Health Administration,MHA,Graduate,Female,White,35,Out-of-state,Yes,No,7695.0,21,21,100.0,100.0,98.9,3,1,2,4.0,Low,0.901,Yes,0.856,Yes
S01350,2022,Fall,Social Work,MSW,Graduate,Male,Black,40,International,No,No,9454.0,21,21,100.0,76.7,100.0,5,2,2,3.18,Low,0.78,Yes,0.625,No
S01351,2025,Fall,Social Work,MSW,Graduate,Male,Hispanic/Latino,32,In-state,Yes,Yes,0.0,30,26,85.8,68.3,51.7,3,4,0,3.3,Medium,0.611,No,0.429,No
S01352,2025,Spring,Social Work,MSW,Graduate,Nonbinary,Hispanic/Latino,33,In-state,Yes,Yes,7966.0,24,21,85.8,66.0,44.3,2,4,4,2.59,High,0.267,No,0.12,No
S01353,2024,Spring,Health Administration,MHA,Graduate,Female,Hispanic/Latino,31,In-state,No,No,6777.0,27,27,98.2,100.0,70.4,0,0,2,3.99,Low,0.832,Yes,0.781,Yes
S01354,2025,Spring,Public Health,MS Epidemiology,Graduate,Female,Hispanic/Latino,23,International,Yes,Yes,10027.0,27,27,100.0,75.1,56.2,1,1,3,3.01,Medium,0.479,Yes,0.378,No
S01355,2022,Spring,Data Science,BS Health Data Science,Undergraduate,Male,White,24,Out-of-state,No,No,8436.0,31,31,100.0,80.6,65.0,2,2,2,3.45,Low,0.681,No,0.599,Yes
S01356,2024,Spring,Data Science,MS Health Data Science,Graduate,Male,Multiracial,32,In-state,No,Yes,3763.0,30,30,100.0,100.0,100.0,5,2,4,4.0,Low,0.927,Yes,0.898,Yes
S01357,2023,Spring,Public Health,BS Public Health,Undergraduate,Female,Black,19,In-state,Yes,Yes,8659.0,33,29,87.2,81.1,79.9,3,0,1,3.51,Low,0.748,No,0.672,No
S01358,2025,Spring,Social Work,BSW,Undergraduate,Female,Multiracial,19,In-state,No,Yes,2089.0,30,25,82.3,88.8,82.5,2,2,2,3.06,Low,0.766,Yes,0.575,Yes
S01359,2026,Fall,Social Work,MSW,Graduate,Male,White,22,In-state,Yes,Yes,3898.0,24,24,100.0,85.0,74.4,3,4,1,3.63,Low,0.809,Yes,0.677,Yes
S01360,2023,Fall,Data Science,MS Health Data Science,Graduate,Female,White,34,Out-of-state,Yes,Yes,830.0,30,30,100.0,91.3,77.5,4,0,2,3.32,Low,0.836,Yes,0.699,Yes
S01361,2026,Fall,Data Science,MS Health Data Science,Graduate,Male,White,27,In-state,No,No,4099.0,24,23,96.7,75.3,89.0,3,1,3,3.09,Low,0.746,No,0.528,Yes
S01362,2024,Fall,Data Science,BS Health Data Science,Undergraduate,Female,White,23,In-state,No,Yes,1882.0,31,26,85.4,76.4,69.5,2,0,1,2.62,Medium,0.55,Yes,0.346,No
S01363,2026,Spring,Nutrition,BS Nutrition,Undergraduate,Female,White,21,In-state,No,Yes,5377.0,27,24,89.8,72.4,46.6,1,1,2,3.6,Low,0.613,Yes,0.462,Yes
S01364,2022,Fall,Social Work,BSW,Undergraduate,Male,Black,22,In-state,Yes,No,6452.0,30,30,99.1,66.7,74.5,1,0,0,3.2,Medium,0.542,No,0.454,Yes
S01365,2024,Fall,Health Administration,MHA,Graduate,Female,White,34,In-state,Yes,Yes,3724.0,18,18,100.0,85.2,100.0,7,0,3,4.0,Low,0.915,Yes,0.842,Yes
S01366,2024,Spring,Health Administration,BS Health Administration,Undergraduate,Male,Asian,24,In-state,No,Yes,7524.0,32,27,85.4,80.2,33.0,2,1,2,3.01,Low,0.514,Yes,0.352,Yes
S01367,2022,Fall,Public Health,BS Public Health,Undergraduate,Male,Black,20,Out-of-state,Yes,Yes,6959.0,27,25,91.0,84.4,97.0,4,5,0,3.26,Low,0.799,Yes,0.681,Yes
S01368,2025,Spring,Health Administration,BS Health Administration,Undergraduate,Female,White,21,In-state,No,Yes,7515.0,31,28,89.6,79.9,82.0,0,1,2,2.85,Medium,0.555,No,0.442,No
S01369,2022,Spring,Data Science,BS Health Data Science,Undergraduate,Male,Multiracial,18,In-state,No,No,14154.0,31,31,100.0,98.5,84.7,1,2,2,3.71,Low,0.784,Yes,0.789,Yes
S01370,2025,Spring,Social Work,BSW,Undergraduate,Female,Asian,21,Out-of-state,No,Yes,2554.0,33,30,91.5,97.4,93.0,5,1,1,2.88,Low,0.835,Yes,0.696,Yes
S01371,2023,Spring,Nutrition,MS Nutrition,Graduate,Female,Black,34,In-state,No,No,8546.0,30,30,100.0,88.0,57.8,0,1,2,3.84,Low,0.729,No,0.67,Yes
S01372,2026,Fall,Public Health,MS Epidemiology,Graduate,Female,White,22,In-state,Yes,No,13154.0,30,29,98.0,100.0,51.6,3,0,3,3.27,Low,0.701,Yes,0.632,Yes
S01373,2022,Spring,Public Health,MS Epidemiology,Graduate,Female,White,33,Out-of-state,Yes,Yes,6937.0,18,16,87.2,87.7,47.6,1,1,2,2.68,Low,0.557,Yes,0.286,No
S01374,2025,Spring,Nutrition,BS Nutrition,Undergraduate,Male,Asian,25,In-state,No,Yes,9894.0,27,23,84.7,72.0,58.9,2,0,1,2.3,High,0.265,Yes,0.13,Yes
S01375,2022,Spring,Social Work,BSW,Undergraduate,Male,Asian,20,In-state,Yes,No,9038.0,32,32,100.0,92.1,78.3,3,2,0,4.0,Low,0.834,Yes,0.826,Yes
S01376,2026,Fall,Nutrition,BS Nutrition,Undergraduate,Male,Asian,19,In-state,No,Yes,5134.0,33,30,91.1,62.4,50.8,4,1,2,3.63,Medium,0.579,No,0.519,No
S01377,2023,Fall,Data Science,MS Health Data Science,Graduate,Female,Multiracial,35,Out-of-state,Yes,Yes,4708.0,21,21,100.0,83.2,61.1,4,0,1,2.69,Low,0.659,Yes,0.386,No
S01378,2026,Fall,Data Science,BS Health Data Science,Undergraduate,Female,White,22,In-state,Yes,No,5696.0,33,28,85.0,81.9,40.3,1,0,2,2.37,High,0.283,No,0.142,No
S01379,2024,Spring,Social Work,MSW,Graduate,Female,Asian,25,In-state,No,No,6151.0,18,15,85.6,80.7,78.6,1,0,1,3.26,Low,0.714,Yes,0.482,No
S01380,2023,Fall,Health Administration,MHA,Graduate,Female,White,23,Out-of-state,No,No,9391.0,24,24,100.0,64.4,66.5,2,6,0,2.71,Medium,0.433,Yes,0.283,No
S01381,2023,Spring,Nutrition,BS Nutrition,Undergraduate,Male,White,20,Out-of-state,Yes,Yes,1950.0,33,33,100.0,85.0,90.4,1,1,3,3.45,Low,0.801,Yes,0.698,No
S01382,2023,Fall,Nutrition,BS Nutrition,Undergraduate,Female,White,19,In-state,No,No,12548.0,24,24,100.0,100.0,69.6,3,4,1,3.97,Low,0.818,Yes,0.804,Yes
S01383,2022,Spring,Social Work,BSW,Undergraduate,Male,Multiracial,20,In-state,Yes,Yes,4170.0,33,33,98.7,91.5,68.8,2,0,4,4.0,Low,0.829,Yes,0.795,Yes
S01384,2024,Spring,Social Work,BSW,Undergraduate,Male,Black,24,In-state,Yes,Yes,10439.0,32,28,89.0,74.6,64.7,0,3,0,3.68,Medium,0.571,Yes,0.565,Yes
S01385,2025,Fall,Nutrition,BS Nutrition,Undergraduate,Female,White,23,In-state,No,No,7505.0,32,32,100.0,98.7,65.9,1,1,2,3.51,Low,0.762,Yes,0.705,Yes
S01386,2024,Fall,Data Science,BS Health Data Science,Undergraduate,Female,White,20,In-state,No,Yes,2461.0,27,27,100.0,78.9,56.0,2,3,2,3.54,Low,0.71,No,0.558,Yes
S01387,2023,Spring,Public Health,MPH,Graduate,Female,Black,34,In-state,Yes,Yes,8373.0,27,25,92.4,78.5,63.3,4,1,2,2.83,Medium,0.569,No,0.423,No
S01388,2025,Fall,Health Administration,BS Health Administration,Undergraduate,Male,Multiracial,20,Out-of-state,No,No,7138.0,30,26,87.3,62.0,57.7,3,1,0,2.66,Medium,0.405,No,0.263,No
S01389,2026,Fall,Public Health,BS Public Health,Undergraduate,Female,White,19,In-state,No,Yes,5696.0,32,30,93.0,70.2,51.6,5,5,1,3.2,Low,0.629,Yes,0.477,Yes
S01390,2024,Fall,Nutrition,MS Nutrition,Graduate,Female,Asian,34,International,Yes,Yes,8920.0,24,24,100.0,80.4,65.7,4,5,2,3.7,Low,0.758,No,0.658,No
S01391,2025,Spring,Social Work,BSW,Undergraduate,Female,Asian,21,In-state,No,Yes,1021.0,33,33,100.0,89.9,100.0,4,1,0,3.62,Low,0.883,Yes,0.82,Yes
S01392,2023,Spring,Data Science,BS Health Data Science,Undergraduate,Female,Hispanic/Latino,18,Out-of-state,No,Yes,6297.0,24,20,85.3,64.5,46.5,2,5,0,1.9,High,0.186,No,0.06,No
S01393,2022,Fall,Data Science,BS Health Data Science,Undergraduate,Female,White,20,In-state,No,No,5612.0,32,32,100.0,78.1,62.3,0,3,1,3.13,Medium,0.54,No,0.458,No
S01394,2026,Fall,Health Administration,BS Health Administration,Undergraduate,Female,Multiracial,18,In-state,No,Yes,8933.0,31,29,92.2,74.1,76.3,6,4,1,2.79,Medium,0.596,Yes,0.493,Yes
S01395,2024,Fall,Health Administration,BS Health Administration,Undergraduate,Male,White,23,In-state,Yes,Yes,5672.0,32,30,94.6,74.2,45.8,4,2,2,3.16,Low,0.607,No,0.452,No
S01396,2024,Spring,Nutrition,BS Nutrition,Undergraduate,Female,White,23,In-state,Yes,No,6371.0,32,30,92.7,89.3,78.0,1,3,0,2.82,Low,0.674,Yes,0.51,No
S01397,2026,Spring,Health Administration,MHA,Graduate,Female,White,22,International,Yes,No,6810.0,30,30,100.0,71.0,69.7,1,3,1,3.8,Low,0.713,No,0.621,Yes
S01398,2023,Fall,Health Administration,BS Health Administration,Undergraduate,Female,Black,19,In-state,No,Yes,4491.0,31,30,96.2,100.0,60.1,2,0,0,3.1,Low,0.74,Yes,0.606,Yes
S01399,2025,Spring,Data Science,BS Health Data Science,Undergraduate,Male,Asian,18,In-state,No,No,8415.0,32,32,100.0,91.7,97.2,3,4,2,3.9,Low,0.861,Yes,0.846,No
S01400,2023,Fall,Nutrition,BS Nutrition,Undergraduate,Female,White,23,In-state,No,Yes,6188.0,30,30,100.0,82.4,57.2,3,3,2,3.08,Low,0.649,Yes,0.5,Yes
S01401,2022,Spring,Data Science,BS Health Data Science,Undergraduate,Female,White,19,In-state,Yes,Yes,4977.0,30,29,96.6,90.9,45.5,3,2,1,3.87,Low,0.769,Yes,0.703,Yes
S01402,2024,Fall,Health Administration,BS Health Administration,Undergraduate,Female,White,27,In-state,No,Yes,5955.0,32,29,90.3,87.5,82.5,2,1,1,3.67,Low,0.802,Yes,0.732,No
S01403,2024,Fall,Data Science,MS Health Data Science,Graduate,Female,White,33,In-state,Yes,Yes,4635.0,27,27,100.0,82.7,100.0,4,4,2,4.0,Low,0.885,Yes,0.83,Yes
S01404,2025,Fall,Nutrition,BS Nutrition,Undergraduate,Female,Multiracial,22,Out-of-state,No,Yes,8126.0,32,31,97.4,83.4,28.0,1,0,2,3.1,Low,0.502,Yes,0.379,Yes
S01405,2023,Spring,Nutrition,BS Nutrition,Undergraduate,Female,Asian,22,In-state,No,No,11391.0,24,20,84.7,75.7,63.0,3,1,1,3.51,Medium,0.593,No,0.533,No
S01406,2022,Fall,Health Administration,BS Health Administration,Undergraduate,Female,White,23,In-state,No,No,79.0,33,33,100.0,85.3,54.1,1,3,3,3.25,Low,0.697,Yes,0.531,Yes
S01407,2023,Fall,Health Administration,BS Health Administration,Undergraduate,Female,Black,21,Out-of-state,Yes,No,14436.0,27,27,100.0,79.6,99.8,4,0,1,4.0,Medium,0.778,No,0.818,Yes
S01408,2026,Fall,Social Work,BSW,Undergraduate,Female,White,21,In-state,No,No,6523.0,30,30,100.0,84.3,93.0,0,2,1,4.0,Low,0.818,Yes,0.782,Yes
S01409,2023,Spring,Nutrition,BS Nutrition,Undergraduate,Female,White,22,In-state,Yes,Yes,3889.0,27,26,95.8,97.2,91.6,0,2,2,3.33,Low,0.808,Yes,0.685,No
S01410,2022,Fall,Social Work,BSW,Undergraduate,Female,Asian,21,In-state,No,Yes,2479.0,24,23,95.4,75.9,74.2,0,0,1,2.09,High,0.327,No,0.123,No
S01411,2025,Fall,Health Administration,BS Health Administration,Undergraduate,Female,White,20,In-state,Yes,Yes,1996.0,33,31,95.0,53.3,50.1,2,0,1,2.55,High,0.254,No,0.116,No
S01412,2025,Fall,Data Science,BS Health Data Science,Undergraduate,Nonbinary,Hispanic/Latino,24,In-state,No,Yes,4146.0,30,30,100.0,66.9,88.4,4,0,0,2.89,Medium,0.622,Yes,0.483,No
S01413,2025,Spring,Health Administration,BS Health Administration,Undergraduate,Female,White,24,In-state,Yes,Yes,9535.0,33,33,100.0,93.6,77.2,2,3,2,3.32,Low,0.748,Yes,0.692,Yes
S01414,2026,Fall,Public Health,BS Public Health,Undergraduate,Male,Black,22,In-state,No,Yes,6030.0,24,24,98.7,81.4,69.3,4,2,1,3.03,Low,0.694,Yes,0.507,No
S01415,2025,Spring,Data Science,BS Health Data Science,Undergraduate,Male,White,20,Out-of-state,No,Yes,7961.0,33,29,87.0,95.6,76.0,2,0,2,2.5,Low,0.656,No,0.472,Yes
S01416,2025,Fall,Nutrition,MS Nutrition,Graduate,Nonbinary,White,24,Out-of-state,No,Yes,899.0,18,18,99.4,64.3,58.8,6,3,2,3.59,Medium,0.702,Yes,0.516,Yes
S01417,2025,Spring,Public Health,BS Public Health,Undergraduate,Male,Hispanic/Latino,19,Out-of-state,No,Yes,6770.0,30,28,93.6,81.5,77.3,0,0,1,3.34,Low,0.686,No,0.561,No
S01418,2026,Spring,Data Science,BS Health Data Science,Undergraduate,Female,White,19,In-state,Yes,Yes,3699.0,24,23,95.0,99.0,89.0,2,2,2,2.91,Low,0.792,No,0.608,Yes
S01419,2023,Spring,Public Health,BS Public Health,Undergraduate,Female,Hispanic/Latino,21,In-state,Yes,Yes,6864.0,32,31,96.2,67.5,56.8,3,2,1,3.56,Medium,0.579,Yes,0.539,Yes
S01420,2026,Spring,Social Work,BSW,Undergraduate,Female,White,19,In-state,No,Yes,6643.0,33,33,100.0,82.8,88.3,4,1,0,3.22,Low,0.771,Yes,0.679,Yes
S01421,2025,Spring,Public Health,MS Epidemiology,Graduate,Male,White,27,In-state,No,No,6422.0,27,27,100.0,100.0,70.8,2,2,1,3.96,Low,0.853,Yes,0.803,No
S01422,2025,Spring,Public Health,BS Public Health,Undergraduate,Female,Multiracial,20,In-state,No,No,6441.0,30,30,100.0,74.9,62.3,4,2,2,3.26,Low,0.671,Yes,0.54,Yes
S01423,2022,Spring,Data Science,BS Health Data Science,Undergraduate,Female,Hispanic/Latino,22,In-state,No,Yes,3214.0,33,33,100.0,87.8,94.6,4,3,3,4.0,Low,0.887,Yes,0.856,Yes
S01424,2022,Fall,Data Science,BS Health Data Science,Undergraduate,Female,Hispanic/Latino,18,Out-of-state,Yes,No,8641.0,33,24,73.8,75.8,77.2,0,0,1,2.15,High,0.291,No,0.137,Yes
S01425,2022,Fall,Public Health,BS Public Health,Undergraduate,Female,White,26,In-state,Yes,No,7984.0,31,31,100.0,100.0,83.4,1,0,1,3.98,Low,0.849,Yes,0.834,Yes
S01426,2025,Fall,Social Work,BSW,Undergraduate,Female,White,18,In-state,Yes,Yes,2983.0,31,31,100.0,96.7,71.4,4,5,1,3.23,Low,0.808,Yes,0.695,Yes
S01427,2026,Fall,Health Administration,BS Health Administration,Undergraduate,Female,Hispanic/Latino,22,In-state,Yes,Yes,5454.0,27,26,96.5,82.0,65.3,0,2,1,3.33,Low,0.662,Yes,0.508,No
S01428,2026,Spring,Nutrition,BS Nutrition,Undergraduate,Female,Hispanic/Latino,19,In-state,Yes,Yes,3466.0,24,21,88.8,92.2,64.2,1,5,3,2.98,Low,0.694,Yes,0.468,No
S01429,2024,Fall,Health Administration,BS Health Administration,Undergraduate,Male,White,23,In-state,No,Yes,4554.0,24,24,100.0,80.5,79.8,4,2,1,3.59,Low,0.798,No,0.679,No
S01430,2026,Fall,Health Administration,MHA,Graduate,Female,White,33,In-state,No,Yes,8397.0,21,21,100.0,98.1,64.8,3,3,0,3.63,Low,0.806,Yes,0.705,No
S01431,2026,Fall,Health Administration,BS Health Administration,Undergraduate,Male,White,21,In-state,No,No,3363.0,33,26,78.9,92.4,100.0,4,3,1,3.05,Low,0.834,No,0.691,Yes
S01432,2022,Fall,Social Work,MSW,Graduate,Female,Asian,31,In-state,No,No,3838.0,30,30,100.0,100.0,85.3,3,1,2,4.0,Low,0.898,No,0.859,Yes
S01433,2023,Fall,Health Administration,BS Health Administration,Undergraduate,Female,White,23,In-state,Yes,Yes,3526.0,30,29,95.5,86.3,66.9,2,0,1,2.43,Low,0.609,No,0.366,No
S01434,2025,Spring,Data Science,MS Health Data Science,Graduate,Male,Other/Unknown,26,In-state,No,Yes,463.0,27,27,100.0,90.2,73.8,3,2,4,2.68,Low,0.745,No,0.485,Yes
S01435,2023,Spring,Public Health,BS Public Health,Undergraduate,Male,White,21,Out-of-state,No,Yes,8028.0,30,28,94.2,75.5,88.0,0,0,3,4.0,Medium,0.717,No,0.719,Yes
S01436,2023,Fall,Data Science,BS Health Data Science,Undergraduate,Male,Multiracial,18,In-state,Yes,Yes,3648.0,33,32,96.8,80.9,100.0,5,0,2,2.72,Low,0.77,Yes,0.597,No
S01437,2023,Fall,Nutrition,MS Nutrition,Graduate,Female,Black,32,In-state,No,No,8145.0,27,27,100.0,90.2,63.3,0,1,1,3.56,Low,0.722,No,0.618,No
S01438,2026,Spring,Health Administration,BS Health Administration,Undergraduate,Female,Black,22,In-state,No,Yes,3015.0,30,29,97.4,74.8,93.6,1,2,1,2.46,Medium,0.569,No,0.376,No
S01439,2024,Fall,Data Science,BS Health Data Science,Undergraduate,Female,White,24,In-state,No,No,5763.0,27,27,100.0,90.5,64.5,1,3,0,3.61,Low,0.75,No,0.653,Yes
S01440,2022,Fall,Health Administration,BS Health Administration,Undergraduate,Nonbinary,White,19,Out-of-state,Yes,No,11206.0,32,32,99.2,82.7,75.0,1,0,1,3.29,Low,0.657,No,0.591,Yes
S01441,2022,Fall,Data Science,MS Health Data Science,Graduate,Male,White,25,Out-of-state,No,Yes,5222.0,21,20,95.2,64.9,51.6,0,2,4,2.71,High,0.288,No,0.122,No
S01442,2022,Fall,Nutrition,MS Nutrition,Graduate,Female,Black,30,In-state,Yes,Yes,9150.0,21,19,89.9,81.7,88.6,1,2,2,4.0,Low,0.809,Yes,0.725,Yes
S01443,2022,Fall,Nutrition,MS Nutrition,Graduate,Female,White,31,International,Yes,No,10367.0,27,25,92.7,78.3,52.5,0,2,2,2.96,Medium,0.452,Yes,0.343,Yes
S01444,2022,Spring,Data Science,BS Health Data Science,Undergraduate,Male,Black,21,In-state,Yes,Yes,1011.0,24,22,90.5,87.1,88.7,3,4,0,2.86,Low,0.773,Yes,0.535,No
S01445,2022,Spring,Nutrition,BS Nutrition,Undergraduate,Female,Asian,20,Out-of-state,Yes,Yes,7094.0,24,24,100.0,100.0,62.9,3,0,2,3.79,Low,0.819,No,0.754,Yes
S01446,2025,Spring,Social Work,BSW,Undergraduate,Female,White,22,In-state,No,Yes,0.0,32,27,84.5,75.7,49.0,1,0,0,2.21,Medium,0.408,No,0.194,No
S01447,2023,Fall,Health Administration,BS Health Administration,Undergraduate,Male,Other/Unknown,21,In-state,No,Yes,4444.0,33,29,89.1,89.4,71.8,2,1,0,3.96,Low,0.823,Yes,0.768,Yes
S01448,2024,Fall,Health Administration,MHA,Graduate,Female,White,37,Out-of-state,No,No,11311.0,27,25,94.0,72.2,55.7,3,2,4,3.19,Medium,0.518,No,0.432,No
S01449,2025,Fall,Data Science,BS Health Data Science,Undergraduate,Female,Asian,18,International,Yes,Yes,7949.0,32,29,89.1,81.6,64.1,2,2,0,2.71,Low,0.576,Yes,0.399,No
S01450,2025,Spring,Public Health,MPH,Graduate,Female,White,28,Out-of-state,No,No,7883.0,24,22,93.6,76.2,94.2,6,2,2,3.09,Low,0.778,Yes,0.604,No
S01451,2023,Fall,Data Science,BS Health Data Science,Undergraduate,Male,White,22,In-state,No,Yes,7132.0,24,19,80.4,78.3,73.9,1,1,1,2.39,High,0.358,No,0.167,No
S01452,2022,Fall,Public Health,MS Epidemiology,Graduate,Male,Black,28,International,Yes,Yes,11278.0,27,27,100.0,100.0,80.6,2,1,3,3.69,Low,0.822,Yes,0.779,Yes
S01453,2025,Fall,Public Health,MS Epidemiology,Graduate,Female,Black,34,In-state,Yes,No,5745.0,24,22,90.6,71.2,73.3,3,3,1,3.15,Low,0.677,No,0.458,No
S01454,2024,Fall,Public Health,MPH,Graduate,Female,Black,22,In-state,No,Yes,8808.0,30,30,100.0,96.5,78.4,6,2,2,3.33,Low,0.832,Yes,0.76,Yes
S01455,2023,Fall,Health Administration,MHA,Graduate,Female,Multiracial,26,Out-of-state,No,Yes,4202.0,18,18,100.0,78.1,85.0,3,3,0,2.79,Medium,0.653,Yes,0.424,No
S01456,2024,Fall,Nutrition,MS Nutrition,Graduate,Nonbinary,Asian,27,Out-of-state,Yes,Yes,567.0,24,24,100.0,76.0,65.7,3,2,2,3.61,Low,0.776,Yes,0.592,Yes
S01457,2025,Fall,Public Health,BS Public Health,Undergraduate,Female,Asian,24,In-state,Yes,Yes,6742.0,30,30,100.0,63.3,66.6,4,0,0,3.96,Medium,0.67,Yes,0.659,No
S01458,2022,Spring,Public Health,BS Public Health,Undergraduate,Male,Hispanic/Latino,20,In-state,No,Yes,4118.0,31,31,100.0,96.5,84.5,5,1,1,3.75,Low,0.88,Yes,0.836,Yes
S01459,2024,Spring,Data Science,BS Health Data Science,Undergraduate,Male,White,22,In-state,Yes,Yes,4463.0,32,31,97.1,60.4,52.6,3,0,2,3.64,Medium,0.563,Yes,0.5,No
S01460,2026,Fall,Nutrition,BS Nutrition,Undergraduate,Female,Hispanic/Latino,20,Out-of-state,No,No,16019.0,30,29,96.3,98.4,54.6,1,1,2,3.35,Low,0.635,Yes,0.615,Yes
S01461,2025,Spring,Data Science,BS Health Data Science,Undergraduate,Male,White,18,In-state,No,Yes,1579.0,27,23,83.8,88.1,80.3,4,0,3,2.58,Low,0.732,No,0.464,No
S01462,2022,Fall,Nutrition,BS Nutrition,Undergraduate,Female,Asian,22,In-state,Yes,No,2213.0,30,26,85.4,87.8,99.1,0,4,1,3.41,Low,0.811,Yes,0.677,No
S01463,2026,Fall,Nutrition,BS Nutrition,Undergraduate,Female,Hispanic/Latino,22,In-state,Yes,Yes,3801.0,31,31,100.0,87.2,86.3,3,2,1,2.75,Low,0.733,Yes,0.552,No
S01464,2024,Fall,Data Science,BS Health Data Science,Undergraduate,Female,White,23,In-state,No,Yes,1778.0,31,28,89.4,81.4,62.6,3,3,0,2.47,Low,0.611,Yes,0.346,No
S01465,2022,Spring,Public Health,BS Public Health,Undergraduate,Male,Hispanic/Latino,20,In-state,Yes,Yes,7241.0,33,30,89.9,82.4,75.8,0,1,3,3.31,Low,0.679,Yes,0.567,Yes
S01466,2022,Spring,Health Administration,BS Health Administration,Undergraduate,Nonbinary,Multiracial,20,In-state,Yes,Yes,1019.0,24,24,100.0,82.6,95.2,2,3,0,3.48,Low,0.823,Yes,0.676,Yes
S01467,2026,Spring,Nutrition,BS Nutrition,Undergraduate,Female,Black,21,International,No,No,6269.0,31,28,89.3,91.8,86.1,4,1,2,2.96,Low,0.774,Yes,0.635,No
S01468,2026,Spring,Health Administration,BS Health Administration,Undergraduate,Male,White,22,In-state,Yes,Yes,1703.0,24,22,92.9,100.0,49.2,3,1,1,2.78,Low,0.706,No,0.456,No
S01469,2023,Spring,Health Administration,MHA,Graduate,Female,Black,31,International,Yes,Yes,7805.0,21,21,99.5,99.6,65.9,4,2,3,3.58,Low,0.824,Yes,0.721,Yes
S01470,2026,Spring,Social Work,BSW,Undergraduate,Nonbinary,White,23,Out-of-state,Yes,No,6140.0,30,25,84.6,50.0,39.2,4,0,2,2.62,High,0.22,No,0.101,No
S01471,2023,Fall,Public Health,BS Public Health,Undergraduate,Female,Black,24,In-state,No,No,6423.0,24,22,91.1,100.0,69.7,2,2,2,2.18,Medium,0.563,Yes,0.354,No
S01472,2024,Fall,Data Science,MS Health Data Science,Graduate,Female,Hispanic/Latino,31,In-state,No,Yes,3130.0,30,30,100.0,66.1,61.6,2,0,2,3.49,Medium,0.613,Yes,0.503,Yes
S01473,2025,Spring,Public Health,BS Public Health,Undergraduate,Female,White,20,Out-of-state,No,Yes,8751.0,24,21,88.9,100.0,45.2,3,1,2,2.98,Low,0.661,No,0.488,Yes
S01474,2022,Fall,Social Work,BSW,Undergraduate,Female,White,22,Out-of-state,No,No,7969.0,33,30,92.1,82.4,67.6,3,3,1,2.08,Medium,0.448,Yes,0.289,No
S01475,2022,Spring,Social Work,MSW,Graduate,Male,Hispanic/Latino,35,International,No,No,6667.0,18,18,100.0,89.2,88.0,1,0,0,2.85,Low,0.721,Yes,0.479,Yes
S01476,2022,Spring,Data Science,BS Health Data Science,Undergraduate,Male,Black,22,International,No,No,10501.0,24,24,100.0,75.8,60.1,1,0,1,3.46,Medium,0.544,Yes,0.493,No
S01477,2026,Fall,Health Administration,MHA,Graduate,Male,White,36,In-state,No,Yes,6943.0,24,22,91.0,87.5,55.8,3,1,0,3.25,Low,0.704,No,0.524,No
S01478,2023,Fall,Data Science,BS Health Data Science,Undergraduate,Female,White,20,In-state,No,No,7853.0,31,27,86.6,85.0,74.1,2,1,2,2.96,Low,0.664,No,0.505,Yes
S01479,2023,Spring,Social Work,BSW,Undergraduate,Male,White,18,In-state,No,Yes,10789.0,24,24,100.0,91.9,68.3,2,0,0,2.88,Medium,0.583,Yes,0.49,No
S01480,2024,Fall,Social Work,MSW,Graduate,Female,Black,34,In-state,No,Yes,4873.0,30,30,100.0,78.1,73.4,0,4,2,3.08,Medium,0.597,Yes,0.471,No
S01481,2022,Fall,Social Work,BSW,Undergraduate,Male,White,23,Out-of-state,No,Yes,5990.0,30,24,78.7,71.2,76.4,3,0,0,2.42,Medium,0.492,Yes,0.301,No
S01482,2024,Fall,Nutrition,MS Nutrition,Graduate,Male,White,24,In-state,Yes,No,8560.0,30,30,100.0,94.2,64.1,1,1,2,3.58,Low,0.755,Yes,0.683,Yes
S01483,2024,Fall,Health Administration,BS Health Administration,Undergraduate,Female,White,22,In-state,No,No,6745.0,32,32,100.0,82.2,70.9,4,1,2,4.0,Low,0.812,Yes,0.783,Yes
S01484,2024,Spring,Nutrition,MS Nutrition,Graduate,Female,White,34,Out-of-state,No,Yes,6793.0,18,18,98.3,92.6,61.3,1,1,2,2.89,Low,0.662,No,0.417,No
S01485,2025,Spring,Nutrition,BS Nutrition,Undergraduate,Male,White,19,In-state,No,Yes,1418.0,31,30,95.6,95.6,78.3,4,3,0,3.26,Low,0.831,Yes,0.71,No
S01486,2022,Spring,Social Work,BSW,Undergraduate,Female,Black,23,In-state,No,Yes,1599.0,31,31,100.0,95.3,70.5,4,2,1,3.57,Low,0.842,Yes,0.756,Yes
S01487,2026,Spring,Data Science,BS Health Data Science,Undergraduate,Male,White,21,In-state,No,Yes,3969.0,31,28,90.8,79.1,70.1,2,2,1,2.96,Low,0.658,Yes,0.462,No
S01488,2022,Fall,Social Work,MSW,Graduate,Male,Hispanic/Latino,27,In-state,Yes,Yes,7549.0,30,30,100.0,89.4,62.3,3,1,2,3.75,Low,0.786,Yes,0.722,Yes
S01489,2024,Fall,Health Administration,MHA,Graduate,Male,Asian,32,International,No,Yes,13007.0,18,18,100.0,74.0,84.3,1,3,5,3.67,Medium,0.644,No,0.586,Yes
S01490,2022,Spring,Data Science,BS Health Data Science,Undergraduate,Male,White,19,International,Yes,Yes,6470.0,33,31,94.7,67.9,89.5,2,3,1,2.25,High,0.359,No,0.193,No
S01491,2026,Spring,Social Work,BSW,Undergraduate,Female,White,25,In-state,Yes,Yes,4085.0,31,31,100.0,81.6,73.2,0,2,1,3.88,Low,0.766,Yes,0.697,Yes
S01492,2023,Fall,Public Health,BS Public Health,Undergraduate,Female,Black,22,International,No,Yes,4428.0,30,27,91.6,71.7,76.7,0,1,0,2.83,Medium,0.519,Yes,0.363,Yes
S01493,2023,Fall,Health Administration,BS Health Administration,Undergraduate,Male,White,19,International,Yes,Yes,12936.0,33,32,95.6,84.7,92.8,4,2,1,3.23,Low,0.745,No,0.699,No
S01494,2022,Fall,Public Health,BS Public Health,Undergraduate,Male,White,22,In-state,Yes,No,3230.0,30,23,78.0,64.2,34.4,1,4,1,2.66,High,0.247,No,0.105,No
S01495,2024,Fall,Social Work,BSW,Undergraduate,Female,White,18,International,Yes,Yes,7685.0,27,25,92.1,99.7,51.8,0,4,0,3.31,Low,0.685,Yes,0.561,Yes
S01496,2025,Fall,Health Administration,BS Health Administration,Undergraduate,Female,Multiracial,20,In-state,No,Yes,6196.0,27,27,100.0,91.7,81.7,5,1,3,4.0,Low,0.873,Yes,0.837,Yes
S01497,2022,Fall,Social Work,MSW,Graduate,Female,Asian,25,In-state,Yes,Yes,5141.0,27,24,89.4,73.0,69.1,0,1,2,2.98,Medium,0.537,No,0.366,No
S01498,2023,Spring,Public Health,MPH,Graduate,Male,White,35,Out-of-state,No,No,13402.0,21,21,100.0,91.1,91.9,5,3,1,3.97,Low,0.861,Yes,0.83,Yes
S01499,2026,Fall,Health Administration,MHA,Graduate,Female,Asian,32,Out-of-state,No,Yes,9769.0,21,21,100.0,63.9,61.0,3,2,2,3.57,Medium,0.568,No,0.475,No
S01500,2023,Spring,Public Health,BS Public Health,Undergraduate,Female,White,20,In-state,No,No,7273.0,33,29,89.4,80.2,62.1,3,1,0,3.04,Low,0.639,Yes,0.489,Yes
S01501,2023,Fall,Public Health,MS Epidemiology,Graduate,Female,White,42,Out-of-state,Yes,Yes,11347.0,24,23,94.0,80.5,66.5,3,0,1,3.11,Low,0.645,Yes,0.487,Yes
S01502,2025,Spring,Nutrition,MS Nutrition,Graduate,Male,White,30,Out-of-state,Yes,Yes,0.0,24,21,89.6,65.7,67.3,7,2,3,2.58,High,0.504,Yes,0.216,No
S01503,2026,Spring,Nutrition,MS Nutrition,Graduate,Female,White,41,In-state,No,Yes,6536.0,21,21,100.0,69.0,47.0,3,3,2,2.81,Medium,0.456,Yes,0.275,No
S01504,2024,Spring,Nutrition,BS Nutrition,Undergraduate,Female,White,21,In-state,Yes,Yes,3741.0,27,26,96.9,92.0,76.1,2,2,2,2.76,Low,0.712,Yes,0.5,No
S01505,2022,Fall,Social Work,BSW,Undergraduate,Male,Hispanic/Latino,24,In-state,Yes,Yes,1854.0,33,30,89.6,100.0,59.8,1,6,0,3.73,Low,0.814,Yes,0.732,Yes
S01506,2023,Fall,Health Administration,BS Health Administration,Undergraduate,Male,Multiracial,19,In-state,No,No,10573.0,31,27,86.0,84.0,66.6,3,1,4,2.71,Medium,0.529,No,0.428,Yes
S01507,2023,Spring,Public Health,MS Epidemiology,Graduate,Female,Hispanic/Latino,31,Out-of-state,Yes,Yes,4432.0,24,24,99.3,72.8,49.4,1,0,2,3.32,Low,0.609,No,0.402,Yes
S01508,2025,Fall,Health Administration,MHA,Graduate,Male,Asian,24,In-state,No,Yes,0.0,30,28,92.1,82.7,65.2,3,0,4,3.58,Low,0.8,No,0.645,Yes
S01509,2024,Spring,Public Health,BS Public Health,Undergraduate,Female,White,20,In-state,No,No,14358.0,32,32,99.7,89.2,83.4,2,0,0,3.18,Low,0.688,Yes,0.648,Yes
S01510,2022,Spring,Social Work,MSW,Graduate,Male,Asian,31,In-state,No,No,7068.0,18,18,99.6,75.5,67.4,5,3,2,3.75,Low,0.777,Yes,0.633,Yes
S01511,2025,Spring,Social Work,BSW,Undergraduate,Male,Hispanic/Latino,18,Out-of-state,No,No,10418.0,24,24,100.0,88.8,62.9,5,2,2,2.62,Medium,0.57,Yes,0.445,Yes
S01512,2023,Spring,Social Work,BSW,Undergraduate,Male,Hispanic/Latino,21,Out-of-state,Yes,Yes,8817.0,32,32,100.0,75.4,64.4,3,0,2,3.03,Low,0.604,No,0.48,No
S01513,2025,Spring,Social Work,BSW,Undergraduate,Female,Hispanic/Latino,21,In-state,No,No,6325.0,24,24,99.3,87.9,88.9,2,0,1,2.9,Low,0.727,Yes,0.542,Yes
S01514,2026,Spring,Social Work,BSW,Undergraduate,Female,White,21,International,Yes,Yes,6171.0,32,32,100.0,71.2,68.8,0,1,0,2.55,High,0.321,No,0.189,Yes
S01515,2026,Fall,Data Science,BS Health Data Science,Undergraduate,Female,Hispanic/Latino,22,Out-of-state,No,No,14124.0,24,24,100.0,76.4,70.3,3,2,4,3.48,Medium,0.59,No,0.578,Yes
S01516,2023,Fall,Health Administration,BS Health Administration,Undergraduate,Male,White,19,In-state,Yes,Yes,6132.0,33,33,100.0,75.0,96.0,2,3,2,3.41,Low,0.757,Yes,0.668,No
S01517,2023,Fall,Health Administration,MHA,Graduate,Female,White,27,In-state,No,Yes,3778.0,21,21,100.0,75.1,37.9,2,0,3,3.47,Medium,0.572,No,0.418,Yes
S01518,2022,Spring,Public Health,BS Public Health,Undergraduate,Male,White,18,In-state,No,Yes,7791.0,24,24,100.0,79.6,76.7,4,3,2,3.7,Low,0.777,Yes,0.689,No
S01519,2022,Spring,Data Science,BS Health Data Science,Undergraduate,Female,Asian,20,In-state,Yes,No,7304.0,30,30,100.0,86.3,59.4,4,0,4,3.49,Low,0.739,Yes,0.656,Yes
S01520,2022,Spring,Data Science,MS Health Data Science,Graduate,Female,White,30,Out-of-state,No,Yes,7865.0,21,21,100.0,83.5,67.8,3,2,3,3.76,Low,0.776,Yes,0.662,No
S01521,2025,Fall,Health Administration,MHA,Graduate,Male,White,32,In-state,No,Yes,6193.0,27,27,100.0,94.4,79.2,2,4,4,3.07,Low,0.766,Yes,0.611,Yes
S01522,2023,Fall,Nutrition,BS Nutrition,Undergraduate,Female,White,21,International,No,Yes,5565.0,30,23,76.1,84.5,74.1,1,1,1,2.06,Medium,0.464,Yes,0.249,Yes
S01523,2025,Spring,Social Work,MSW,Graduate,Female,Black,39,International,Yes,Yes,5199.0,18,18,100.0,72.6,69.2,2,1,2,3.26,Low,0.674,Yes,0.438,Yes
S01524,2026,Spring,Social Work,MSW,Graduate,Male,White,29,In-state,No,Yes,9203.0,27,27,100.0,84.5,39.1,2,0,1,3.58,Low,0.649,No,0.544,No
S01525,2022,Fall,Public Health,BS Public Health,Undergraduate,Female,White,20,In-state,No,Yes,7311.0,30,26,85.3,87.7,75.1,3,0,1,2.61,Low,0.654,Yes,0.451,Yes
S01526,2025,Spring,Public Health,BS Public Health,Undergraduate,Female,Black,18,International,No,No,16215.0,27,27,100.0,76.5,77.9,0,1,4,4.0,Medium,0.619,Yes,0.69,No
S01527,2023,Spring,Social Work,BSW,Undergraduate,Male,White,22,International,No,Yes,11112.0,27,25,94.2,97.5,76.4,4,2,0,3.25,Low,0.771,Yes,0.688,No
S01528,2023,Fall,Nutrition,BS Nutrition,Undergraduate,Female,White,19,In-state,Yes,Yes,1593.0,32,32,98.7,74.4,62.3,5,0,2,3.16,Low,0.713,Yes,0.542,No
S01529,2022,Spring,Public Health,BS Public Health,Undergraduate,Female,Hispanic/Latino,24,In-state,Yes,Yes,1953.0,30,28,92.0,100.0,64.9,2,1,0,3.06,Low,0.766,Yes,0.599,No
S01530,2023,Fall,Data Science,MS Health Data Science,Graduate,Female,White,22,In-state,No,Yes,5850.0,18,17,95.6,100.0,84.8,6,2,2,4.0,Low,0.911,Yes,0.849,Yes
S01531,2026,Fall,Social Work,MSW,Graduate,Female,White,39,In-state,No,No,11089.0,30,30,99.5,87.7,76.9,3,2,1,3.27,Low,0.734,Yes,0.648,No
S01532,2025,Spring,Data Science,BS Health Data Science,Undergraduate,Female,White,24,In-state,No,Yes,5561.0,24,24,100.0,82.6,94.3,2,1,3,3.94,Low,0.838,Yes,0.77,Yes
S01533,2023,Fall,Social Work,BSW,Undergraduate,Female,White,25,In-state,Yes,No,9202.0,31,31,100.0,84.1,94.8,1,5,0,3.5,Low,0.764,Yes,0.706,No
S01534,2023,Spring,Nutrition,MS Nutrition,Graduate,Female,White,25,In-state,No,Yes,7192.0,27,26,96.2,84.7,76.2,2,2,2,3.8,Low,0.796,Yes,0.712,Yes
S01535,2022,Spring,Social Work,MSW,Graduate,Female,Hispanic/Latino,35,In-state,Yes,No,7903.0,30,25,84.8,99.9,45.4,0,2,1,2.92,Low,0.623,Yes,0.437,Yes
S01536,2025,Spring,Health Administration,BS Health Administration,Undergraduate,Female,Hispanic/Latino,23,In-state,No,No,16037.0,27,27,98.2,64.3,66.2,2,2,0,3.28,Medium,0.438,Yes,0.435,Yes
S01537,2026,Spring,Social Work,BSW,Undergraduate,Female,Hispanic/Latino,21,In-state,No,Yes,5811.0,31,31,100.0,85.3,87.7,1,2,2,3.73,Low,0.8,Yes,0.74,Yes
S01538,2023,Spring,Nutrition,MS Nutrition,Graduate,Female,Black,37,In-state,Yes,Yes,4049.0,21,20,96.5,75.6,47.5,5,0,1,3.3,Low,0.69,Yes,0.462,No
S01539,2025,Fall,Nutrition,MS Nutrition,Graduate,Female,Black,30,Out-of-state,Yes,Yes,5297.0,21,18,87.0,58.5,36.1,1,1,5,2.48,High,0.208,No,0.072,No
S01540,2026,Fall,Social Work,MSW,Graduate,Male,Hispanic/Latino,35,In-state,Yes,Yes,486.0,21,21,99.8,70.5,58.8,2,0,0,3.11,Low,0.652,Yes,0.37,Yes
S01541,2022,Spring,Public Health,BS Public Health,Undergraduate,Female,White,23,In-state,No,Yes,5027.0,30,27,90.6,97.4,66.0,0,6,2,3.58,Low,0.769,Yes,0.671,Yes
S01542,2025,Fall,Health Administration,BS Health Administration,Undergraduate,Female,White,25,In-state,Yes,Yes,6373.0,27,26,94.8,80.9,76.5,3,0,3,3.3,Low,0.729,Yes,0.592,No
S01543,2024,Fall,Social Work,MSW,Graduate,Male,Black,33,In-state,No,Yes,4037.0,18,16,88.9,93.3,61.5,0,2,3,2.91,Low,0.676,Yes,0.398,No
S01544,2022,Fall,Health Administration,BS Health Administration,Undergraduate,Female,Black,22,In-state,Yes,Yes,6143.0,24,20,84.7,74.4,97.1,4,1,0,3.06,Low,0.745,Yes,0.546,No
S01545,2024,Spring,Health Administration,BS Health Administration,Undergraduate,Male,White,22,In-state,No,No,10503.0,30,30,100.0,79.6,89.4,5,1,2,3.21,Medium,0.696,Yes,0.664,No
S01546,2023,Fall,Data Science,BS Health Data Science,Undergraduate,Female,White,19,International,Yes,Yes,11589.0,24,24,100.0,86.4,75.4,5,2,1,3.85,Low,0.803,Yes,0.766,Yes
S01547,2024,Spring,Public Health,BS Public Health,Undergraduate,Male,White,25,In-state,No,Yes,4789.0,31,29,92.8,76.6,100.0,7,0,1,2.47,Medium,0.695,Yes,0.53,Yes
S01548,2023,Spring,Data Science,BS Health Data Science,Undergraduate,Female,White,23,In-state,No,Yes,3742.0,32,25,77.5,78.1,39.0,1,0,1,1.63,High,0.192,No,0.059,No
S01549,2026,Spring,Data Science,MS Health Data Science,Graduate,Male,Hispanic/Latino,29,In-state,Yes,No,7709.0,30,30,100.0,88.7,83.8,7,3,0,3.37,Low,0.84,Yes,0.762,No
S01550,2026,Spring,Social Work,BSW,Undergraduate,Female,White,24,In-state,No,No,9884.0,32,32,100.0,91.3,69.2,1,5,0,2.87,Medium,0.572,No,0.516,Yes
S01551,2022,Fall,Health Administration,BS Health Administration,Undergraduate,Male,White,20,Out-of-state,No,No,10697.0,31,28,91.3,100.0,85.0,1,1,2,2.68,Medium,0.632,Yes,0.551,No
S01552,2025,Spring,Data Science,BS Health Data Science,Undergraduate,Female,White,19,In-state,No,No,9109.0,33,30,91.7,62.0,27.0,0,2,3,3.38,High,0.246,No,0.189,Yes
S01553,2024,Spring,Health Administration,BS Health Administration,Undergraduate,Male,White,23,In-state,No,Yes,6485.0,24,20,84.1,79.9,47.9,2,3,4,2.53,Medium,0.433,Yes,0.251,No
S01554,2022,Fall,Nutrition,BS Nutrition,Undergraduate,Female,White,21,In-state,No,Yes,6161.0,30,29,95.9,88.4,98.0,4,2,0,3.49,Low,0.842,No,0.771,No
S01555,2026,Spring,Data Science,MS Health Data Science,Graduate,Female,Black,34,In-state,No,Yes,8439.0,27,25,90.9,94.1,98.1,3,0,1,3.25,Low,0.825,No,0.717,Yes
S01556,2025,Spring,Nutrition,MS Nutrition,Graduate,Female,White,24,In-state,Yes,Yes,4396.0,18,18,100.0,93.1,83.9,2,4,4,3.51,Low,0.829,No,0.675,Yes
S01557,2022,Spring,Nutrition,BS Nutrition,Undergraduate,Male,White,22,In-state,No,Yes,6632.0,27,27,100.0,78.2,59.7,3,1,0,3.45,Low,0.686,No,0.562,No
S01558,2025,Fall,Public Health,BS Public Health,Undergraduate,Female,White,18,Out-of-state,No,No,11462.0,30,30,100.0,98.3,89.1,5,3,2,2.94,Low,0.781,Yes,0.702,Yes
S01559,2025,Spring,Social Work,MSW,Graduate,Female,Other/Unknown,26,International,No,No,11398.0,21,18,87.6,95.3,66.7,0,4,3,3.11,Medium,0.608,No,0.492,Yes
S01560,2023,Spring,Health Administration,BS Health Administration,Undergraduate,Male,White,21,International,Yes,No,11563.0,27,27,100.0,91.0,94.5,4,1,1,3.42,Low,0.805,Yes,0.752,Yes
S01561,2024,Fall,Public Health,MS Epidemiology,Graduate,Female,Hispanic/Latino,33,Out-of-state,No,Yes,7696.0,24,24,100.0,92.2,87.7,0,1,1,3.92,Low,0.83,Yes,0.764,Yes
S01562,2026,Fall,Nutrition,BS Nutrition,Undergraduate,Female,Hispanic/Latino,21,In-state,No,No,11536.0,30,26,86.0,80.4,58.0,0,0,2,2.07,High,0.226,Yes,0.116,Yes
S01563,2026,Spring,Public Health,BS Public Health,Undergraduate,Female,Black,21,In-state,No,Yes,3062.0,31,31,100.0,79.0,95.7,2,2,2,4.0,Low,0.849,Yes,0.797,Yes
S01564,2023,Spring,Nutrition,MS Nutrition,Graduate,Female,Hispanic/Latino,34,In-state,No,Yes,2979.0,24,22,93.4,90.4,71.0,3,0,0,4.0,Low,0.857,Yes,0.763,Yes
S01565,2024,Spring,Public Health,MPH,Graduate,Male,Black,32,Out-of-state,No,No,9032.0,24,24,100.0,82.5,70.4,1,2,2,3.58,Low,0.719,Yes,0.602,Yes
S01566,2022,Spring,Nutrition,BS Nutrition,Undergraduate,Female,Black,22,International,No,No,13601.0,27,22,82.1,82.2,71.9,2,2,0,2.88,Medium,0.515,Yes,0.43,Yes
S01567,2025,Fall,Social Work,MSW,Graduate,Female,White,34,In-state,Yes,Yes,0.0,27,27,100.0,96.0,57.9,1,0,0,3.54,Low,0.802,Yes,0.648,Yes
S01568,2025,Fall,Public Health,BS Public Health,Undergraduate,Male,White,19,In-state,No,Yes,880.0,33,32,97.1,80.7,71.5,3,0,0,3.01,Low,0.721,Yes,0.534,Yes
S01569,2023,Fall,Public Health,MS Epidemiology,Graduate,Female,White,33,In-state,Yes,Yes,5849.0,24,24,100.0,85.2,75.3,2,3,2,3.09,Low,0.722,Yes,0.529,Yes
S01570,2022,Fall,Health Administration,MHA,Graduate,Female,White,31,In-state,No,No,11039.0,21,21,100.0,76.0,64.8,4,1,2,3.53,Medium,0.644,Yes,0.572,No
S01571,2022,Fall,Public Health,BS Public Health,Undergraduate,Female,Multiracial,20,In-state,Yes,Yes,8272.0,27,27,100.0,77.5,69.9,2,3,2,3.52,Low,0.692,Yes,0.592,No
S01572,2024,Spring,Data Science,BS Health Data Science,Undergraduate,Male,White,20,In-state,Yes,Yes,2823.0,27,22,81.7,87.4,71.4,0,4,0,2.65,Medium,0.573,No,0.365,No
S01573,2025,Fall,Health Administration,MHA,Graduate,Male,Multiracial,38,In-state,No,No,12343.0,21,18,85.2,62.0,44.0,2,0,3,2.56,High,0.214,No,0.099,Yes
S01574,2023,Fall,Public Health,BS Public Health,Undergraduate,Male,White,19,In-state,No,Yes,3119.0,31,27,88.6,83.3,95.1,1,1,1,2.98,Low,0.744,Yes,0.554,Yes
S01575,2026,Spring,Public Health,BS Public Health,Undergraduate,Female,Black,22,In-state,Yes,Yes,2760.0,32,32,99.9,78.9,78.3,1,1,3,2.56,Medium,0.556,No,0.391,No
S01576,2026,Fall,Health Administration,BS Health Administration,Undergraduate,Female,White,23,Out-of-state,No,No,6243.0,32,31,96.6,72.7,70.6,1,0,1,3.2,Low,0.624,Yes,0.484,Yes
S01577,2024,Spring,Data Science,MS Health Data Science,Graduate,Female,White,22,Out-of-state,No,Yes,8504.0,24,24,100.0,76.6,85.7,0,3,3,3.95,Medium,0.721,No,0.687,Yes
S01578,2022,Fall,Public Health,MS Epidemiology,Graduate,Male,Black,38,In-state,No,Yes,7602.0,30,26,87.5,100.0,72.7,3,0,1,3.13,Low,0.783,No,0.651,Yes
S01579,2022,Fall,Data Science,BS Health Data Science,Undergraduate,Female,White,21,In-state,Yes,No,7569.0,31,29,94.6,91.7,78.7,5,1,1,2.92,Low,0.755,Yes,0.625,No
S01580,2025,Fall,Nutrition,BS Nutrition,Undergraduate,Female,Asian,20,In-state,No,No,7857.0,32,32,100.0,87.5,91.7,4,4,0,3.34,Low,0.801,No,0.733,Yes
S01581,2023,Spring,Health Administration,BS Health Administration,Undergraduate,Female,Hispanic/Latino,18,In-state,No,No,2995.0,27,27,98.6,73.9,85.4,2,1,1,3.17,Low,0.718,Yes,0.533,Yes
S01582,2022,Fall,Public Health,BS Public Health,Undergraduate,Female,White,21,In-state,No,No,11715.0,27,24,87.8,85.0,94.2,4,5,3,2.49,Medium,0.603,Yes,0.476,No
S01583,2024,Spring,Data Science,BS Health Data Science,Undergraduate,Female,White,18,In-state,Yes,No,10763.0,27,27,100.0,84.7,80.2,3,1,2,2.92,Low,0.669,Yes,0.536,Yes
S01584,2026,Spring,Data Science,BS Health Data Science,Undergraduate,Female,Asian,18,In-state,Yes,Yes,3831.0,33,29,88.5,85.8,79.0,0,3,2,2.94,Low,0.681,No,0.495,Yes
S01585,2023,Fall,Health Administration,BS Health Administration,Undergraduate,Female,Black,22,Out-of-state,No,Yes,5110.0,33,32,96.3,83.6,69.3,1,1,3,3.78,Low,0.76,Yes,0.696,Yes
S01586,2026,Fall,Health Administration,MHA,Graduate,Female,Multiracial,29,In-state,No,No,2279.0,24,24,100.0,95.1,80.6,3,4,2,4.0,Low,0.887,Yes,0.813,Yes
S01587,2025,Spring,Public Health,BS Public Health,Undergraduate,Female,White,21,In-state,Yes,Yes,3981.0,30,28,93.6,80.7,44.7,4,0,3,2.38,High,0.359,No,0.181,No
S01588,2026,Spring,Public Health,BS Public Health,Undergraduate,Female,Other/Unknown,20,In-state,No,Yes,2811.0,33,32,97.9,84.2,80.4,2,1,1,3.35,Low,0.771,No,0.652,Yes
S01589,2024,Spring,Health Administration,MHA,Graduate,Female,White,23,In-state,No,No,6421.0,24,24,100.0,79.3,85.8,5,3,2,3.6,Low,0.82,Yes,0.709,Yes
S01590,2022,Spring,Social Work,BSW,Undergraduate,Female,Multiracial,20,In-state,No,Yes,5040.0,32,28,87.0,85.9,79.2,5,4,1,2.08,Medium,0.576,Yes,0.368,Yes
S01591,2025,Fall,Social Work,BSW,Undergraduate,Female,White,21,In-state,No,No,14838.0,27,27,100.0,68.7,82.2,2,1,1,4.0,Medium,0.643,No,0.696,Yes
S01592,2023,Fall,Social Work,BSW,Undergraduate,Male,Black,24,Out-of-state,No,Yes,12702.0,31,31,100.0,68.7,70.3,2,2,4,3.95,Medium,0.617,Yes,0.669,No
S01593,2023,Spring,Nutrition,BS Nutrition,Undergraduate,Female,Black,18,Out-of-state,No,Yes,6441.0,27,23,85.7,71.6,100.0,3,5,1,2.53,Medium,0.589,Yes,0.398,No
S01594,2026,Fall,Data Science,BS Health Data Science,Undergraduate,Female,Black,19,International,No,No,8608.0,30,28,93.6,84.4,100.0,0,3,2,2.56,Medium,0.584,No,0.456,No
S01595,2024,Fall,Public Health,BS Public Health,Undergraduate,Female,Black,21,International,No,Yes,12248.0,24,23,96.7,77.4,51.1,3,0,0,3.21,Medium,0.503,Yes,0.44,No
S01596,2026,Spring,Nutrition,BS Nutrition,Undergraduate,Female,Hispanic/Latino,18,International,No,Yes,5247.0,32,32,99.4,93.0,75.5,2,0,2,2.98,Low,0.731,Yes,0.597,Yes
S01597,2026,Fall,Data Science,BS Health Data Science,Undergraduate,Female,Asian,23,In-state,No,Yes,1169.0,32,32,100.0,92.8,89.9,4,0,1,4.0,Low,0.899,Yes,0.86,Yes
S01598,2026,Fall,Health Administration,BS Health Administration,Undergraduate,Female,White,19,Out-of-state,Yes,Yes,0.0,31,31,100.0,93.6,79.3,2,0,1,3.5,Low,0.834,Yes,0.728,Yes
S01599,2023,Spring,Public Health,BS Public Health,Undergraduate,Female,Asian,24,Out-of-state,Yes,Yes,3322.0,30,29,96.8,100.0,82.8,2,2,0,3.52,Low,0.844,Yes,0.762,Yes
S01600,2023,Spring,Nutrition,BS Nutrition,Undergraduate,Male,Hispanic/Latino,22,In-state,No,Yes,7441.0,31,31,99.0,100.0,45.2,5,0,0,3.0,Low,0.71,No,0.593,Yes
S01601,2022,Spring,Social Work,MSW,Graduate,Female,White,37,International,No,Yes,5789.0,18,17,95.8,92.9,86.8,1,3,2,3.2,Low,0.782,Yes,0.583,Yes
S01602,2025,Fall,Social Work,MSW,Graduate,Male,Multiracial,25,In-state,No,Yes,2866.0,30,28,91.7,91.0,89.8,5,2,2,3.28,Low,0.854,Yes,0.73,No
S01603,2023,Fall,Social Work,BSW,Undergraduate,Female,Hispanic/Latino,22,In-state,No,No,10413.0,31,31,100.0,78.5,46.8,1,2,2,2.59,Medium,0.375,Yes,0.291,No
S01604,2026,Spring,Public Health,MS Epidemiology,Graduate,Male,Hispanic/Latino,39,In-state,No,Yes,6158.0,21,20,94.6,70.3,96.5,3,0,3,3.74,Low,0.804,Yes,0.67,Yes
S01605,2022,Fall,Public Health,BS Public Health,Undergraduate,Female,White,19,Out-of-state,Yes,No,9943.0,27,25,91.9,100.0,31.2,4,0,3,3.54,Medium,0.649,Yes,0.627,Yes
S01606,2024,Fall,Data Science,BS Health Data Science,Undergraduate,Female,White,24,In-state,No,No,5162.0,32,29,91.8,66.9,44.4,1,2,2,2.66,High,0.27,No,0.143,No
S01607,2026,Spring,Nutrition,BS Nutrition,Undergraduate,Male,Multiracial,23,Out-of-state,No,Yes,5115.0,33,33,98.5,96.3,71.9,3,2,3,3.05,Low,0.76,Yes,0.646,No
S01608,2023,Spring,Health Administration,BS Health Administration,Undergraduate,Female,Black,24,In-state,Yes,No,2711.0,30,28,94.6,91.3,84.0,6,3,0,3.03,Low,0.823,Yes,0.677,Yes
S01609,2025,Spring,Public Health,BS Public Health,Undergraduate,Female,Hispanic/Latino,20,In-state,Yes,Yes,8379.0,30,30,100.0,77.6,81.8,5,4,2,3.85,Low,0.807,Yes,0.768,Yes
S01610,2022,Fall,Social Work,MSW,Graduate,Male,Multiracial,22,In-state,No,Yes,6744.0,21,21,98.8,80.6,47.9,4,2,2,4.0,Low,0.766,No,0.659,Yes
S01611,2026,Fall,Public Health,MS Epidemiology,Graduate,Female,White,31,International,No,Yes,3183.0,21,21,100.0,76.6,82.7,5,3,2,3.17,Low,0.781,No,0.565,No
S01612,2024,Spring,Health Administration,BS Health Administration,Undergraduate,Male,Hispanic/Latino,22,In-state,Yes,No,8469.0,33,33,100.0,96.7,91.0,2,0,2,3.48,Low,0.817,Yes,0.777,Yes
S01613,2026,Fall,Data Science,MS Health Data Science,Graduate,Male,White,32,In-state,No,No,8681.0,27,27,100.0,90.3,59.1,1,1,3,4.0,Low,0.775,Yes,0.723,No
S01614,2024,Fall,Nutrition,MS Nutrition,Graduate,Male,Black,22,In-state,Yes,Yes,5246.0,24,23,96.4,73.5,93.2,6,0,3,3.19,Low,0.795,No,0.617,Yes
S01615,2023,Spring,Data Science,BS Health Data Science,Undergraduate,Female,Hispanic/Latino,20,In-state,Yes,No,8578.0,30,29,95.5,88.5,87.8,1,0,4,3.7,Low,0.791,Yes,0.742,Yes
S01616,2024,Spring,Social Work,BSW,Undergraduate,Male,Hispanic/Latino,20,In-state,No,Yes,8243.0,31,30,96.9,73.4,69.2,4,2,2,2.35,Medium,0.466,No,0.324,No
S01617,2023,Spring,Social Work,BSW,Undergraduate,Male,White,21,Out-of-state,Yes,Yes,2667.0,24,24,100.0,88.2,69.6,4,0,3,2.92,Low,0.738,No,0.524,Yes
S01618,2026,Fall,Health Administration,MHA,Graduate,Male,Black,22,Out-of-state,Yes,Yes,0.0,21,18,85.2,76.6,75.3,1,0,3,3.26,Low,0.737,Yes,0.463,Yes
S01619,2022,Spring,Public Health,BS Public Health,Undergraduate,Nonbinary,Hispanic/Latino,19,In-state,No,No,5712.0,30,24,80.6,82.9,50.0,6,0,2,2.22,Medium,0.495,No,0.292,No
S01620,2026,Spring,Public Health,BS Public Health,Undergraduate,Female,Other/Unknown,25,Out-of-state,No,No,12600.0,30,28,92.9,85.5,61.2,0,2,2,3.32,Medium,0.538,Yes,0.525,No
S01621,2026,Spring,Public Health,BS Public Health,Undergraduate,Female,White,22,Out-of-state,No,Yes,9877.0,24,22,90.3,69.7,41.2,3,3,1,3.45,High,0.379,No,0.28,No
S01622,2023,Fall,Health Administration,BS Health Administration,Undergraduate,Female,White,22,In-state,No,No,4281.0,32,31,98.2,87.1,48.5,3,1,1,3.52,Low,0.723,Yes,0.619,No
S01623,2022,Spring,Social Work,MSW,Graduate,Nonbinary,Multiracial,37,International,No,Yes,4077.0,27,27,100.0,100.0,57.9,3,2,2,3.84,Low,0.842,Yes,0.765,Yes
S01624,2026,Fall,Data Science,MS Health Data Science,Graduate,Female,Other/Unknown,25,In-state,No,No,9199.0,24,22,93.3,73.6,75.0,3,0,1,3.41,Low,0.701,Yes,0.548,Yes
S01625,2023,Spring,Nutrition,BS Nutrition,Undergraduate,Female,White,20,In-state,No,Yes,12222.0,27,22,82.6,74.6,70.4,4,0,1,2.82,Medium,0.513,No,0.404,No
S01626,2026,Fall,Public Health,BS Public Health,Undergraduate,Female,White,23,In-state,Yes,No,9562.0,32,29,91.2,69.9,65.7,3,0,3,2.97,Medium,0.501,Yes,0.418,No
S01627,2022,Fall,Nutrition,MS Nutrition,Graduate,Female,Hispanic/Latino,33,In-state,No,No,6714.0,27,25,91.6,88.0,66.4,0,0,0,2.83,Medium,0.569,Yes,0.414,No
S01628,2024,Fall,Public Health,BS Public Health,Undergraduate,Female,White,18,In-state,Yes,Yes,800.0,31,31,100.0,85.9,63.6,2,0,0,3.32,Low,0.746,Yes,0.593,Yes
S01629,2023,Spring,Social Work,BSW,Undergraduate,Female,Black,20,Out-of-state,Yes,Yes,9986.0,31,31,100.0,97.5,64.8,3,4,1,3.33,Low,0.744,Yes,0.684,Yes
S01630,2023,Fall,Public Health,BS Public Health,Undergraduate,Female,Hispanic/Latino,18,In-state,Yes,No,5983.0,30,26,86.3,91.2,59.7,0,1,1,2.88,Medium,0.558,Yes,0.428,No
S01631,2022,Spring,Data Science,BS Health Data Science,Undergraduate,Female,Asian,20,International,Yes,Yes,3779.0,30,28,92.1,78.6,88.9,4,3,5,2.94,Low,0.744,Yes,0.56,Yes
S01632,2026,Spring,Health Administration,BS Health Administration,Undergraduate,Female,Multiracial,24,In-state,No,Yes,7270.0,30,26,85.6,73.2,85.8,0,0,0,2.41,Medium,0.462,Yes,0.296,No
S01633,2025,Fall,Public Health,BS Public Health,Undergraduate,Female,White,20,In-state,No,No,4320.0,32,29,89.8,79.8,70.4,6,4,1,2.4,Medium,0.591,No,0.408,No
S01634,2022,Fall,Social Work,BSW,Undergraduate,Female,Black,19,In-state,No,Yes,5734.0,24,24,100.0,91.9,53.1,4,1,1,3.33,Low,0.737,Yes,0.594,No
S01635,2022,Spring,Public Health,BS Public Health,Undergraduate,Male,Hispanic/Latino,22,In-state,Yes,No,6492.0,33,31,93.8,80.3,86.7,1,4,2,2.82,Low,0.655,Yes,0.488,No
S01636,2022,Spring,Public Health,MS Epidemiology,Graduate,Female,Hispanic/Latino,37,In-state,Yes,No,14306.0,24,24,100.0,89.8,70.3,6,0,1,3.54,Low,0.779,No,0.722,Yes
S01637,2024,Fall,Nutrition,BS Nutrition,Undergraduate,Female,White,20,In-state,Yes,Yes,8206.0,24,17,72.8,78.4,30.7,3,1,0,2.42,High,0.259,No,0.112,No
S01638,2025,Spring,Health Administration,MHA,Graduate,Male,Hispanic/Latino,22,In-state,No,No,7937.0,18,18,100.0,92.1,70.6,5,0,3,3.58,Low,0.82,Yes,0.697,No
S01639,2023,Spring,Health Administration,MHA,Graduate,Female,Hispanic/Latino,27,In-state,No,Yes,0.0,18,18,100.0,82.9,74.4,3,0,2,3.93,Low,0.852,Yes,0.703,No
S01640,2022,Spring,Public Health,BS Public Health,Undergraduate,Male,Black,19,In-state,Yes,Yes,3880.0,27,26,97.8,88.4,74.5,6,0,3,2.69,Low,0.744,Yes,0.532,No
S01641,2023,Fall,Nutrition,BS Nutrition,Undergraduate,Female,White,21,In-state,Yes,Yes,0.0,24,22,90.2,88.6,98.9,4,0,1,2.92,Low,0.827,No,0.614,Yes
S01642,2023,Spring,Public Health,BS Public Health,Undergraduate,Male,Hispanic/Latino,19,International,No,No,8441.0,27,27,99.0,100.0,65.7,5,0,2,3.17,Low,0.778,Yes,0.679,Yes
S01643,2026,Spring,Public Health,BS Public Health,Undergraduate,Male,White,20,In-state,Yes,Yes,3022.0,31,30,95.6,78.3,84.5,2,1,1,3.68,Low,0.794,Yes,0.697,Yes
S01644,2022,Spring,Public Health,BS Public Health,Undergraduate,Female,White,20,In-state,Yes,Yes,4279.0,30,30,100.0,94.3,90.8,4,0,0,3.27,Low,0.836,Yes,0.742,Yes
S01645,2023,Spring,Social Work,MSW,Graduate,Female,Asian,33,In-state,No,Yes,1583.0,21,21,100.0,74.3,64.9,2,4,3,3.29,Low,0.704,Yes,0.458,Yes
S01646,2024,Spring,Social Work,BSW,Undergraduate,Male,Hispanic/Latino,22,In-state,Yes,Yes,7148.0,31,29,94.7,77.8,73.2,3,2,3,2.1,High,0.347,No,0.177,No
S01647,2024,Spring,Data Science,BS Health Data Science,Undergraduate,Male,Multiracial,21,Out-of-state,No,No,11532.0,30,24,79.6,85.8,54.1,3,5,1,2.19,High,0.301,No,0.164,No
S01648,2025,Spring,Health Administration,BS Health Administration,Undergraduate,Female,Asian,20,Out-of-state,No,Yes,3325.0,27,24,90.6,70.3,69.7,1,1,2,4.0,Low,0.747,Yes,0.632,No
S01649,2026,Fall,Health Administration,MHA,Graduate,Male,White,31,In-state,No,Yes,4355.0,30,30,100.0,89.9,74.1,4,1,2,3.9,Low,0.856,Yes,0.797,Yes
S01650,2023,Fall,Public Health,BS Public Health,Undergraduate,Female,Black,21,International,Yes,Yes,7186.0,31,31,100.0,92.5,60.7,1,3,1,4.0,Low,0.783,Yes,0.757,Yes
S01651,2026,Spring,Health Administration,BS Health Administration,Undergraduate,Male,Black,19,In-state,No,Yes,4050.0,30,28,92.2,89.4,93.2,0,1,2,2.15,Medium,0.566,Yes,0.359,No
S01652,2024,Spring,Nutrition,BS Nutrition,Undergraduate,Female,Black,22,In-state,Yes,Yes,0.0,32,32,100.0,97.2,56.1,5,4,0,3.18,Low,0.802,Yes,0.661,Yes
S01653,2023,Fall,Data Science,MS Health Data Science,Graduate,Male,Hispanic/Latino,34,In-state,Yes,Yes,5375.0,18,18,100.0,91.8,99.9,3,1,3,3.49,Low,0.858,Yes,0.727,Yes
S01654,2022,Fall,Health Administration,BS Health Administration,Undergraduate,Female,Multiracial,24,In-state,Yes,Yes,469.0,31,28,90.4,67.6,28.9,2,1,2,2.36,High,0.245,Yes,0.096,No
S01655,2026,Spring,Social Work,BSW,Undergraduate,Male,Black,21,In-state,No,No,10041.0,31,31,100.0,84.7,83.3,4,0,2,2.59,Medium,0.596,Yes,0.503,No
S01656,2025,Spring,Data Science,MS Health Data Science,Graduate,Female,Black,22,In-state,No,No,10341.0,24,24,100.0,100.0,61.5,0,0,2,3.39,Medium,0.666,No,0.61,No
S01657,2025,Fall,Public Health,MPH,Graduate,Male,White,26,Out-of-state,Yes,Yes,6774.0,21,20,93.0,65.4,58.4,3,0,4,3.57,Medium,0.595,Yes,0.467,No
S01658,2026,Fall,Health Administration,BS Health Administration,Undergraduate,Male,Asian,18,In-state,No,Yes,1775.0,32,29,90.0,67.6,71.8,2,2,0,2.54,Medium,0.499,No,0.304,Yes
S01659,2022,Spring,Data Science,BS Health Data Science,Undergraduate,Male,White,22,International,No,Yes,8719.0,31,31,100.0,90.8,77.1,3,3,2,2.52,Low,0.649,Yes,0.483,No
S01660,2022,Spring,Nutrition,BS Nutrition,Undergraduate,Nonbinary,White,23,Out-of-state,Yes,No,10874.0,31,31,99.0,91.7,70.8,3,5,1,3.62,Low,0.764,No,0.735,Yes
S01661,2025,Spring,Health Administration,MHA,Graduate,Female,White,29,In-state,No,Yes,9798.0,27,26,95.9,83.0,91.6,1,0,3,3.21,Low,0.725,Yes,0.593,No
S01662,2024,Fall,Health Administration,BS Health Administration,Undergraduate,Female,Hispanic/Latino,22,In-state,No,Yes,4743.0,32,28,87.9,91.2,63.9,3,1,3,2.65,Low,0.665,Yes,0.456,No
S01663,2023,Spring,Social Work,BSW,Undergraduate,Male,White,18,In-state,No,No,6856.0,33,33,100.0,92.0,91.8,2,0,1,4.0,Low,0.859,Yes,0.844,Yes
S01664,2022,Spring,Health Administration,BS Health Administration,Undergraduate,Female,White,25,In-state,No,Yes,3924.0,30,30,100.0,93.1,45.3,1,3,0,3.65,Low,0.728,Yes,0.632,Yes
S01665,2025,Spring,Nutrition,BS Nutrition,Undergraduate,Male,Hispanic/Latino,20,Out-of-state,Yes,Yes,0.0,33,33,100.0,89.0,81.5,3,1,2,3.35,Low,0.821,Yes,0.704,Yes
S01666,2024,Fall,Social Work,BSW,Undergraduate,Female,Asian,18,In-state,No,Yes,3943.0,31,29,92.1,73.9,72.1,0,1,0,2.8,Medium,0.514,No,0.363,No
S01667,2025,Fall,Data Science,MS Health Data Science,Graduate,Male,White,28,In-state,Yes,Yes,0.0,27,27,100.0,81.6,34.1,2,1,3,2.88,Medium,0.536,No,0.331,No
S01668,2023,Spring,Public Health,BS Public Health,Undergraduate,Female,White,22,In-state,Yes,Yes,5239.0,31,31,100.0,92.2,86.6,5,1,0,3.53,Low,0.85,Yes,0.788,Yes
S01669,2026,Spring,Health Administration,BS Health Administration,Undergraduate,Male,Hispanic/Latino,23,Out-of-state,Yes,Yes,7551.0,30,30,100.0,79.0,89.0,2,2,0,2.72,Medium,0.592,Yes,0.477,No
S01670,2025,Fall,Public Health,MPH,Graduate,Female,White,35,International,No,Yes,4491.0,18,18,98.3,100.0,69.2,3,1,3,3.66,Low,0.846,Yes,0.719,No
S01671,2024,Fall,Nutrition,MS Nutrition,Graduate,Male,Asian,33,Out-of-state,No,Yes,7483.0,27,26,94.7,96.0,86.8,2,3,0,3.53,Low,0.828,No,0.742,Yes
S01672,2025,Fall,Nutrition,MS Nutrition,Graduate,Male,Hispanic/Latino,34,In-state,Yes,Yes,3915.0,24,24,100.0,88.0,61.3,1,2,2,3.88,Low,0.79,No,0.675,No
S01673,2022,Spring,Public Health,BS Public Health,Undergraduate,Female,Black,18,Out-of-state,Yes,Yes,12171.0,33,33,100.0,90.7,59.1,2,0,1,3.89,Low,0.737,No,0.746,Yes
S01674,2023,Spring,Health Administration,BS Health Administration,Undergraduate,Female,Hispanic/Latino,22,In-state,No,Yes,6815.0,31,31,100.0,84.3,69.0,1,0,1,4.0,Low,0.775,Yes,0.74,Yes
S01675,2026,Fall,Health Administration,MHA,Graduate,Female,Hispanic/Latino,24,Out-of-state,No,Yes,6395.0,27,25,93.5,98.2,80.8,4,1,3,3.45,Low,0.844,Yes,0.746,No
S01676,2026,Fall,Health Administration,BS Health Administration,Undergraduate,Male,White,19,In-state,Yes,Yes,4660.0,32,32,99.3,74.8,75.3,4,3,2,3.4,Low,0.741,Yes,0.63,Yes
S01677,2023,Fall,Social Work,BSW,Undergraduate,Female,Other/Unknown,24,In-state,Yes,Yes,2962.0,32,32,99.6,95.6,49.0,5,2,1,2.79,Low,0.71,Yes,0.532,No
S01678,2023,Fall,Data Science,BS Health Data Science,Undergraduate,Female,Asian,23,In-state,No,Yes,4034.0,32,31,98.3,75.3,95.8,5,3,1,2.94,Low,0.761,Yes,0.599,Yes
S01679,2025,Fall,Health Administration,BS Health Administration,Undergraduate,Male,Other/Unknown,22,In-state,No,No,3337.0,31,31,100.0,97.0,55.2,5,0,3,3.43,Low,0.804,No,0.709,Yes
S01680,2023,Fall,Social Work,BSW,Undergraduate,Female,White,24,In-state,No,No,6507.0,32,28,86.4,83.3,54.6,4,2,0,2.27,Medium,0.472,No,0.303,No
S01681,2026,Fall,Health Administration,MHA,Graduate,Female,White,37,In-state,Yes,Yes,6454.0,21,21,100.0,94.7,81.2,2,2,3,3.29,Low,0.794,Yes,0.638,Yes
S01682,2022,Fall,Data Science,MS Health Data Science,Graduate,Female,Hispanic/Latino,34,Out-of-state,Yes,Yes,5556.0,27,27,99.4,100.0,87.1,1,1,1,4.0,Low,0.877,Yes,0.832,Yes
S01683,2026,Fall,Social Work,BSW,Undergraduate,Male,White,21,International,No,No,15553.0,27,25,94.0,90.2,51.5,5,1,2,2.63,Medium,0.487,No,0.421,Yes
S01684,2026,Spring,Nutrition,BS Nutrition,Undergraduate,Male,White,20,In-state,No,Yes,10259.0,33,33,100.0,86.8,98.8,1,0,1,3.17,Low,0.737,Yes,0.668,Yes
S01685,2024,Fall,Nutrition,BS Nutrition,Undergraduate,Female,White,21,In-state,No,Yes,7535.0,24,22,90.3,97.0,90.1,4,3,2,2.61,Low,0.754,Yes,0.556,Yes
S01686,2025,Spring,Social Work,BSW,Undergraduate,Female,White,20,In-state,No,No,7823.0,32,32,100.0,85.2,79.7,2,5,2,3.46,Low,0.75,Yes,0.681,Yes
S01687,2025,Spring,Health Administration,MHA,Graduate,Male,White,31,In-state,No,Yes,5569.0,30,26,86.5,76.4,71.8,2,1,3,3.3,Low,0.702,Yes,0.528,No
S01688,2022,Fall,Data Science,BS Health Data Science,Undergraduate,Female,White,23,Out-of-state,No,No,10162.0,31,23,75.6,49.3,55.4,4,3,1,2.07,High,0.172,No,0.069,No
S01689,2023,Fall,Social Work,BSW,Undergraduate,Male,Asian,18,International,No,Yes,7927.0,24,24,100.0,69.6,55.3,3,0,1,4.0,Medium,0.643,Yes,0.618,Yes
S01690,2023,Fall,Health Administration,BS Health Administration,Undergraduate,Female,Hispanic/Latino,25,In-state,No,No,2466.0,31,30,95.5,94.9,97.5,4,3,1,2.89,Low,0.827,Yes,0.683,No
S01691,2022,Spring,Public Health,BS Public Health,Undergraduate,Nonbinary,Multiracial,22,In-state,Yes,Yes,6520.0,33,33,100.0,82.3,87.1,0,5,1,3.31,Low,0.717,Yes,0.621,Yes
S01692,2022,Fall,Health Administration,MHA,Graduate,Male,White,34,In-state,No,Yes,4776.0,18,15,83.0,82.3,76.0,1,2,2,3.24,Low,0.723,Yes,0.478,Yes
S01693,2022,Fall,Public Health,BS Public Health,Undergraduate,Male,Black,23,In-state,No,No,6025.0,32,30,95.2,92.8,60.2,2,1,1,2.5,Low,0.609,Yes,0.407,No
S01694,2025,Fall,Nutrition,BS Nutrition,Undergraduate,Male,Black,25,Out-of-state,Yes,No,7635.0,24,24,100.0,100.0,74.5,5,3,2,2.71,Low,0.752,No,0.578,Yes
S01695,2023,Spring,Nutrition,BS Nutrition,Undergraduate,Male,White,22,In-state,No,No,7150.0,31,26,84.6,96.6,79.6,3,5,2,3.38,Low,0.802,Yes,0.71,Yes
S01696,2024,Spring,Nutrition,BS Nutrition,Undergraduate,Female,Asian,19,In-state,Yes,No,3751.0,30,30,99.0,73.2,64.3,3,3,2,3.19,Low,0.664,Yes,0.497,Yes
S01697,2023,Spring,Social Work,BSW,Undergraduate,Male,Asian,19,Out-of-state,No,Yes,6950.0,24,20,83.0,83.2,82.8,2,0,2,2.23,Medium,0.521,Yes,0.305,No
S01698,2024,Fall,Data Science,BS Health Data Science,Undergraduate,Male,Asian,21,In-state,No,Yes,6189.0,30,28,94.3,84.1,88.2,4,4,1,3.51,Low,0.81,Yes,0.724,Yes
S01699,2024,Fall,Data Science,MS Health Data Science,Graduate,Female,Hispanic/Latino,31,Out-of-state,No,No,8166.0,24,22,91.3,80.7,64.7,3,2,2,3.26,Low,0.69,Yes,0.515,No
S01700,2024,Spring,Nutrition,BS Nutrition,Undergraduate,Female,Multiracial,21,In-state,No,Yes,5559.0,30,29,97.5,79.2,55.9,3,4,1,3.07,Low,0.634,No,0.468,Yes
S01701,2022,Spring,Data Science,BS Health Data Science,Undergraduate,Female,Hispanic/Latino,21,In-state,No,No,12750.0,32,32,100.0,100.0,91.9,3,2,3,3.58,Low,0.826,Yes,0.819,Yes
S01702,2023,Fall,Data Science,BS Health Data Science,Undergraduate,Male,White,19,In-state,No,Yes,9677.0,33,33,100.0,76.9,73.7,0,2,3,3.26,Medium,0.553,Yes,0.529,Yes
S01703,2023,Fall,Social Work,BSW,Undergraduate,Female,White,19,In-state,No,Yes,7309.0,24,24,100.0,95.3,79.7,4,2,2,3.59,Low,0.83,Yes,0.753,Yes
S01704,2022,Spring,Data Science,BS Health Data Science,Undergraduate,Nonbinary,Multiracial,21,In-state,No,Yes,41.0,33,30,89.8,65.3,44.1,1,0,1,2.39,High,0.268,Yes,0.11,No
S01705,2026,Spring,Social Work,BSW,Undergraduate,Female,Hispanic/Latino,25,In-state,Yes,Yes,6621.0,24,24,100.0,70.4,67.8,3,0,1,3.84,Low,0.727,Yes,0.624,No
S01706,2025,Spring,Public Health,BS Public Health,Undergraduate,Male,Asian,20,Out-of-state,Yes,No,3343.0,27,24,88.2,86.1,61.8,3,2,2,2.08,Medium,0.495,No,0.263,No
S01707,2023,Spring,Data Science,BS Health Data Science,Undergraduate,Female,White,25,In-state,No,Yes,1583.0,27,24,90.2,98.2,74.4,7,0,2,2.43,Low,0.784,Yes,0.533,No
S01708,2022,Fall,Social Work,BSW,Undergraduate,Female,Black,21,In-state,No,No,9528.0,32,31,96.9,58.6,37.5,2,0,1,3.56,High,0.314,Yes,0.265,Yes
S01709,2025,Fall,Public Health,BS Public Health,Undergraduate,Female,White,19,In-state,Yes,No,7557.0,24,23,94.0,78.6,92.5,2,3,2,2.99,Low,0.697,Yes,0.515,Yes
S01710,2026,Spring,Data Science,MS Health Data Science,Graduate,Female,Hispanic/Latino,24,International,No,No,9632.0,30,30,100.0,73.9,81.3,2,1,3,3.37,Medium,0.638,No,0.586,No
S01711,2025,Fall,Social Work,BSW,Undergraduate,Female,Multiracial,25,In-state,No,No,12698.0,33,33,100.0,80.4,65.7,3,2,1,3.56,Low,0.677,Yes,0.656,No
S01712,2023,Fall,Public Health,BS Public Health,Undergraduate,Male,White,18,In-state,Yes,No,3604.0,31,31,100.0,96.2,84.7,3,2,0,3.1,Low,0.806,Yes,0.687,No
S01713,2023,Fall,Data Science,BS Health Data Science,Undergraduate,Female,Black,21,Out-of-state,No,No,6213.0,31,30,96.1,75.8,76.8,4,2,1,2.38,Medium,0.531,No,0.369,Yes
S01714,2026,Fall,Social Work,BSW,Undergraduate,Female,Other/Unknown,24,Out-of-state,No,Yes,6683.0,24,24,100.0,81.9,59.8,0,3,3,2.3,Medium,0.408,Yes,0.237,No
S01715,2024,Spring,Health Administration,BS Health Administration,Undergraduate,Female,Black,24,International,No,No,6104.0,32,31,96.4,100.0,76.6,3,3,0,3.82,Low,0.853,No,0.82,No
S01716,2022,Fall,Nutrition,BS Nutrition,Undergraduate,Female,Hispanic/Latino,22,Out-of-state,No,Yes,9532.0,32,28,86.9,69.0,97.5,2,4,2,2.62,High,0.42,Yes,0.274,No
S01717,2024,Spring,Public Health,BS Public Health,Undergraduate,Female,White,22,In-state,Yes,Yes,809.0,30,30,100.0,97.8,67.3,4,1,0,3.27,Low,0.821,Yes,0.694,Yes
S01718,2024,Spring,Health Administration,BS Health Administration,Undergraduate,Female,White,22,In-state,No,No,9246.0,24,23,95.6,82.5,91.1,2,0,1,3.14,Low,0.717,Yes,0.573,Yes
S01719,2026,Fall,Public Health,BS Public Health,Undergraduate,Female,Multiracial,18,In-state,No,Yes,0.0,24,22,90.2,84.4,92.3,0,0,0,3.14,Low,0.768,No,0.543,No
S01720,2023,Fall,Public Health,BS Public Health,Undergraduate,Female,Black,22,In-state,Yes,Yes,1349.0,31,27,86.5,77.0,68.9,2,0,2,3.08,Low,0.686,Yes,0.471,Yes
S01721,2022,Fall,Data Science,BS Health Data Science,Undergraduate,Male,White,21,In-state,No,No,2841.0,31,31,100.0,85.8,73.3,0,0,1,2.34,Medium,0.52,Yes,0.336,No
S01722,2022,Spring,Data Science,MS Health Data Science,Graduate,Female,Asian,30,Out-of-state,Yes,No,12617.0,30,30,100.0,82.5,55.9,1,0,0,3.56,Low,0.64,Yes,0.583,No
S01723,2023,Spring,Health Administration,MHA,Graduate,Female,White,32,In-state,No,Yes,7834.0,18,15,85.9,81.1,55.9,4,0,0,3.65,Low,0.738,No,0.568,No
S01724,2024,Fall,Public Health,BS Public Health,Undergraduate,Female,White,19,In-state,No,No,9358.0,24,22,90.9,87.1,46.6,2,4,0,2.71,Low,0.532,No,0.336,No
S01725,2026,Spring,Health Administration,MHA,Graduate,Female,Asian,31,In-state,No,No,6086.0,27,27,100.0,90.2,79.9,4,0,2,3.09,Low,0.782,Yes,0.632,No
S01726,2024,Spring,Nutrition,BS Nutrition,Undergraduate,Female,Hispanic/Latino,19,Out-of-state,No,Yes,8799.0,31,30,97.8,86.8,71.0,4,0,0,3.07,Low,0.707,Yes,0.594,No
S01727,2023,Fall,Health Administration,BS Health Administration,Undergraduate,Male,Other/Unknown,26,Out-of-state,Yes,Yes,9176.0,30,30,100.0,85.5,49.1,3,3,1,3.14,Low,0.621,No,0.509,Yes
S01728,2022,Spring,Health Administration,BS Health Administration,Undergraduate,Male,Hispanic/Latino,20,Out-of-state,Yes,Yes,4440.0,31,30,98.3,89.0,79.7,3,4,0,2.57,Low,0.694,Yes,0.488,No
S01729,2023,Spring,Data Science,MS Health Data Science,Graduate,Female,Black,28,International,Yes,Yes,7069.0,24,24,100.0,89.7,100.0,0,1,2,4.0,Low,0.856,Yes,0.797,Yes
S01730,2025,Fall,Health Administration,BS Health Administration,Undergraduate,Female,White,20,In-state,No,Yes,9246.0,31,31,100.0,97.3,95.9,3,2,0,3.6,Low,0.846,Yes,0.817,No
S01731,2025,Spring,Data Science,BS Health Data Science,Undergraduate,Female,Black,22,Out-of-state,No,Yes,9219.0,30,30,100.0,67.3,82.8,2,0,3,2.59,Medium,0.469,No,0.353,Yes
S01732,2022,Fall,Nutrition,BS Nutrition,Undergraduate,Female,Multiracial,21,International,Yes,No,12050.0,32,32,100.0,91.0,83.8,2,2,1,4.0,Low,0.812,No,0.821,No
S01733,2023,Fall,Health Administration,BS Health Administration,Undergraduate,Female,Asian,20,International,Yes,No,8811.0,31,29,92.1,73.6,62.0,0,3,1,2.94,Medium,0.452,No,0.365,No
S01734,2022,Fall,Nutrition,BS Nutrition,Undergraduate,Male,White,23,In-state,Yes,Yes,3000.0,32,25,78.3,75.0,80.0,3,2,2,1.58,High,0.315,No,0.103,No
S01735,2023,Spring,Data Science,BS Health Data Science,Undergraduate,Male,Hispanic/Latino,18,Out-of-state,No,No,10861.0,33,28,85.9,72.5,91.6,2,0,0,2.75,Medium,0.538,Yes,0.442,No
S01736,2022,Spring,Data Science,BS Health Data Science,Undergraduate,Female,Asian,22,In-state,No,Yes,4679.0,32,32,100.0,91.3,84.4,5,3,2,2.94,Low,0.79,Yes,0.662,Yes
S01737,2026,Fall,Public Health,BS Public Health,Undergraduate,Female,White,21,Out-of-state,No,Yes,6842.0,24,24,100.0,95.4,82.0,4,3,0,3.16,Low,0.795,Yes,0.668,No
S01738,2024,Spring,Public Health,BS Public Health,Undergraduate,Female,White,24,In-state,Yes,Yes,3643.0,31,29,93.5,72.3,59.5,2,0,1,2.2,High,0.305,No,0.136,No
S01739,2025,Fall,Social Work,BSW,Undergraduate,Female,Black,22,In-state,No,No,7466.0,24,24,100.0,89.7,92.3,4,1,3,2.92,Low,0.768,Yes,0.61,No
S01740,2025,Fall,Nutrition,BS Nutrition,Undergraduate,Female,White,20,In-state,Yes,No,11338.0,31,28,91.2,82.2,69.2,3,3,1,2.57,Medium,0.498,Yes,0.397,No
S01741,2024,Spring,Public Health,MPH,Graduate,Female,Hispanic/Latino,38,Out-of-state,No,No,12503.0,30,24,81.2,68.4,67.6,0,2,5,2.85,High,0.309,No,0.194,No
S01742,2025,Spring,Nutrition,MS Nutrition,Graduate,Female,White,22,Out-of-state,Yes,Yes,4835.0,27,26,98.1,92.1,73.4,2,2,3,3.57,Low,0.807,Yes,0.692,Yes
S01743,2024,Spring,Public Health,MS Epidemiology,Graduate,Male,White,30,Out-of-state,Yes,Yes,839.0,18,17,93.4,91.5,89.4,1,0,2,3.24,Low,0.819,Yes,0.594,Yes
S01744,2026,Spring,Data Science,BS Health Data Science,Undergraduate,Male,White,21,In-state,No,Yes,4939.0,30,30,100.0,90.9,56.3,6,1,3,3.86,Low,0.83,Yes,0.779,No
S01745,2023,Spring,Public Health,BS Public Health,Undergraduate,Male,Other/Unknown,23,In-state,No,No,13867.0,30,27,91.4,96.1,58.3,3,1,0,2.8,Medium,0.548,No,0.498,Yes
S01746,2025,Fall,Health Administration,BS Health Administration,Undergraduate,Female,Multiracial,21,In-state,Yes,No,14010.0,31,31,100.0,85.1,71.9,1,0,0,3.6,Low,0.678,No,0.664,Yes
S01747,2022,Fall,Public Health,MS Epidemiology,Graduate,Male,White,38,Out-of-state,No,Yes,7525.0,30,29,96.3,97.1,91.1,3,1,1,3.5,Low,0.848,Yes,0.78,Yes
S01748,2023,Fall,Public Health,BS Public Health,Undergraduate,Male,Asian,20,In-state,No,Yes,316.0,32,32,100.0,76.9,90.7,2,2,3,3.43,Low,0.794,Yes,0.663,Yes
S01749,2022,Fall,Health Administration,MHA,Graduate,Female,White,26,Out-of-state,No,No,8014.0,24,21,87.8,55.0,54.3,0,4,2,2.9,High,0.254,No,0.123,No
S01750,2022,Fall,Public Health,BS Public Health,Undergraduate,Male,White,18,In-state,No,No,9963.0,24,22,89.6,69.2,55.7,3,0,1,3.01,Medium,0.466,Yes,0.353,No
S01751,2025,Spring,Public Health,BS Public Health,Undergraduate,Male,White,23,In-state,No,Yes,1750.0,30,30,100.0,79.9,72.5,2,2,2,2.91,Low,0.682,Yes,0.474,Yes
S01752,2024,Spring,Public Health,BS Public Health,Undergraduate,Female,Other/Unknown,23,Out-of-state,Yes,Yes,3177.0,30,30,100.0,100.0,61.5,0,3,2,2.75,Medium,0.617,Yes,0.478,Yes
S01753,2022,Fall,Nutrition,MS Nutrition,Graduate,Female,White,27,In-state,No,No,2717.0,21,21,100.0,82.2,58.7,1,2,2,4.0,Low,0.784,Yes,0.648,Yes
S01754,2022,Spring,Data Science,BS Health Data Science,Undergraduate,Female,Hispanic/Latino,18,Out-of-state,Yes,Yes,6616.0,24,23,94.8,75.2,57.5,2,2,1,3.04,Low,0.584,Yes,0.386,No
S01755,2025,Spring,Public Health,BS Public Health,Undergraduate,Female,White,22,International,No,No,14630.0,33,33,99.3,79.7,61.2,4,3,3,3.07,Medium,0.525,No,0.533,No
S01756,2025,Fall,Social Work,BSW,Undergraduate,Female,Asian,19,In-state,Yes,Yes,6511.0,27,27,100.0,94.6,86.6,4,4,2,3.42,Low,0.83,Yes,0.747,No
S01757,2022,Spring,Data Science,BS Health Data Science,Undergraduate,Female,Hispanic/Latino,19,International,Yes,Yes,7547.0,33,32,97.7,89.6,100.0,3,1,1,2.17,Medium,0.618,No,0.47,No
S01758,2026,Fall,Nutrition,BS Nutrition,Undergraduate,Female,Black,21,Out-of-state,No,No,11941.0,31,31,100.0,81.4,72.8,1,0,0,3.07,Low,0.602,No,0.512,No
S01759,2025,Fall,Health Administration,MHA,Graduate,Female,White,27,In-state,Yes,Yes,7632.0,18,18,100.0,87.6,74.9,0,2,3,4.0,Low,0.796,Yes,0.695,No
S01760,2024,Fall,Health Administration,BS Health Administration,Undergraduate,Female,Hispanic/Latino,19,In-state,No,Yes,5980.0,30,30,100.0,67.8,99.3,1,1,1,4.0,Medium,0.747,Yes,0.738,No
S01761,2025,Fall,Data Science,BS Health Data Science,Undergraduate,Female,White,22,In-state,Yes,Yes,8178.0,27,27,100.0,100.0,55.5,2,2,0,3.84,Low,0.789,Yes,0.744,Yes
S01762,2024,Fall,Public Health,BS Public Health,Undergraduate,Male,Black,19,In-state,Yes,Yes,3905.0,31,31,100.0,91.7,73.3,3,2,2,3.36,Low,0.789,Yes,0.686,Yes
S01763,2026,Fall,Health Administration,BS Health Administration,Undergraduate,Female,White,20,Out-of-state,No,Yes,8454.0,32,32,100.0,85.0,65.0,2,1,0,3.0,Low,0.638,No,0.517,No
S01764,2025,Fall,Health Administration,MHA,Graduate,Female,Asian,23,In-state,Yes,No,8080.0,18,18,98.2,78.2,96.2,0,0,4,3.41,Medium,0.689,No,0.564,Yes
S01765,2025,Spring,Social Work,BSW,Undergraduate,Female,Black,23,In-state,Yes,Yes,3192.0,27,24,90.7,86.1,74.6,0,0,0,3.34,Low,0.73,Yes,0.558,No
S01766,2024,Spring,Data Science,BS Health Data Science,Undergraduate,Male,Black,25,International,No,Yes,5887.0,30,30,99.2,71.3,86.6,4,2,2,3.26,Low,0.729,Yes,0.599,Yes
S01767,2025,Spring,Public Health,BS Public Health,Undergraduate,Male,White,24,In-state,No,No,6980.0,32,25,78.0,83.7,77.1,3,0,1,2.72,Medium,0.601,No,0.454,Yes
S01768,2025,Spring,Social Work,BSW,Undergraduate,Female,White,21,International,No,Yes,3746.0,32,32,100.0,74.4,86.9,1,1,0,3.1,Low,0.691,Yes,0.531,Yes
S01769,2024,Fall,Health Administration,BS Health Administration,Undergraduate,Female,Other/Unknown,22,In-state,Yes,No,7379.0,24,22,93.5,87.5,100.0,3,3,0,3.61,Low,0.836,Yes,0.75,No
S01770,2024,Spring,Public Health,BS Public Health,Undergraduate,Nonbinary,Black,20,In-state,No,Yes,6056.0,30,26,87.7,76.0,71.7,5,1,3,2.77,Medium,0.598,No,0.447,No
S01771,2023,Spring,Public Health,MPH,Graduate,Female,Black,35,In-state,Yes,Yes,6110.0,24,24,100.0,97.2,68.0,4,2,0,3.6,Low,0.831,Yes,0.733,Yes
S01772,2023,Spring,Data Science,BS Health Data Science,Undergraduate,Male,Hispanic/Latino,21,In-state,No,No,11222.0,31,28,90.8,89.4,54.5,3,1,2,2.74,Medium,0.516,No,0.435,No
S01773,2025,Fall,Data Science,BS Health Data Science,Undergraduate,Male,White,22,In-state,No,Yes,2096.0,31,27,87.8,79.2,65.5,4,0,0,3.5,Low,0.765,Yes,0.62,Yes
S01774,2024,Spring,Health Administration,BS Health Administration,Undergraduate,Male,White,23,International,No,No,10739.0,32,32,98.5,83.3,74.3,4,0,3,3.06,Low,0.682,Yes,0.593,Yes
S01775,2023,Fall,Social Work,BSW,Undergraduate,Female,White,19,International,No,Yes,9866.0,31,31,100.0,79.5,68.1,2,0,1,3.28,Medium,0.589,Yes,0.559,No
S01776,2022,Fall,Public Health,BS Public Health,Undergraduate,Female,Other/Unknown,26,In-state,Yes,No,12571.0,30,26,85.5,85.5,45.2,0,1,0,3.07,Medium,0.441,No,0.392,Yes
S01777,2022,Fall,Health Administration,BS Health Administration,Undergraduate,Nonbinary,Black,20,In-state,No,No,6203.0,27,25,92.7,81.3,55.4,2,0,3,1.84,Medium,0.362,No,0.175,Yes
S01778,2023,Fall,Public Health,BS Public Health,Undergraduate,Male,Asian,18,In-state,Yes,No,6065.0,33,33,100.0,100.0,74.7,7,4,1,4.0,Low,0.898,Yes,0.886,Yes
S01779,2024,Spring,Social Work,BSW,Undergraduate,Female,Multiracial,20,International,Yes,No,9224.0,33,31,95.0,91.4,73.3,0,3,4,2.06,High,0.335,No,0.192,No
S01780,2022,Fall,Data Science,BS Health Data Science,Undergraduate,Female,Asian,21,In-state,No,Yes,6022.0,32,32,99.1,82.9,71.1,3,0,1,3.25,Low,0.72,Yes,0.609,Yes
S01781,2022,Fall,Data Science,BS Health Data Science,Undergraduate,Female,White,20,In-state,No,Yes,5709.0,32,30,94.8,90.2,100.0,1,1,2,2.81,Low,0.745,Yes,0.588,No
S01782,2024,Fall,Nutrition,BS Nutrition,Undergraduate,Male,White,21,In-state,Yes,No,1463.0,33,32,96.8,78.3,90.5,4,1,1,2.49,Medium,0.651,No,0.468,No
S01783,2023,Fall,Health Administration,BS Health Administration,Undergraduate,Female,White,19,In-state,No,Yes,2009.0,24,23,94.4,84.8,49.6,4,0,1,3.39,Low,0.733,Yes,0.548,Yes
S01784,2022,Spring,Public Health,BS Public Health,Undergraduate,Male,White,20,In-state,No,No,7389.0,30,30,100.0,87.3,97.8,2,0,2,3.38,Low,0.797,Yes,0.718,Yes
S01785,2025,Spring,Data Science,BS Health Data Science,Undergraduate,Female,Hispanic/Latino,19,In-state,No,No,4406.0,32,28,88.9,77.4,71.7,4,2,0,2.62,Medium,0.577,No,0.408,No
S01786,2026,Fall,Nutrition,BS Nutrition,Undergraduate,Female,Black,24,In-state,Yes,Yes,4211.0,30,30,100.0,78.8,80.3,2,3,1,3.28,Low,0.729,Yes,0.59,Yes
S01787,2022,Spring,Social Work,BSW,Undergraduate,Female,White,19,Out-of-state,Yes,Yes,10318.0,31,30,95.7,61.4,50.8,4,1,3,2.35,High,0.233,No,0.13,No
S01788,2024,Spring,Social Work,BSW,Undergraduate,Male,Hispanic/Latino,21,Out-of-state,No,Yes,6734.0,24,22,90.6,100.0,94.5,0,2,0,2.41,Medium,0.641,No,0.459,Yes
S01789,2026,Fall,Social Work,MSW,Graduate,Female,Hispanic/Latino,37,In-state,Yes,No,10634.0,27,27,100.0,91.7,62.8,3,0,1,3.0,Low,0.68,Yes,0.54,No
S01790,2022,Spring,Social Work,BSW,Undergraduate,Female,Hispanic/Latino,20,In-state,No,Yes,868.0,30,26,85.4,72.1,59.7,1,1,1,4.0,Low,0.746,No,0.621,Yes
S01791,2022,Fall,Nutrition,BS Nutrition,Undergraduate,Male,Hispanic/Latino,22,In-state,No,Yes,7964.0,27,27,100.0,92.7,87.0,4,4,0,2.81,Low,0.75,No,0.601,No
S01792,2025,Fall,Public Health,BS Public Health,Undergraduate,Nonbinary,Black,20,In-state,No,No,9478.0,30,30,100.0,89.8,71.4,3,0,2,4.0,Low,0.809,Yes,0.795,Yes
S01793,2023,Spring,Public Health,MPH,Graduate,Male,White,28,In-state,Yes,Yes,7225.0,27,27,99.8,73.0,59.3,3,0,2,3.95,Low,0.74,Yes,0.655,Yes
S01794,2026,Spring,Social Work,BSW,Undergraduate,Male,Hispanic/Latino,23,In-state,Yes,Yes,0.0,33,33,100.0,76.9,80.4,3,2,2,3.42,Low,0.784,Yes,0.65,No
S01795,2025,Fall,Nutrition,BS Nutrition,Undergraduate,Male,White,22,Out-of-state,No,Yes,11815.0,33,33,100.0,73.8,85.9,3,2,2,4.0,Medium,0.722,Yes,0.774,Yes
S01796,2025,Spring,Public Health,BS Public Health,Undergraduate,Female,White,18,In-state,No,Yes,7789.0,31,29,94.1,80.1,61.1,1,0,0,2.27,Medium,0.407,No,0.263,Yes
S01797,2026,Spring,Data Science,BS Health Data Science,Undergraduate,Male,Black,19,In-state,No,Yes,3928.0,30,30,100.0,68.8,53.2,0,1,0,2.9,Medium,0.437,Yes,0.306,No
S01798,2026,Spring,Public Health,MPH,Graduate,Female,Black,22,In-state,Yes,No,9071.0,18,18,100.0,92.2,83.9,0,2,3,4.0,Low,0.822,Yes,0.743,Yes
S01799,2026,Fall,Public Health,BS Public Health,Undergraduate,Male,White,24,Out-of-state,No,Yes,7488.0,24,24,99.4,77.6,83.7,3,0,0,3.16,Low,0.707,No,0.549,Yes
S01800,2023,Fall,Social Work,BSW,Undergraduate,Male,White,24,Out-of-state,Yes,No,11892.0,33,33,100.0,75.5,61.2,2,3,1,3.8,Medium,0.607,No,0.655,No
S01801,2026,Fall,Data Science,BS Health Data Science,Undergraduate,Male,Black,20,International,No,Yes,4873.0,33,33,100.0,69.6,88.2,2,2,2,3.06,Medium,0.618,No,0.522,No
S01802,2024,Fall,Data Science,BS Health Data Science,Undergraduate,Female,Asian,20,In-state,No,No,11036.0,31,31,100.0,98.7,100.0,7,0,1,3.79,Low,0.897,No,0.891,Yes
S01803,2024,Spring,Nutrition,MS Nutrition,Graduate,Female,Other/Unknown,27,Out-of-state,No,Yes,9237.0,24,24,100.0,92.0,82.3,3,4,2,4.0,Low,0.85,Yes,0.805,Yes
S01804,2025,Spring,Nutrition,BS Nutrition,Undergraduate,Male,White,23,In-state,No,Yes,6826.0,32,32,99.3,86.4,94.4,4,2,0,2.91,Low,0.763,Yes,0.64,Yes
S01805,2025,Fall,Social Work,BSW,Undergraduate,Female,Asian,22,In-state,No,No,7961.0,27,27,98.3,74.5,67.4,1,1,1,3.46,Low,0.646,Yes,0.529,No
S01806,2022,Spring,Nutrition,BS Nutrition,Undergraduate,Male,Hispanic/Latino,21,In-state,No,Yes,6271.0,30,30,100.0,92.0,75.8,2,0,2,2.98,Low,0.719,Yes,0.578,Yes
S01807,2024,Fall,Social Work,BSW,Undergraduate,Female,White,21,In-state,Yes,Yes,2413.0,31,29,94.3,77.8,95.6,2,3,0,2.23,High,0.468,Yes,0.237,No
S01808,2026,Spring,Nutrition,MS Nutrition,Graduate,Female,Black,26,Out-of-state,No,No,7529.0,24,22,93.0,80.8,43.6,1,1,0,3.43,Low,0.62,Yes,0.448,No
S01809,2024,Spring,Social Work,BSW,Undergraduate,Female,White,22,Out-of-state,No,No,7801.0,33,33,100.0,83.4,74.0,2,2,2,3.54,Low,0.736,No,0.676,Yes
S01810,2025,Spring,Nutrition,MS Nutrition,Graduate,Male,Asian,22,Out-of-state,Yes,Yes,0.0,27,27,100.0,76.3,74.7,4,0,2,3.17,Low,0.768,Yes,0.551,Yes
S01811,2023,Fall,Data Science,MS Health Data Science,Graduate,Male,Other/Unknown,34,Out-of-state,No,No,12359.0,24,24,100.0,81.1,63.3,0,0,3,3.22,Medium,0.528,No,0.456,Yes
S01812,2024,Spring,Social Work,BSW,Undergraduate,Male,Asian,23,In-state,No,Yes,2208.0,33,29,88.1,59.2,88.6,3,0,2,3.52,Medium,0.677,Yes,0.575,No
S01813,2026,Fall,Nutrition,BS Nutrition,Undergraduate,Female,White,18,In-state,No,Yes,5605.0,32,32,100.0,82.9,73.0,3,0,1,4.0,Low,0.813,Yes,0.778,Yes
S01814,2023,Spring,Health Administration,BS Health Administration,Undergraduate,Male,White,21,Out-of-state,Yes,Yes,2477.0,30,29,97.8,68.8,96.5,1,2,0,3.13,Medium,0.654,Yes,0.52,Yes
S01815,2025,Fall,Public Health,BS Public Health,Undergraduate,Female,Multiracial,22,Out-of-state,No,Yes,11449.0,27,27,100.0,81.7,68.2,3,4,3,4.0,Low,0.759,Yes,0.738,No
S01816,2025,Spring,Social Work,BSW,Undergraduate,Female,Multiracial,21,In-state,Yes,No,7594.0,32,32,100.0,82.1,72.2,3,0,2,3.22,Low,0.701,Yes,0.598,No
S01817,2023,Fall,Health Administration,BS Health Administration,Undergraduate,Female,Other/Unknown,23,In-state,No,Yes,8104.0,33,32,96.7,75.8,95.7,1,1,0,3.74,Low,0.769,Yes,0.723,Yes
S01818,2022,Fall,Public Health,BS Public Health,Undergraduate,Female,Black,21,In-state,Yes,Yes,7189.0,33,30,90.6,74.1,43.1,1,0,2,2.35,High,0.243,Yes,0.127,No
S01819,2023,Spring,Health Administration,BS Health Administration,Undergraduate,Female,White,20,Out-of-state,Yes,No,8273.0,24,22,92.1,67.5,84.0,3,3,3,2.89,High,0.441,No,0.273,Yes
S01820,2023,Fall,Social Work,BSW,Undergraduate,Male,Black,23,In-state,Yes,No,6620.0,30,30,100.0,96.3,72.7,1,0,1,2.6,Low,0.657,No,0.476,Yes
S01821,2025,Fall,Nutrition,BS Nutrition,Undergraduate,Male,White,21,Out-of-state,Yes,Yes,7151.0,24,23,97.8,83.1,84.5,3,2,2,3.28,Low,0.752,Yes,0.61,No
S01822,2022,Fall,Nutrition,BS Nutrition,Undergraduate,Female,Black,20,In-state,No,No,5695.0,32,31,96.2,85.5,86.0,6,1,3,3.18,Low,0.805,Yes,0.702,Yes
S01823,2023,Spring,Public Health,BS Public Health,Undergraduate,Female,Black,18,In-state,No,Yes,7877.0,24,22,91.6,91.9,69.3,2,2,1,2.75,Low,0.653,Yes,0.448,Yes
S01824,2023,Spring,Nutrition,BS Nutrition,Undergraduate,Male,White,22,International,No,No,10683.0,33,31,92.7,82.6,46.4,4,1,0,2.55,Medium,0.444,Yes,0.356,Yes
S01825,2026,Fall,Health Administration,MHA,Graduate,Female,Black,36,In-state,No,Yes,4989.0,18,17,92.3,75.8,83.0,1,3,4,2.72,Medium,0.579,Yes,0.343,No
S01826,2023,Spring,Social Work,BSW,Undergraduate,Female,Hispanic/Latino,18,In-state,No,No,4403.0,33,33,100.0,100.0,59.7,3,1,4,2.47,Low,0.672,Yes,0.479,No
S01827,2024,Fall,Social Work,BSW,Undergraduate,Female,Hispanic/Latino,20,Out-of-state,No,Yes,6470.0,24,24,100.0,100.0,68.0,3,2,0,2.65,Low,0.703,Yes,0.499,Yes
S01828,2026,Spring,Data Science,MS Health Data Science,Graduate,Female,White,34,In-state,No,No,10234.0,27,27,100.0,90.6,99.9,5,4,2,3.58,Low,0.858,Yes,0.805,Yes
S01829,2022,Fall,Health Administration,BS Health Administration,Undergraduate,Male,Black,22,In-state,Yes,Yes,6236.0,31,31,100.0,76.6,84.5,4,3,2,3.29,Low,0.748,No,0.639,Yes
S01830,2025,Spring,Data Science,BS Health Data Science,Undergraduate,Female,White,23,In-state,Yes,Yes,340.0,24,24,100.0,88.7,78.3,2,0,0,3.45,Low,0.809,No,0.65,Yes
S01831,2024,Spring,Data Science,BS Health Data Science,Undergraduate,Male,White,22,In-state,Yes,Yes,2236.0,31,31,100.0,95.6,67.9,2,1,3,2.87,Low,0.73,No,0.551,Yes
S01832,2023,Fall,Public Health,BS Public Health,Undergraduate,Female,Asian,20,Out-of-state,Yes,Yes,8528.0,31,28,89.3,77.9,42.1,4,2,1,2.73,High,0.347,Yes,0.223,Yes
S01833,2026,Fall,Data Science,MS Health Data Science,Graduate,Female,Asian,22,International,No,Yes,7803.0,18,17,97.2,57.9,68.5,0,2,3,2.68,High,0.28,Yes,0.117,Yes
S01834,2023,Spring,Data Science,BS Health Data Science,Undergraduate,Female,Hispanic/Latino,19,Out-of-state,No,No,9220.0,27,25,92.4,73.4,83.9,1,1,0,2.83,Medium,0.526,Yes,0.406,No
S01835,2022,Spring,Nutrition,BS Nutrition,Undergraduate,Female,White,20,International,No,Yes,7620.0,31,27,88.3,69.4,67.4,3,1,1,3.37,Medium,0.588,No,0.514,Yes
S01836,2025,Fall,Social Work,BSW,Undergraduate,Female,White,21,In-state,Yes,No,6645.0,24,24,100.0,83.3,58.7,1,3,0,3.51,Low,0.681,No,0.549,Yes
S01837,2025,Spring,Social Work,BSW,Undergraduate,Female,White,19,Out-of-state,No,Yes,9315.0,31,31,100.0,85.3,68.0,0,3,0,2.77,Medium,0.504,Yes,0.422,Yes
S01838,2025,Spring,Social Work,BSW,Undergraduate,Male,White,22,In-state,No,Yes,3330.0,24,22,93.3,75.1,84.1,3,3,1,3.38,Low,0.758,Yes,0.578,No
S01839,2022,Spring,Nutrition,BS Nutrition,Undergraduate,Female,Black,21,In-state,Yes,Yes,4430.0,30,28,94.9,69.4,53.5,1,2,4,2.9,Medium,0.456,Yes,0.317,No
S01840,2025,Spring,Data Science,BS Health Data Science,Undergraduate,Female,White,18,In-state,Yes,Yes,8148.0,32,24,75.5,72.4,65.7,3,1,2,2.32,High,0.32,Yes,0.159,No
S01841,2022,Fall,Public Health,MS Epidemiology,Graduate,Male,White,39,In-state,No,No,9345.0,21,19,90.9,94.7,100.0,3,1,1,3.29,Low,0.829,Yes,0.705,Yes
S01842,2026,Fall,Nutrition,BS Nutrition,Undergraduate,Female,Hispanic/Latino,20,International,No,Yes,5695.0,33,27,81.0,67.2,69.0,2,2,2,2.64,High,0.355,No,0.194,No
S01843,2023,Spring,Nutrition,BS Nutrition,Undergraduate,Female,Asian,23,In-state,No,Yes,2883.0,27,25,92.9,79.4,47.4,3,0,0,3.07,Low,0.632,No,0.417,No
S01844,2023,Spring,Public Health,MPH,Graduate,Female,Hispanic/Latino,30,In-state,No,Yes,2375.0,27,27,100.0,100.0,57.9,2,0,3,3.98,Low,0.853,Yes,0.777,Yes
S01845,2025,Spring,Public Health,BS Public Health,Undergraduate,Female,Black,21,In-state,No,Yes,3357.0,27,27,100.0,69.9,75.1,1,6,3,3.33,Medium,0.613,No,0.494,No
S01846,2026,Spring,Data Science,BS Health Data Science,Undergraduate,Female,Asian,19,In-state,Yes,No,9632.0,27,27,100.0,68.7,41.2,4,0,2,3.33,High,0.377,No,0.291,No
S01847,2025,Spring,Social Work,BSW,Undergraduate,Female,Black,21,In-state,Yes,No,6851.0,24,24,98.1,82.2,24.2,1,3,2,3.24,Low,0.516,No,0.354,Yes
S01848,2024,Spring,Health Administration,BS Health Administration,Undergraduate,Female,Black,19,In-state,Yes,No,3882.0,33,31,95.3,89.8,85.7,1,0,2,2.68,Low,0.701,Yes,0.508,Yes
S01849,2026,Fall,Public Health,MS Epidemiology,Graduate,Female,White,28,Out-of-state,No,No,10236.0,24,22,93.5,93.9,75.3,4,1,0,2.71,Medium,0.652,No,0.51,Yes
S01850,2025,Spring,Social Work,BSW,Undergraduate,Male,White,18,In-state,Yes,Yes,0.0,32,32,98.6,79.0,55.0,2,0,4,2.17,High,0.353,Yes,0.155,No
S01851,2024,Spring,Health Administration,BS Health Administration,Undergraduate,Female,Asian,19,In-state,Yes,Yes,5360.0,27,26,94.8,70.2,61.4,2,2,0,3.36,Low,0.633,Yes,0.469,Yes
S01852,2026,Spring,Health Administration,BS Health Administration,Undergraduate,Female,Black,23,Out-of-state,Yes,Yes,11487.0,30,24,80.0,75.3,93.9,1,3,0,1.91,High,0.298,Yes,0.143,No
S01853,2022,Spring,Public Health,BS Public Health,Undergraduate,Male,White,22,Out-of-state,Yes,Yes,4117.0,27,27,99.4,90.8,73.0,4,1,2,2.48,Low,0.69,Yes,0.455,Yes
S01854,2023,Fall,Health Administration,BS Health Administration,Undergraduate,Female,Hispanic/Latino,19,International,No,Yes,6234.0,24,22,90.1,88.5,64.4,1,1,2,2.15,Medium,0.46,No,0.256,Yes
S01855,2022,Spring,Public Health,MS Epidemiology,Graduate,Male,Asian,28,Out-of-state,No,Yes,6785.0,18,18,98.7,91.9,50.9,1,1,2,3.05,Low,0.649,Yes,0.419,No
S01856,2024,Spring,Health Administration,MHA,Graduate,Female,White,31,Out-of-state,Yes,No,7089.0,21,20,96.8,97.8,89.7,3,2,1,3.48,Low,0.847,Yes,0.735,Yes
S01857,2026,Spring,Public Health,BS Public Health,Undergraduate,Male,White,23,In-state,No,Yes,3631.0,27,27,99.3,90.0,75.4,4,1,1,3.62,Low,0.828,Yes,0.736,Yes
S01858,2022,Spring,Social Work,BSW,Undergraduate,Female,White,23,International,No,No,14047.0,30,29,97.2,83.0,83.6,4,1,1,4.0,Low,0.797,No,0.804,Yes
S01859,2025,Fall,Social Work,MSW,Graduate,Male,Asian,36,In-state,No,Yes,4417.0,18,18,100.0,89.7,35.9,2,3,2,3.49,Low,0.694,No,0.488,No
S01860,2024,Spring,Social Work,MSW,Graduate,Female,Black,25,In-state,No,Yes,0.0,27,27,100.0,91.3,87.4,5,1,4,3.73,Low,0.895,Yes,0.806,Yes
S01861,2025,Spring,Data Science,MS Health Data Science,Graduate,Female,White,28,In-state,No,Yes,4251.0,24,22,90.1,72.1,89.5,0,0,3,3.01,Medium,0.614,No,0.423,No
S01862,2024,Fall,Nutrition,BS Nutrition,Undergraduate,Male,White,23,Out-of-state,Yes,Yes,6659.0,30,29,96.6,91.5,71.7,3,1,0,3.1,Low,0.734,Yes,0.605,Yes
S01863,2022,Spring,Social Work,BSW,Undergraduate,Female,Hispanic/Latino,18,In-state,No,Yes,1843.0,31,25,81.5,82.6,61.5,1,2,0,2.54,Medium,0.524,No,0.315,Yes
S01864,2025,Fall,Nutrition,BS Nutrition,Undergraduate,Male,White,22,In-state,Yes,No,7996.0,32,32,100.0,98.6,89.5,0,0,0,3.58,Low,0.809,Yes,0.768,No
S01865,2025,Spring,Health Administration,MHA,Graduate,Female,White,29,In-state,No,Yes,3873.0,30,29,97.4,80.8,60.4,4,0,2,2.7,Low,0.653,No,0.417,Yes
S01866,2022,Spring,Data Science,BS Health Data Science,Undergraduate,Female,Asian,19,In-state,Yes,Yes,7717.0,30,28,93.7,56.3,56.3,2,3,3,2.38,High,0.221,No,0.107,Yes
S01867,2023,Fall,Data Science,BS Health Data Science,Undergraduate,Male,White,21,International,No,No,8244.0,33,32,96.3,94.6,67.0,5,1,0,3.49,Low,0.797,Yes,0.748,Yes
S01868,2022,Spring,Social Work,MSW,Graduate,Female,Multiracial,32,In-state,No,Yes,2985.0,24,23,96.3,91.1,43.1,0,2,1,3.48,Medium,0.644,Yes,0.51,No
S01869,2023,Fall,Data Science,MS Health Data Science,Graduate,Female,Multiracial,22,In-state,Yes,Yes,2377.0,18,18,100.0,80.9,86.0,1,2,2,2.58,Low,0.676,No,0.354,No
S01870,2024,Fall,Nutrition,BS Nutrition,Undergraduate,Female,White,18,In-state,No,No,6232.0,31,30,96.9,89.3,86.6,1,2,1,2.33,Medium,0.569,Yes,0.41,Yes
S01871,2025,Spring,Public Health,BS Public Health,Undergraduate,Male,White,25,In-state,No,No,12662.0,32,29,89.1,74.4,90.7,2,3,0,2.96,Medium,0.562,Yes,0.512,Yes
S01872,2022,Spring,Health Administration,BS Health Administration,Undergraduate,Male,Asian,21,In-state,Yes,Yes,5776.0,32,32,100.0,99.5,74.2,0,1,2,4.0,Low,0.833,No,0.809,Yes
S01873,2024,Fall,Nutrition,MS Nutrition,Graduate,Male,White,29,In-state,Yes,Yes,1227.0,18,18,100.0,83.7,96.3,3,1,4,4.0,Low,0.888,Yes,0.779,Yes
S01874,2022,Spring,Social Work,MSW,Graduate,Female,White,31,In-state,No,No,5334.0,24,24,100.0,86.0,62.7,2,1,0,2.67,Low,0.632,Yes,0.381,Yes
S01875,2023,Fall,Public Health,MS Epidemiology,Graduate,Male,White,32,In-state,No,No,3335.0,24,23,97.3,67.0,87.3,3,0,2,3.69,Medium,0.739,Yes,0.626,Yes
S01876,2026,Spring,Health Administration,MHA,Graduate,Female,Hispanic/Latino,22,Out-of-state,No,No,9330.0,21,20,93.6,85.9,89.7,1,4,2,3.91,Low,0.815,Yes,0.735,Yes
S01877,2026,Spring,Social Work,MSW,Graduate,Female,Asian,30,Out-of-state,Yes,No,9167.0,21,19,88.4,68.5,41.8,1,2,1,3.4,High,0.356,No,0.224,No
S01878,2024,Spring,Public Health,MS Epidemiology,Graduate,Female,Hispanic/Latino,30,In-state,No,Yes,846.0,21,21,100.0,79.1,52.5,1,0,4,3.35,Low,0.687,Yes,0.44,Yes
S01879,2022,Spring,Health Administration,BS Health Administration,Undergraduate,Female,Multiracial,25,Out-of-state,No,No,13003.0,27,27,98.9,100.0,75.2,0,1,3,2.46,Medium,0.523,Yes,0.434,No
S01880,2023,Fall,Nutrition,BS Nutrition,Undergraduate,Female,Black,19,In-state,Yes,Yes,7833.0,24,20,82.1,76.7,79.9,4,3,2,2.52,Medium,0.553,Yes,0.363,Yes
S01881,2025,Spring,Health Administration,BS Health Administration,Undergraduate,Female,White,20,In-state,No,Yes,2542.0,27,27,98.6,85.3,100.0,4,3,3,2.84,Low,0.795,Yes,0.607,Yes
S01882,2023,Fall,Health Administration,BS Health Administration,Undergraduate,Female,Multiracial,26,International,Yes,No,14660.0,30,30,100.0,100.0,68.2,0,1,3,3.68,Medium,0.673,Yes,0.729,Yes
S01883,2024,Spring,Health Administration,BS Health Administration,Undergraduate,Male,White,23,In-state,Yes,Yes,5544.0,31,31,100.0,86.7,63.9,1,0,0,3.35,Low,0.7,Yes,0.588,Yes
S01884,2025,Fall,Data Science,BS Health Data Science,Undergraduate,Male,Black,21,In-state,No,No,4446.0,30,30,98.7,75.6,54.5,3,0,0,2.32,Medium,0.439,Yes,0.268,No
S01885,2025,Fall,Nutrition,BS Nutrition,Undergraduate,Male,Black,19,In-state,Yes,No,7413.0,33,29,88.1,73.1,81.5,2,1,0,2.81,Medium,0.549,No,0.431,Yes
S01886,2022,Spring,Social Work,BSW,Undergraduate,Male,White,23,In-state,Yes,Yes,6095.0,30,27,89.4,84.1,56.5,0,0,2,2.35,High,0.317,Yes,0.162,No
S01887,2022,Fall,Social Work,MSW,Graduate,Male,White,22,In-state,No,No,5649.0,27,27,100.0,71.4,67.7,1,4,3,3.34,Low,0.654,Yes,0.48,No
S01888,2022,Fall,Data Science,MS Health Data Science,Graduate,Female,White,26,In-state,No,Yes,5300.0,18,18,100.0,81.3,72.9,1,1,3,4.0,Low,0.797,Yes,0.671,No
S01889,2023,Spring,Health Administration,MHA,Graduate,Female,Multiracial,22,In-state,Yes,Yes,1937.0,27,26,96.3,77.5,48.6,0,0,2,3.38,Medium,0.586,Yes,0.436,No
S01890,2025,Spring,Nutrition,MS Nutrition,Graduate,Female,Other/Unknown,27,In-state,No,Yes,3932.0,27,26,95.3,80.3,65.2,0,0,3,3.37,Low,0.69,Yes,0.508,Yes
S01891,2025,Fall,Social Work,MSW,Graduate,Female,White,23,In-state,No,No,3739.0,18,16,87.0,81.9,56.9,1,2,2,2.82,Low,0.611,Yes,0.315,Yes
S01892,2023,Spring,Nutrition,BS Nutrition,Undergraduate,Male,Hispanic/Latino,18,In-state,No,Yes,8083.0,32,32,100.0,100.0,73.6,0,2,0,4.0,Low,0.82,Yes,0.81,Yes
S01893,2024,Spring,Public Health,BS Public Health,Undergraduate,Female,Asian,23,In-state,No,Yes,7706.0,32,32,100.0,89.7,78.3,3,1,3,4.0,Low,0.834,Yes,0.817,No
S01894,2024,Spring,Data Science,BS Health Data Science,Undergraduate,Female,White,20,International,Yes,Yes,10347.0,27,25,92.9,75.9,58.3,1,0,1,2.63,Medium,0.406,Yes,0.29,No
S01895,2026,Spring,Health Administration,BS Health Administration,Undergraduate,Female,Black,19,In-state,Yes,No,7789.0,30,27,91.0,81.6,80.9,4,2,0,2.68,Low,0.666,No,0.477,No
S01896,2023,Spring,Health Administration,BS Health Administration,Undergraduate,Female,Hispanic/Latino,24,Out-of-state,No,Yes,0.0,30,30,100.0,75.1,79.6,3,2,1,2.8,Medium,0.643,Yes,0.46,No
S01897,2025,Fall,Public Health,BS Public Health,Undergraduate,Female,White,19,Out-of-state,No,No,2373.0,33,30,91.8,87.3,51.9,2,4,1,3.1,Low,0.677,Yes,0.499,Yes
S01898,2022,Fall,Data Science,BS Health Data Science,Undergraduate,Female,White,19,In-state,Yes,Yes,0.0,27,27,100.0,80.3,70.0,2,2,0,3.39,Low,0.754,Yes,0.576,Yes
S01899,2023,Spring,Public Health,BS Public Health,Undergraduate,Female,Asian,21,In-state,Yes,Yes,2669.0,30,25,84.1,75.7,73.1,2,1,1,2.83,Medium,0.585,No,0.401,No
S01900,2024,Spring,Data Science,BS Health Data Science,Undergraduate,Female,Hispanic/Latino,20,International,Yes,No,7404.0,31,30,96.7,76.8,55.7,2,3,3,2.72,Medium,0.466,No,0.352,Yes
S01901,2026,Spring,Health Administration,BS Health Administration,Undergraduate,Female,Hispanic/Latino,25,In-state,No,Yes,8932.0,32,29,92.1,94.7,51.1,2,0,1,3.14,Low,0.658,Yes,0.547,No
S01902,2024,Fall,Social Work,BSW,Undergraduate,Male,Black,24,In-state,Yes,No,6789.0,27,24,87.9,100.0,61.6,3,0,1,3.04,Low,0.734,Yes,0.578,Yes
S01903,2023,Fall,Data Science,BS Health Data Science,Undergraduate,Female,Black,24,International,No,No,11302.0,32,32,100.0,78.2,65.5,0,1,2,4.0,Medium,0.633,No,0.688,Yes
S01904,2023,Fall,Health Administration,BS Health Administration,Undergraduate,Male,White,20,In-state,Yes,Yes,3090.0,30,27,89.0,75.3,38.0,2,0,2,2.74,High,0.336,No,0.175,No
S01905,2023,Spring,Social Work,MSW,Graduate,Female,Asian,29,In-state,Yes,Yes,6670.0,27,27,100.0,80.1,53.5,0,0,4,3.37,Low,0.629,No,0.473,No
S01906,2025,Fall,Social Work,BSW,Undergraduate,Male,White,19,In-state,Yes,Yes,2882.0,32,30,92.9,100.0,63.3,2,0,1,2.61,Low,0.698,Yes,0.49,Yes
S01907,2026,Spring,Data Science,BS Health Data Science,Undergraduate,Female,White,19,In-state,No,No,8560.0,27,25,91.0,75.8,89.3,2,1,0,2.12,Medium,0.469,No,0.285,No
S01908,2024,Spring,Health Administration,BS Health Administration,Undergraduate,Female,Black,22,In-state,No,Yes,0.0,27,24,90.0,91.7,100.0,0,0,2,3.39,Low,0.836,Yes,0.685,Yes
S01909,2022,Spring,Public Health,BS Public Health,Undergraduate,Female,Hispanic/Latino,20,In-state,No,No,8316.0,30,27,88.7,83.2,74.3,1,5,1,2.37,Medium,0.48,No,0.329,Yes
S01910,2022,Spring,Data Science,MS Health Data Science,Graduate,Male,White,33,In-state,No,Yes,7734.0,24,24,99.4,65.8,100.0,0,2,1,4.0,Medium,0.727,Yes,0.684,No
S01911,2024,Spring,Health Administration,MHA,Graduate,Female,Asian,24,International,No,Yes,10639.0,21,21,100.0,100.0,99.2,2,2,1,3.93,Low,0.877,Yes,0.836,Yes
S01912,2022,Spring,Data Science,BS Health Data Science,Undergraduate,Female,White,21,In-state,No,No,5666.0,24,24,100.0,86.0,79.6,4,2,2,2.77,Low,0.713,Yes,0.506,No
S01913,2026,Spring,Health Administration,MHA,Graduate,Female,White,28,International,No,Yes,6812.0,30,30,100.0,90.6,81.0,4,5,1,3.66,Low,0.838,Yes,0.775,Yes
S01914,2022,Fall,Data Science,BS Health Data Science,Undergraduate,Female,White,20,In-state,Yes,Yes,4711.0,27,27,100.0,98.6,61.6,2,1,1,2.84,Low,0.702,Yes,0.515,Yes
S01915,2023,Fall,Public Health,BS Public Health,Undergraduate,Female,Multiracial,19,In-state,Yes,Yes,3800.0,32,28,86.5,91.7,67.0,4,0,2,2.2,Medium,0.579,Yes,0.375,No
S01916,2024,Fall,Social Work,BSW,Undergraduate,Male,Asian,24,In-state,No,No,8748.0,24,23,94.8,70.8,74.4,1,1,1,2.42,Medium,0.417,No,0.257,Yes
S01917,2025,Fall,Data Science,BS Health Data Science,Undergraduate,Nonbinary,White,21,In-state,Yes,Yes,6578.0,32,32,100.0,78.9,73.5,1,3,1,2.69,Medium,0.523,Yes,0.407,No
S01918,2024,Spring,Health Administration,MHA,Graduate,Female,White,37,In-state,Yes,Yes,3123.0,24,23,96.4,65.9,75.3,0,1,1,3.51,High,0.512,Yes,0.329,No
S01919,2026,Spring,Health Administration,BS Health Administration,Undergraduate,Male,Black,23,In-state,Yes,Yes,5123.0,32,29,91.9,83.2,85.4,0,1,2,3.04,Low,0.692,No,0.528,No
S01920,2022,Fall,Social Work,BSW,Undergraduate,Male,Other/Unknown,19,Out-of-state,Yes,Yes,7858.0,27,27,100.0,93.6,77.6,2,2,0,3.88,Low,0.822,Yes,0.78,Yes
S01921,2022,Spring,Nutrition,MS Nutrition,Graduate,Female,White,36,In-state,Yes,Yes,0.0,21,21,100.0,96.4,87.6,0,3,0,4.0,Low,0.885,Yes,0.784,No
S01922,2025,Fall,Nutrition,BS Nutrition,Undergraduate,Female,Asian,18,International,No,Yes,5010.0,27,27,100.0,100.0,69.4,3,3,2,4.0,Low,0.861,Yes,0.819,Yes
S01923,2024,Fall,Public Health,BS Public Health,Undergraduate,Female,Hispanic/Latino,23,In-state,No,No,7859.0,30,30,100.0,94.5,76.4,4,0,1,2.7,Low,0.714,Yes,0.562,Yes
S01924,2024,Fall,Social Work,BSW,Undergraduate,Female,White,22,In-state,Yes,Yes,4467.0,24,24,100.0,87.2,76.8,2,0,0,3.51,Low,0.78,Yes,0.652,Yes
S01925,2024,Spring,Social Work,BSW,Undergraduate,Female,Black,20,In-state,No,No,4603.0,30,29,95.3,68.8,96.5,1,2,1,3.12,Medium,0.633,No,0.518,No
S01926,2025,Fall,Social Work,MSW,Graduate,Female,Black,29,In-state,No,Yes,8115.0,27,27,100.0,84.3,83.9,4,3,4,3.75,Low,0.826,Yes,0.758,No
S01927,2026,Spring,Public Health,BS Public Health,Undergraduate,Male,Asian,21,In-state,Yes,Yes,0.0,27,27,99.9,93.6,45.3,3,0,1,2.65,Low,0.661,Yes,0.401,No
S01928,2024,Fall,Social Work,BSW,Undergraduate,Male,White,20,Out-of-state,No,Yes,5832.0,24,24,100.0,89.5,48.1,3,2,1,4.0,Low,0.779,Yes,0.706,No
S01929,2023,Fall,Nutrition,MS Nutrition,Graduate,Female,White,30,In-state,No,Yes,8249.0,21,21,100.0,89.6,82.2,2,0,3,4.0,Low,0.838,Yes,0.769,Yes
S01930,2024,Fall,Health Administration,BS Health Administration,Undergraduate,Male,Other/Unknown,25,In-state,Yes,Yes,0.0,31,31,100.0,88.2,63.2,0,0,1,3.94,Low,0.801,No,0.715,Yes
S01931,2023,Spring,Health Administration,BS Health Administration,Undergraduate,Female,Black,23,In-state,Yes,Yes,7416.0,32,31,98.3,100.0,99.8,2,4,2,3.22,Low,0.827,Yes,0.756,Yes
S01932,2025,Fall,Health Administration,MHA,Graduate,Female,Asian,26,In-state,No,Yes,6031.0,27,27,100.0,100.0,79.6,1,0,2,3.3,Low,0.801,Yes,0.681,Yes
S01933,2026,Fall,Data Science,MS Health Data Science,Graduate,Female,White,29,International,No,Yes,8758.0,30,30,100.0,73.6,92.1,2,0,2,2.95,Low,0.673,Yes,0.513,Yes
S01934,2023,Fall,Public Health,BS Public Health,Undergraduate,Female,Asian,19,In-state,No,No,5498.0,32,32,100.0,76.0,67.9,5,3,2,3.75,Low,0.777,Yes,0.712,Yes
S01935,2023,Spring,Health Administration,BS Health Administration,Undergraduate,Female,Asian,22,Out-of-state,No,No,10367.0,32,31,98.3,95.9,78.2,1,4,0,3.03,Low,0.7,Yes,0.61,Yes
S01936,2022,Fall,Data Science,BS Health Data Science,Undergraduate,Female,White,22,International,Yes,Yes,11832.0,27,27,100.0,89.0,79.4,1,3,0,3.69,Low,0.747,Yes,0.709,No
S01937,2024,Fall,Nutrition,BS Nutrition,Undergraduate,Male,White,19,International,No,No,14319.0,31,31,100.0,72.6,74.1,5,3,3,3.42,Medium,0.609,No,0.631,No
S01938,2022,Fall,Nutrition,MS Nutrition,Graduate,Male,White,23,Out-of-state,Yes,Yes,4571.0,18,18,100.0,84.3,100.0,4,0,0,3.7,Low,0.869,Yes,0.75,Yes
S01939,2024,Fall,Public Health,BS Public Health,Undergraduate,Male,White,22,Out-of-state,No,Yes,2697.0,24,24,100.0,81.5,67.7,1,4,1,4.0,Low,0.79,No,0.688,No
S01940,2023,Spring,Social Work,BSW,Undergraduate,Female,Black,19,In-state,No,No,7860.0,31,31,100.0,73.5,75.4,3,1,4,3.9,Low,0.758,Yes,0.716,No
S01941,2024,Spring,Health Administration,BS Health Administration,Undergraduate,Female,Black,20,In-state,Yes,Yes,0.0,30,29,95.2,85.4,89.0,2,0,2,2.84,Low,0.757,Yes,0.54,Yes
S01942,2026,Fall,Nutrition,MS Nutrition,Graduate,Female,White,32,In-state,No,No,4819.0,30,30,100.0,86.6,100.0,2,1,2,3.92,Low,0.871,Yes,0.819,Yes
S01943,2022,Spring,Nutrition,MS Nutrition,Graduate,Female,Hispanic/Latino,28,In-state,Yes,Yes,4799.0,24,24,100.0,100.0,100.0,3,1,0,3.93,Low,0.908,Yes,0.858,Yes
S01944,2022,Spring,Data Science,BS Health Data Science,Undergraduate,Female,Black,22,Out-of-state,Yes,Yes,4678.0,30,30,100.0,91.7,92.1,3,0,1,2.77,Low,0.763,Yes,0.599,Yes
S01945,2022,Spring,Social Work,BSW,Undergraduate,Female,Hispanic/Latino,23,In-state,Yes,No,8150.0,24,24,100.0,84.0,95.2,1,2,1,3.5,Low,0.772,Yes,0.672,Yes
S01946,2022,Spring,Nutrition,BS Nutrition,Undergraduate,Female,White,22,Out-of-state,Yes,Yes,5320.0,33,33,99.8,76.3,92.7,5,1,1,3.16,Low,0.774,Yes,0.661,No
S01947,2023,Spring,Social Work,BSW,Undergraduate,Female,Multiracial,18,In-state,Yes,Yes,679.0,32,30,94.7,74.5,66.3,0,4,4,2.66,High,0.396,No,0.206,Yes
S01948,2026,Fall,Data Science,BS Health Data Science,Undergraduate,Male,Hispanic/Latino,19,Out-of-state,No,Yes,732.0,30,27,88.9,68.2,60.1,0,0,0,2.96,Medium,0.5,Yes,0.323,No
S01949,2026,Spring,Social Work,BSW,Undergraduate,Male,Black,21,Out-of-state,No,Yes,7616.0,24,21,88.7,79.3,69.6,2,2,1,3.04,Low,0.636,Yes,0.44,Yes
S01950,2022,Spring,Health Administration,BS Health Administration,Undergraduate,Female,White,23,Out-of-state,No,Yes,9571.0,27,27,100.0,100.0,90.2,0,2,0,3.21,Medium,0.716,Yes,0.675,No
S01951,2023,Fall,Health Administration,BS Health Administration,Undergraduate,Female,Multiracial,18,Out-of-state,Yes,Yes,3419.0,33,26,80.1,89.5,85.9,0,4,0,2.37,High,0.471,No,0.25,No
S01952,2023,Fall,Public Health,BS Public Health,Undergraduate,Male,Hispanic/Latino,23,In-state,Yes,Yes,4332.0,31,29,94.0,78.0,76.5,1,2,1,2.59,Medium,0.534,Yes,0.369,No
S01953,2024,Fall,Health Administration,BS Health Administration,Undergraduate,Female,White,21,In-state,Yes,Yes,6410.0,32,32,100.0,97.4,59.2,3,0,0,2.92,Low,0.704,No,0.572,No
S01954,2026,Spring,Nutrition,BS Nutrition,Undergraduate,Male,White,19,Out-of-state,Yes,Yes,2554.0,30,29,97.6,80.3,48.7,0,1,0,3.35,Low,0.63,No,0.463,No
S01955,2025,Spring,Data Science,MS Health Data Science,Graduate,Female,White,31,In-state,Yes,No,3827.0,27,24,90.1,70.3,62.0,0,2,1,3.08,Medium,0.526,Yes,0.351,Yes
S01956,2022,Spring,Health Administration,BS Health Administration,Undergraduate,Male,Multiracial,24,In-state,Yes,Yes,4603.0,32,26,80.6,86.8,66.3,4,2,1,2.22,High,0.432,No,0.218,No
S01957,2023,Spring,Health Administration,BS Health Administration,Undergraduate,Male,White,18,Out-of-state,Yes,Yes,4103.0,31,25,81.5,85.9,45.9,2,2,1,1.69,High,0.257,No,0.089,No
S01958,2022,Fall,Public Health,BS Public Health,Undergraduate,Male,White,21,In-state,No,Yes,4793.0,33,33,100.0,80.9,84.3,4,0,0,3.24,Low,0.769,No,0.661,Yes
S01959,2024,Fall,Nutrition,MS Nutrition,Graduate,Male,Hispanic/Latino,34,In-state,No,No,8277.0,18,18,100.0,86.4,56.0,3,0,3,3.25,Low,0.689,Yes,0.495,No
S01960,2022,Fall,Public Health,BS Public Health,Undergraduate,Female,Asian,20,In-state,No,No,7034.0,27,27,100.0,82.3,67.0,1,0,0,4.0,Low,0.761,Yes,0.706,Yes
S01961,2026,Fall,Nutrition,BS Nutrition,Undergraduate,Female,Black,18,In-state,Yes,Yes,1185.0,30,29,95.2,71.8,68.1,1,1,1,3.75,Low,0.734,No,0.602,Yes
S01962,2026,Spring,Health Administration,BS Health Administration,Undergraduate,Female,White,20,Out-of-state,No,Yes,4041.0,27,27,100.0,96.2,95.8,6,2,3,2.62,Low,0.816,Yes,0.641,No
S01963,2022,Spring,Nutrition,BS Nutrition,Undergraduate,Female,Asian,23,Out-of-state,Yes,No,11693.0,24,23,95.9,77.7,61.3,3,3,0,2.51,Medium,0.434,Yes,0.306,No
S01964,2024,Fall,Data Science,BS Health Data Science,Undergraduate,Male,White,19,In-state,No,Yes,4715.0,32,32,100.0,100.0,96.9,2,1,2,4.0,Low,0.895,Yes,0.874,Yes
S01965,2026,Spring,Health Administration,MHA,Graduate,Male,White,22,International,Yes,No,14546.0,18,17,93.1,71.3,73.3,2,4,2,3.03,Medium,0.496,No,0.38,No
S01966,2026,Fall,Public Health,BS Public Health,Undergraduate,Male,Other/Unknown,21,In-state,No,No,7471.0,32,31,96.6,87.0,76.6,1,1,1,3.33,Low,0.72,Yes,0.628,No
S01967,2022,Spring,Nutrition,BS Nutrition,Undergraduate,Male,Black,24,In-state,Yes,Yes,4519.0,32,32,100.0,86.1,52.8,0,0,0,3.78,Low,0.715,Yes,0.64,No
S01968,2022,Fall,Health Administration,MHA,Graduate,Female,White,27,In-state,No,Yes,5053.0,24,24,100.0,70.8,82.0,5,3,1,3.78,Low,0.81,Yes,0.692,No
S01969,2023,Spring,Social Work,MSW,Graduate,Female,Black,33,In-state,No,Yes,5771.0,24,24,100.0,100.0,95.3,3,1,3,4.0,Low,0.903,Yes,0.858,Yes
S01970,2024,Spring,Public Health,BS Public Health,Undergraduate,Male,Multiracial,19,Out-of-state,No,No,11206.0,33,28,84.1,72.1,54.1,3,2,0,1.94,High,0.215,No,0.105,No
S01971,2023,Spring,Public Health,BS Public Health,Undergraduate,Female,Hispanic/Latino,18,Out-of-state,No,No,11036.0,31,29,95.0,94.0,83.9,1,0,1,2.99,Low,0.698,Yes,0.597,Yes
S01972,2026,Fall,Nutrition,BS Nutrition,Undergraduate,Male,White,21,In-state,No,Yes,6630.0,33,33,99.0,85.7,85.8,3,0,3,3.82,Low,0.826,Yes,0.793,Yes
S01973,2025,Fall,Public Health,BS Public Health,Undergraduate,Male,Asian,19,In-state,Yes,No,6101.0,33,33,100.0,97.8,77.8,3,0,0,3.52,Low,0.823,Yes,0.771,No
S01974,2023,Spring,Data Science,MS Health Data Science,Graduate,Female,White,29,Out-of-state,No,Yes,2380.0,24,23,96.5,79.3,64.3,2,0,4,3.34,Low,0.726,Yes,0.514,No
S01975,2023,Spring,Health Administration,BS Health Administration,Undergraduate,Female,Black,23,In-state,Yes,No,8206.0,31,30,96.0,95.2,67.9,2,0,0,3.59,Low,0.773,Yes,0.718,Yes
S01976,2022,Spring,Data Science,MS Health Data Science,Graduate,Female,White,37,In-state,No,Yes,3143.0,18,17,91.9,98.4,63.1,1,3,2,3.66,Low,0.813,Yes,0.651,Yes
S01977,2026,Fall,Health Administration,BS Health Administration,Undergraduate,Female,Other/Unknown,20,In-state,No,No,9294.0,31,31,100.0,88.0,99.2,2,4,2,3.35,Low,0.786,Yes,0.724,Yes
S01978,2026,Spring,Data Science,BS Health Data Science,Undergraduate,Male,White,22,In-state,No,Yes,5326.0,24,22,89.9,85.0,61.5,1,0,1,4.0,Low,0.77,Yes,0.678,No
S01979,2023,Fall,Nutrition,MS Nutrition,Graduate,Female,White,22,Out-of-state,No,Yes,9438.0,18,18,100.0,83.7,78.8,3,4,0,3.69,Low,0.785,No,0.667,Yes
S01980,2025,Spring,Social Work,BSW,Undergraduate,Female,White,21,In-state,No,No,4887.0,27,27,100.0,79.6,88.0,1,1,1,4.0,Low,0.814,Yes,0.75,Yes
S01981,2026,Spring,Nutrition,BS Nutrition,Undergraduate,Female,Hispanic/Latino,19,In-state,No,Yes,8431.0,32,29,90.9,87.5,86.1,2,3,1,3.23,Low,0.744,No,0.645,No
S01982,2025,Spring,Health Administration,BS Health Administration,Undergraduate,Female,Asian,23,In-state,No,Yes,5125.0,30,29,96.3,80.6,85.1,4,2,3,3.3,Low,0.774,Yes,0.654,Yes
S01983,2023,Fall,Public Health,BS Public Health,Undergraduate,Male,Asian,21,In-state,No,No,4465.0,27,27,100.0,72.6,79.7,4,0,1,3.7,Low,0.781,Yes,0.677,Yes
S01984,2026,Fall,Social Work,MSW,Graduate,Male,White,31,In-state,Yes,No,7880.0,18,16,88.1,70.5,54.9,0,1,3,2.18,High,0.234,No,0.08,No
S01985,2022,Spring,Health Administration,BS Health Administration,Undergraduate,Male,White,24,Out-of-state,Yes,Yes,4560.0,33,33,100.0,76.9,78.8,3,1,3,2.8,Medium,0.606,No,0.486,No
S01986,2022,Spring,Social Work,BSW,Undergraduate,Female,Hispanic/Latino,19,In-state,Yes,Yes,1089.0,32,26,82.7,70.0,83.9,0,0,0,2.32,High,0.375,Yes,0.159,No
S01987,2024,Fall,Public Health,BS Public Health,Undergraduate,Female,White,19,Out-of-state,No,Yes,3366.0,27,26,94.5,80.6,71.6,2,2,1,2.8,Low,0.652,No,0.423,No
S01988,2024,Fall,Health Administration,BS Health Administration,Undergraduate,Male,Asian,22,In-state,No,Yes,0.0,32,29,89.2,83.1,74.7,2,2,3,3.67,Low,0.807,Yes,0.687,Yes
S01989,2024,Fall,Nutrition,MS Nutrition,Graduate,Male,Black,35,In-state,No,Yes,5032.0,30,30,100.0,74.1,80.9,6,1,0,3.88,Low,0.839,Yes,0.769,No
S01990,2024,Fall,Nutrition,BS Nutrition,Undergraduate,Female,White,19,In-state,No,No,7738.0,33,25,75.5,71.9,61.8,2,0,0,2.49,Medium,0.42,No,0.267,No
S01991,2024,Fall,Health Administration,BS Health Administration,Undergraduate,Male,White,24,In-state,No,No,4499.0,33,29,87.3,82.9,48.1,6,0,0,3.12,Low,0.698,Yes,0.538,Yes
S01992,2023,Fall,Public Health,BS Public Health,Undergraduate,Female,Black,18,In-state,Yes,Yes,3750.0,33,33,100.0,78.6,75.1,1,0,1,2.85,Medium,0.58,Yes,0.457,No
S01993,2022,Fall,Nutrition,BS Nutrition,Undergraduate,Female,White,20,Out-of-state,No,Yes,8232.0,24,24,100.0,100.0,90.2,4,4,0,3.43,Low,0.845,No,0.77,Yes
S01994,2023,Spring,Data Science,BS Health Data Science,Undergraduate,Female,Black,23,In-state,Yes,Yes,4863.0,31,29,93.8,64.3,60.6,1,1,3,3.35,Medium,0.522,No,0.426,No
S01995,2026,Spring,Social Work,BSW,Undergraduate,Female,White,24,Out-of-state,No,Yes,6732.0,32,31,97.5,88.4,72.4,2,0,1,3.3,Low,0.732,Yes,0.633,No
S01996,2026,Fall,Health Administration,MHA,Graduate,Male,White,33,Out-of-state,Yes,Yes,813.0,21,19,92.2,74.7,40.2,4,2,3,3.78,Medium,0.689,Yes,0.533,No
S01997,2022,Spring,Social Work,BSW,Undergraduate,Female,Multiracial,22,In-state,No,No,5875.0,33,33,100.0,98.5,87.2,1,2,1,3.7,Low,0.839,Yes,0.801,Yes
S01998,2025,Fall,Nutrition,BS Nutrition,Undergraduate,Female,Black,21,In-state,No,Yes,1943.0,32,32,100.0,92.1,45.9,2,5,2,3.07,Low,0.681,No,0.512,No
S01999,2022,Spring,Public Health,BS Public Health,Undergraduate,Female,Asian,22,Out-of-state,No,Yes,4659.0,27,26,97.8,81.3,74.5,3,1,2,3.39,Low,0.75,Yes,0.61,No
S02000,2025,Fall,Public Health,MPH,Graduate,Female,Hispanic/Latino,30,Out-of-state,Yes,Yes,4866.0,18,18,100.0,84.2,62.1,2,3,0,4.0,Low,0.798,Yes,0.672,Yes
S02001,2022,Fall,Public Health,MS Epidemiology,Graduate,Female,White,29,In-state,Yes,Yes,938.0,24,23,96.2,68.7,81.7,3,0,1,3.59,Medium,0.737,No,0.591,No
S02002,2025,Fall,Health Administration,BS Health Administration,Undergraduate,Male,White,23,In-state,No,Yes,5579.0,32,32,100.0,92.0,65.4,3,0,1,2.85,Low,0.694,No,0.541,No
S02003,2025,Fall,Nutrition,BS Nutrition,Undergraduate,Male,White,19,Out-of-state,No,No,10567.0,24,24,97.9,96.8,75.8,1,0,1,2.75,Medium,0.599,Yes,0.495,No
S02004,2024,Fall,Health Administration,MHA,Graduate,Female,Multiracial,29,Out-of-state,Yes,Yes,9425.0,21,19,89.4,97.9,91.9,1,4,2,3.28,Low,0.796,No,0.659,Yes
S02005,2026,Spring,Nutrition,MS Nutrition,Graduate,Female,Black,22,In-state,No,No,8088.0,24,21,88.9,80.3,43.2,4,2,3,3.03,Low,0.606,Yes,0.394,No
S02006,2024,Fall,Health Administration,BS Health Administration,Undergraduate,Female,Hispanic/Latino,20,Out-of-state,No,Yes,6218.0,32,30,92.9,90.0,72.3,4,2,0,4.0,Low,0.842,Yes,0.81,Yes
S02007,2025,Spring,Health Administration,BS Health Administration,Undergraduate,Male,White,21,In-state,No,Yes,8134.0,32,28,86.1,79.3,39.9,3,1,1,2.35,High,0.281,No,0.151,No
S02008,2025,Fall,Health Administration,BS Health Administration,Undergraduate,Female,Hispanic/Latino,20,Out-of-state,No,Yes,5767.0,31,31,100.0,100.0,65.6,3,1,0,3.01,Low,0.749,Yes,0.625,No
S02009,2025,Spring,Data Science,BS Health Data Science,Undergraduate,Male,White,19,In-state,Yes,Yes,1831.0,33,33,100.0,86.3,72.5,1,3,0,3.68,Low,0.789,No,0.702,Yes
S02010,2022,Fall,Nutrition,BS Nutrition,Undergraduate,Female,Hispanic/Latino,21,In-state,No,Yes,5424.0,27,27,100.0,75.4,60.7,3,0,2,3.35,Low,0.673,No,0.523,No
S02011,2025,Spring,Social Work,BSW,Undergraduate,Female,Black,23,In-state,No,No,8893.0,30,30,100.0,94.6,77.9,1,1,1,3.98,Low,0.817,Yes,0.8,Yes
S02012,2023,Spring,Data Science,BS Health Data Science,Undergraduate,Female,Multiracial,22,Out-of-state,No,Yes,5657.0,30,30,100.0,90.3,91.9,1,2,0,3.16,Low,0.767,Yes,0.649,Yes
S02013,2022,Spring,Data Science,BS Health Data Science,Undergraduate,Male,White,19,In-state,Yes,No,14538.0,33,33,100.0,79.3,61.3,2,0,4,3.51,Medium,0.555,Yes,0.605,No
S02014,2022,Spring,Public Health,MPH,Graduate,Female,White,35,Out-of-state,No,Yes,15.0,21,21,100.0,76.8,58.4,4,2,1,3.11,Low,0.718,Yes,0.443,Yes
S02015,2024,Fall,Health Administration,BS Health Administration,Undergraduate,Female,White,23,In-state,Yes,Yes,2950.0,27,24,89.4,94.2,73.6,2,2,3,2.69,Low,0.711,Yes,0.473,Yes
S02016,2023,Spring,Health Administration,BS Health Administration,Undergraduate,Female,White,23,In-state,No,Yes,5075.0,33,33,100.0,81.7,97.4,4,2,2,2.99,Low,0.774,Yes,0.646,Yes
S02017,2023,Fall,Social Work,BSW,Undergraduate,Female,White,20,In-state,No,Yes,0.0,24,24,100.0,73.9,71.0,4,1,2,3.73,Low,0.798,Yes,0.647,Yes
S02018,2024,Spring,Health Administration,MHA,Graduate,Female,White,25,In-state,Yes,No,6980.0,21,21,97.8,95.6,73.6,2,0,2,3.11,Low,0.755,Yes,0.575,No
S02019,2024,Spring,Health Administration,BS Health Administration,Undergraduate,Female,Hispanic/Latino,21,Out-of-state,Yes,Yes,12484.0,24,24,100.0,91.3,48.7,3,1,0,3.9,Low,0.726,No,0.695,No
S02020,2024,Spring,Nutrition,BS Nutrition,Undergraduate,Female,Multiracial,20,In-state,No,No,8643.0,32,32,100.0,100.0,71.3,4,2,1,3.33,Low,0.794,No,0.737,Yes
S02021,2025,Fall,Public Health,BS Public Health,Undergraduate,Male,White,21,In-state,Yes,No,8933.0,27,22,82.6,82.8,47.1,4,1,2,3.42,Low,0.663,Yes,0.529,Yes
S02022,2024,Fall,Health Administration,BS Health Administration,Undergraduate,Female,Black,23,In-state,Yes,Yes,3075.0,30,30,100.0,80.4,56.7,1,0,2,4.0,Low,0.756,Yes,0.68,Yes
S02023,2026,Fall,Health Administration,BS Health Administration,Undergraduate,Female,White,22,In-state,No,Yes,5170.0,27,26,97.9,81.6,66.2,1,1,0,3.14,Low,0.656,No,0.48,Yes
S02024,2023,Spring,Public Health,BS Public Health,Undergraduate,Female,Black,18,Out-of-state,Yes,Yes,9168.0,33,28,84.7,95.7,69.1,0,1,1,3.12,Low,0.679,Yes,0.565,No
S02025,2023,Spring,Social Work,MSW,Graduate,Female,Asian,22,In-state,No,No,7806.0,30,27,88.4,85.4,54.9,5,1,4,3.4,Low,0.737,Yes,0.615,Yes
S02026,2023,Spring,Public Health,BS Public Health,Undergraduate,Male,Other/Unknown,21,In-state,Yes,Yes,10262.0,27,27,99.6,90.7,68.8,4,1,1,2.42,Medium,0.55,Yes,0.424,Yes
S02027,2022,Fall,Nutrition,BS Nutrition,Undergraduate,Female,White,23,Out-of-state,Yes,Yes,5565.0,31,24,78.3,53.0,64.6,1,3,1,2.04,High,0.192,No,0.068,No
S02028,2023,Spring,Nutrition,MS Nutrition,Graduate,Female,Multiracial,40,Out-of-state,No,No,12997.0,24,24,100.0,79.5,81.6,4,3,0,3.25,Medium,0.655,Yes,0.595,Yes
S02029,2026,Fall,Social Work,BSW,Undergraduate,Female,White,21,International,No,Yes,3413.0,31,31,100.0,100.0,85.0,0,0,0,3.54,Low,0.827,Yes,0.749,Yes
S02030,2026,Spring,Data Science,BS Health Data Science,Undergraduate,Nonbinary,Black,22,In-state,No,No,3749.0,27,24,87.7,67.6,71.4,1,2,0,2.97,Medium,0.526,Yes,0.357,No
S02031,2025,Fall,Social Work,BSW,Undergraduate,Female,Black,21,In-state,Yes,Yes,2856.0,30,27,91.3,93.2,82.1,0,3,2,2.07,High,0.436,No,0.206,No
S02032,2024,Spring,Data Science,BS Health Data Science,Undergraduate,Female,White,20,In-state,No,No,15229.0,30,30,100.0,91.6,88.1,4,2,1,2.84,Medium,0.638,Yes,0.621,Yes
S02033,2023,Fall,Health Administration,MHA,Graduate,Male,Black,44,International,Yes,No,17841.0,27,26,96.9,68.9,85.2,1,0,2,2.73,High,0.318,No,0.237,No
S02034,2025,Spring,Social Work,BSW,Undergraduate,Female,Hispanic/Latino,22,International,Yes,No,9840.0,32,32,100.0,94.5,100.0,1,0,0,3.81,Low,0.839,Yes,0.827,Yes
S02035,2026,Fall,Data Science,MS Health Data Science,Graduate,Female,Multiracial,27,In-state,Yes,No,8528.0,24,22,92.8,71.1,81.0,3,5,2,3.29,Low,0.695,Yes,0.52,Yes
S02036,2024,Fall,Health Administration,MHA,Graduate,Female,Black,26,Out-of-state,No,Yes,7307.0,21,20,97.0,84.8,87.0,2,4,1,2.9,Low,0.716,Yes,0.492,No
S02037,2025,Spring,Data Science,BS Health Data Science,Undergraduate,Female,Black,21,In-state,No,Yes,2328.0,24,24,100.0,83.8,94.3,5,4,2,3.27,Low,0.833,Yes,0.684,No
S02038,2024,Fall,Health Administration,MHA,Graduate,Male,Black,33,Out-of-state,No,Yes,11870.0,21,21,100.0,100.0,68.3,5,1,1,4.0,Low,0.855,No,0.819,Yes
S02039,2023,Spring,Social Work,BSW,Undergraduate,Female,Black,22,In-state,Yes,Yes,5739.0,32,32,100.0,90.3,85.8,4,3,0,2.87,Low,0.76,Yes,0.625,Yes
S02040,2023,Fall,Data Science,BS Health Data Science,Undergraduate,Male,Black,22,International,Yes,Yes,7977.0,30,28,92.5,78.1,39.1,0,1,1,3.57,High,0.395,Yes,0.324,No
S02041,2024,Fall,Data Science,BS Health Data Science,Undergraduate,Female,White,22,In-state,No,Yes,3917.0,24,24,100.0,97.2,61.8,1,2,2,3.7,Low,0.792,No,0.686,No
S02042,2026,Fall,Health Administration,BS Health Administration,Undergraduate,Male,White,22,In-state,No,Yes,83.0,33,30,89.6,98.2,88.6,5,1,0,3.1,Low,0.861,Yes,0.735,No
S02043,2024,Spring,Public Health,BS Public Health,Undergraduate,Female,Asian,19,Out-of-state,Yes,No,13354.0,31,31,100.0,83.3,95.9,1,1,0,2.92,Low,0.652,Yes,0.566,No
S02044,2025,Spring,Public Health,BS Public Health,Undergraduate,Female,Asian,23,Out-of-state,No,Yes,10498.0,33,31,93.1,82.9,92.8,1,1,0,3.43,Low,0.735,No,0.678,Yes
S02045,2023,Spring,Nutrition,BS Nutrition,Undergraduate,Male,White,22,In-state,Yes,Yes,5198.0,33,33,100.0,85.6,62.6,3,2,2,3.47,Low,0.742,Yes,0.655,No
S02046,2024,Spring,Public Health,BS Public Health,Undergraduate,Female,Asian,22,In-state,Yes,Yes,4618.0,33,33,100.0,98.5,78.7,4,2,2,4.0,Low,0.882,Yes,0.861,Yes
S02047,2025,Fall,Data Science,BS Health Data Science,Undergraduate,Female,White,23,Out-of-state,No,No,5893.0,32,29,91.5,80.2,62.7,1,1,2,2.37,Medium,0.447,Yes,0.289,Yes
S02048,2025,Spring,Public Health,BS Public Health,Undergraduate,Male,Asian,23,Out-of-state,No,No,11908.0,33,33,100.0,84.0,79.1,6,4,1,3.11,Low,0.729,Yes,0.667,Yes
S02049,2022,Fall,Public Health,MS Epidemiology,Graduate,Male,Asian,35,In-state,No,No,7407.0,18,17,93.8,94.3,51.9,0,5,0,4.0,Low,0.768,Yes,0.655,No
S02050,2023,Fall,Data Science,MS Health Data Science,Graduate,Male,Asian,38,In-state,No,Yes,8598.0,18,18,97.5,86.7,67.6,0,0,3,3.62,Low,0.721,No,0.573,No
S02051,2023,Spring,Social Work,BSW,Undergraduate,Female,Hispanic/Latino,23,International,Yes,Yes,7925.0,33,33,100.0,87.5,62.9,5,2,1,3.75,Low,0.791,Yes,0.758,Yes
S02052,2025,Fall,Social Work,BSW,Undergraduate,Female,White,20,In-state,No,No,10710.0,33,28,86.0,75.5,74.1,3,1,2,3.89,Medium,0.689,Yes,0.704,Yes
S02053,2023,Spring,Nutrition,BS Nutrition,Undergraduate,Female,Hispanic/Latino,21,In-state,Yes,Yes,3098.0,32,32,100.0,92.6,95.1,3,4,1,3.13,Low,0.822,Yes,0.708,Yes
S02054,2026,Spring,Nutrition,BS Nutrition,Undergraduate,Female,Black,22,In-state,No,Yes,5625.0,33,31,93.8,89.1,91.5,2,2,1,3.54,Low,0.816,Yes,0.747,Yes
S02055,2026,Fall,Nutrition,MS Nutrition,Graduate,Female,White,29,International,Yes,Yes,4377.0,18,16,87.4,82.1,86.8,2,5,2,3.14,Low,0.757,Yes,0.515,No
S02056,2025,Fall,Public Health,BS Public Health,Undergraduate,Male,Black,22,In-state,Yes,Yes,3533.0,33,27,82.9,89.0,53.9,1,3,2,1.98,Medium,0.426,Yes,0.221,No
S02057,2023,Spring,Social Work,BSW,Undergraduate,Female,White,22,Out-of-state,No,No,10910.0,30,30,100.0,80.6,68.4,3,3,1,3.4,Low,0.681,Yes,0.612,No
S02058,2024,Fall,Public Health,MS Epidemiology,Graduate,Male,White,23,In-state,Yes,Yes,1283.0,21,19,89.4,77.1,88.1,4,0,2,3.56,Low,0.832,Yes,0.652,Yes
S02059,2024,Fall,Public Health,BS Public Health,Undergraduate,Female,Hispanic/Latino,20,In-state,Yes,Yes,4606.0,30,30,100.0,100.0,68.1,1,5,1,3.7,Low,0.812,Yes,0.748,Yes
S02060,2022,Fall,Data Science,BS Health Data Science,Undergraduate,Male,White,23,In-state,No,Yes,1823.0,33,30,90.9,80.7,61.1,0,1,2,2.57,Medium,0.497,No,0.318,No
S02061,2023,Spring,Social Work,BSW,Undergraduate,Female,Hispanic/Latino,21,In-state,No,No,15501.0,32,32,100.0,84.2,92.2,5,5,1,3.56,Low,0.777,Yes,0.778,No
S02062,2022,Spring,Data Science,BS Health Data Science,Undergraduate,Male,Black,20,In-state,No,No,11961.0,32,31,96.5,67.3,48.8,2,0,0,3.66,Medium,0.496,No,0.516,No
S02063,2023,Spring,Public Health,BS Public Health,Undergraduate,Male,Black,20,In-state,No,No,11718.0,33,32,96.1,81.0,57.0,5,1,5,3.27,Low,0.656,Yes,0.593,Yes
S02064,2023,Fall,Public Health,BS Public Health,Undergraduate,Female,Black,20,In-state,Yes,Yes,5782.0,24,17,70.9,75.3,76.2,0,0,0,1.57,High,0.235,No,0.066,Yes
S02065,2026,Fall,Nutrition,BS Nutrition,Undergraduate,Female,White,20,In-state,Yes,Yes,3128.0,24,24,100.0,87.0,53.1,3,1,3,2.8,Low,0.647,Yes,0.408,Yes
S02066,2024,Spring,Health Administration,BS Health Administration,Undergraduate,Female,White,22,In-state,No,Yes,3101.0,24,21,88.5,79.2,88.7,0,6,2,2.86,Medium,0.618,No,0.421,No
S02067,2026,Spring,Health Administration,BS Health Administration,Undergraduate,Female,Asian,22,Out-of-state,Yes,No,9846.0,32,32,100.0,100.0,70.4,5,0,0,3.84,Low,0.845,Yes,0.837,Yes
S02068,2026,Fall,Social Work,MSW,Graduate,Male,Hispanic/Latino,36,In-state,No,No,8759.0,27,27,98.4,83.9,66.0,1,2,1,2.9,Low,0.617,No,0.437,No
S02069,2026,Fall,Nutrition,BS Nutrition,Undergraduate,Female,White,21,Out-of-state,No,No,8907.0,27,26,95.2,84.1,42.1,1,0,1,3.4,Low,0.595,No,0.479,No
S02070,2022,Fall,Data Science,BS Health Data Science,Undergraduate,Male,Asian,21,In-state,Yes,Yes,7693.0,27,27,100.0,93.0,78.5,5,2,0,3.15,Low,0.785,Yes,0.674,Yes
S02071,2026,Spring,Public Health,BS Public Health,Undergraduate,Female,Black,22,Out-of-state,No,Yes,9513.0,32,30,94.6,87.3,94.1,2,3,2,2.91,Low,0.715,Yes,0.595,No
S02072,2026,Fall,Nutrition,BS Nutrition,Undergraduate,Female,White,24,In-state,No,No,9541.0,30,30,100.0,88.6,85.2,4,4,0,3.77,Low,0.824,Yes,0.796,Yes
S02073,2022,Fall,Public Health,BS Public Health,Undergraduate,Female,White,27,In-state,No,No,6282.0,24,24,100.0,68.1,54.3,2,1,1,3.25,Medium,0.509,Yes,0.391,No
S02074,2023,Spring,Social Work,BSW,Undergraduate,Male,Other/Unknown,20,In-state,No,Yes,5881.0,31,27,85.5,80.4,75.8,3,0,2,3.11,Low,0.704,Yes,0.543,Yes
S02075,2025,Fall,Nutrition,BS Nutrition,Undergraduate,Male,Hispanic/Latino,21,In-state,No,Yes,2091.0,24,24,100.0,75.9,53.3,4,0,1,3.31,Low,0.694,Yes,0.493,No
S02076,2026,Spring,Public Health,MS Epidemiology,Graduate,Female,Hispanic/Latino,29,In-state,Yes,Yes,5517.0,21,21,100.0,88.3,82.2,5,3,4,3.94,Low,0.873,Yes,0.795,Yes
S02077,2024,Spring,Data Science,BS Health Data Science,Undergraduate,Female,White,20,Out-of-state,No,Yes,4959.0,30,27,91.1,86.2,88.9,0,2,2,3.75,Low,0.8,Yes,0.717,Yes
S02078,2022,Spring,Public Health,MPH,Graduate,Female,Multiracial,29,In-state,Yes,No,8604.0,30,25,84.8,80.4,66.9,0,0,2,3.61,Low,0.689,Yes,0.571,No
S02079,2024,Fall,Health Administration,MHA,Graduate,Female,Other/Unknown,46,In-state,No,No,5519.0,18,18,100.0,87.2,78.1,1,2,2,3.4,Low,0.763,Yes,0.576,Yes
S02080,2023,Spring,Public Health,BS Public Health,Undergraduate,Female,Asian,21,In-state,No,No,6708.0,32,30,92.6,100.0,99.5,0,2,4,4.0,Low,0.874,Yes,0.854,Yes
S02081,2025,Fall,Nutrition,BS Nutrition,Undergraduate,Female,Black,22,In-state,No,No,4802.0,30,24,78.4,82.8,31.1,2,0,0,1.88,High,0.224,No,0.08,No
S02082,2026,Fall,Data Science,BS Health Data Science,Undergraduate,Female,Black,20,Out-of-state,No,Yes,8409.0,24,24,100.0,56.1,41.9,0,0,0,3.89,High,0.337,No,0.268,No
S02083,2024,Fall,Data Science,BS Health Data Science,Undergraduate,Male,Hispanic/Latino,21,Out-of-state,No,No,8890.0,30,30,100.0,81.7,55.9,2,2,4,3.26,Low,0.625,Yes,0.519,Yes
S02084,2022,Spring,Social Work,BSW,Undergraduate,Male,White,18,In-state,Yes,Yes,819.0,33,26,77.8,77.3,55.8,2,3,2,2.79,Medium,0.546,No,0.349,Yes
S02085,2025,Fall,Nutrition,MS Nutrition,Graduate,Nonbinary,Hispanic/Latino,31,In-state,No,No,8811.0,27,26,97.0,78.6,94.9,3,2,3,3.8,Low,0.819,Yes,0.75,Yes
S02086,2022,Fall,Nutrition,MS Nutrition,Graduate,Female,Other/Unknown,30,In-state,Yes,Yes,4939.0,27,27,100.0,100.0,76.6,3,3,2,3.2,Low,0.815,No,0.683,No
S02087,2023,Spring,Nutrition,BS Nutrition,Undergraduate,Nonbinary,White,23,In-state,No,Yes,7006.0,24,22,92.6,87.3,95.0,1,3,2,1.6,Medium,0.462,Yes,0.222,Yes
S02088,2023,Spring,Health Administration,BS Health Administration,Undergraduate,Male,Black,20,In-state,No,No,4607.0,27,26,98.1,85.6,99.9,3,1,2,3.34,Low,0.821,No,0.703,Yes
S02089,2026,Fall,Social Work,MSW,Graduate,Female,Asian,25,Out-of-state,No,Yes,8724.0,24,24,100.0,92.2,49.3,3,1,3,3.94,Low,0.779,Yes,0.711,No
S02090,2025,Fall,Nutrition,BS Nutrition,Undergraduate,Nonbinary,White,23,In-state,Yes,No,7915.0,27,27,100.0,94.4,100.0,2,1,1,2.69,Low,0.746,Yes,0.584,Yes
S02091,2026,Spring,Social Work,MSW,Graduate,Female,White,25,International,Yes,Yes,3131.0,27,27,99.1,72.8,58.9,0,0,0,2.76,High,0.375,No,0.189,No
S02092,2022,Fall,Social Work,BSW,Undergraduate,Female,White,23,Out-of-state,No,Yes,9791.0,27,22,82.8,73.5,64.3,0,1,1,2.52,High,0.284,Yes,0.15,No
S02093,2026,Spring,Health Administration,BS Health Administration,Undergraduate,Male,Asian,21,In-state,Yes,Yes,7458.0,33,33,100.0,92.8,72.4,2,2,0,4.0,Low,0.822,Yes,0.808,Yes
S02094,2024,Fall,Health Administration,BS Health Administration,Undergraduate,Male,White,21,In-state,No,No,2096.0,31,30,96.9,77.8,64.4,4,0,1,2.48,Medium,0.555,Yes,0.363,No
S02095,2023,Spring,Health Administration,MHA,Graduate,Female,White,23,Out-of-state,No,Yes,3510.0,27,27,100.0,86.1,86.7,0,1,2,3.06,Low,0.74,No,0.545,No
S02096,2025,Spring,Health Administration,BS Health Administration,Undergraduate,Female,White,23,In-state,No,No,8292.0,33,28,85.9,91.5,81.8,4,0,0,2.46,Low,0.681,Yes,0.49,No
S02097,2025,Fall,Public Health,BS Public Health,Undergraduate,Female,White,20,In-state,No,Yes,11042.0,24,22,93.0,78.1,80.8,0,1,1,3.65,Medium,0.632,Yes,0.598,No
S02098,2022,Fall,Social Work,BSW,Undergraduate,Male,Asian,24,In-state,No,No,4770.0,33,28,84.9,70.9,52.0,3,2,2,2.31,Medium,0.401,No,0.23,Yes
S02099,2025,Spring,Health Administration,MHA,Graduate,Male,White,32,In-state,No,No,10818.0,27,27,100.0,86.3,65.7,1,3,3,3.53,Low,0.701,Yes,0.613,No
S02100,2026,Fall,Health Administration,MHA,Graduate,Female,Multiracial,32,In-state,Yes,Yes,7933.0,18,15,81.9,87.7,71.0,2,2,2,2.59,Medium,0.571,No,0.348,No
S02101,2022,Fall,Public Health,BS Public Health,Undergraduate,Male,Multiracial,21,Out-of-state,No,Yes,4872.0,30,27,91.5,85.6,60.5,0,0,2,2.43,Medium,0.468,No,0.296,Yes
S02102,2026,Fall,Health Administration,BS Health Administration,Undergraduate,Male,Black,21,In-state,No,Yes,0.0,32,32,100.0,88.3,76.8,3,2,0,3.49,Low,0.823,Yes,0.712,Yes
S02103,2022,Fall,Data Science,BS Health Data Science,Undergraduate,Male,White,20,International,No,Yes,2123.0,33,23,70.5,83.7,62.6,5,1,0,1.72,Medium,0.478,Yes,0.21,No
S02104,2023,Spring,Nutrition,BS Nutrition,Undergraduate,Female,White,23,International,Yes,Yes,3641.0,30,29,97.9,79.7,77.4,1,2,3,3.61,Low,0.755,Yes,0.643,Yes
S02105,2025,Spring,Public Health,MS Epidemiology,Graduate,Male,Black,26,Out-of-state,No,Yes,6412.0,21,21,100.0,78.6,77.4,3,1,5,4.0,Low,0.816,Yes,0.72,Yes
S02106,2023,Spring,Health Administration,MHA,Graduate,Female,Asian,25,In-state,No,No,4368.0,24,24,100.0,98.2,84.7,1,1,3,3.52,Low,0.836,No,0.719,No
S02107,2024,Spring,Nutrition,BS Nutrition,Undergraduate,Female,Multiracial,21,In-state,No,Yes,320.0,33,33,100.0,77.2,82.6,4,1,1,3.89,Low,0.846,Yes,0.775,No
S02108,2025,Spring,Social Work,MSW,Graduate,Female,Hispanic/Latino,38,Out-of-state,No,Yes,4388.0,30,30,100.0,72.2,77.3,3,0,1,4.0,Low,0.806,Yes,0.73,Yes
S02109,2024,Fall,Health Administration,BS Health Administration,Undergraduate,Female,Other/Unknown,22,In-state,No,Yes,3348.0,30,27,91.3,94.3,100.0,4,0,1,4.0,Low,0.907,Yes,0.867,Yes
S02110,2026,Fall,Health Administration,BS Health Administration,Undergraduate,Male,Other/Unknown,23,International,Yes,Yes,7543.0,24,22,91.2,89.9,89.9,0,3,0,2.43,Medium,0.568,No,0.385,No
S02111,2026,Fall,Public Health,MS Epidemiology,Graduate,Male,White,25,Out-of-state,No,Yes,9979.0,21,21,100.0,79.2,64.0,1,3,0,3.82,Medium,0.654,No,0.602,Yes
S02112,2022,Spring,Nutrition,MS Nutrition,Graduate,Female,Black,31,In-state,No,Yes,5994.0,30,29,96.0,82.0,85.3,2,1,3,3.38,Low,0.769,Yes,0.645,Yes
S02113,2025,Fall,Social Work,BSW,Undergraduate,Male,Asian,20,Out-of-state,Yes,Yes,0.0,33,33,100.0,100.0,44.7,3,0,2,3.35,Low,0.778,Yes,0.652,Yes
S02114,2023,Fall,Social Work,BSW,Undergraduate,Female,Other/Unknown,21,In-state,Yes,Yes,2942.0,24,23,95.8,59.5,76.8,0,1,1,3.41,High,0.448,No,0.277,No
S02115,2024,Spring,Nutrition,MS Nutrition,Graduate,Male,Black,24,In-state,Yes,Yes,1696.0,24,20,81.6,91.6,79.1,1,2,0,3.06,Low,0.771,Yes,0.531,Yes
S02116,2022,Spring,Nutrition,BS Nutrition,Undergraduate,Female,White,19,In-state,Yes,No,8541.0,24,22,93.4,75.1,42.7,3,2,0,2.22,High,0.25,No,0.111,No
S02117,2026,Fall,Health Administration,MHA,Graduate,Male,Black,34,In-state,Yes,Yes,8415.0,18,15,82.9,54.6,33.5,1,1,3,1.8,High,0.117,No,0.03,No
S02118,2022,Fall,Health Administration,BS Health Administration,Undergraduate,Male,White,21,In-state,Yes,No,6914.0,24,20,85.1,84.3,69.5,1,1,1,2.61,Low,0.584,No,0.339,No
S02119,2024,Spring,Social Work,BSW,Undergraduate,Female,Black,23,In-state,No,Yes,5014.0,31,30,96.1,100.0,62.6,1,2,4,2.63,Low,0.663,Yes,0.473,No
S02120,2024,Spring,Data Science,MS Health Data Science,Graduate,Female,White,26,International,No,Yes,3530.0,21,19,91.7,78.8,46.4,2,1,2,3.39,Low,0.667,Yes,0.436,Yes
S02121,2024,Fall,Health Administration,BS Health Administration,Undergraduate,Female,White,20,In-state,No,Yes,9932.0,33,32,97.6,100.0,99.8,4,4,0,3.19,Low,0.833,Yes,0.784,Yes
S02122,2024,Fall,Nutrition,BS Nutrition,Undergraduate,Female,White,19,Out-of-state,No,Yes,5750.0,33,33,100.0,79.4,96.4,3,2,2,4.0,Low,0.848,Yes,0.82,No
S02123,2022,Spring,Social Work,BSW,Undergraduate,Male,Hispanic/Latino,19,In-state,Yes,No,4853.0,24,23,97.2,96.5,77.8,0,2,2,3.42,Low,0.777,Yes,0.643,No
S02124,2022,Fall,Nutrition,MS Nutrition,Graduate,Female,White,25,In-state,No,Yes,5634.0,27,26,95.5,95.9,95.5,5,1,2,2.61,Low,0.803,Yes,0.611,Yes
S02125,2023,Fall,Social Work,MSW,Graduate,Male,White,29,In-state,No,Yes,4271.0,30,30,100.0,100.0,73.5,5,3,6,3.44,Low,0.856,Yes,0.77,Yes
S02126,2023,Spring,Nutrition,BS Nutrition,Undergraduate,Female,Black,19,In-state,Yes,Yes,8951.0,33,32,96.3,70.5,67.7,2,3,3,3.33,Low,0.617,No,0.521,Yes
S02127,2024,Spring,Health Administration,BS Health Administration,Undergraduate,Female,White,20,In-state,No,Yes,5476.0,32,32,99.3,91.3,70.8,6,2,2,2.79,Low,0.747,Yes,0.598,Yes
S02128,2026,Spring,Social Work,BSW,Undergraduate,Male,White,25,In-state,No,Yes,323.0,24,24,100.0,80.8,52.8,2,0,1,3.14,Low,0.672,Yes,0.436,Yes
S02129,2023,Fall,Data Science,MS Health Data Science,Graduate,Female,Asian,36,In-state,No,Yes,6685.0,24,23,94.9,100.0,78.2,2,2,3,2.72,Low,0.74,Yes,0.528,Yes
S02130,2023,Spring,Health Administration,BS Health Administration,Undergraduate,Female,Black,21,In-state,No,Yes,5677.0,32,31,96.8,77.5,69.4,1,2,1,3.0,Low,0.62,Yes,0.458,No
S02131,2023,Spring,Social Work,BSW,Undergraduate,Female,White,22,Out-of-state,No,No,10743.0,33,33,100.0,84.9,64.9,4,0,0,3.97,Low,0.778,Yes,0.779,Yes
S02132,2023,Fall,Public Health,BS Public Health,Undergraduate,Female,White,20,In-state,No,Yes,1582.0,31,31,100.0,90.3,71.2,3,4,3,3.95,Low,0.851,Yes,0.793,Yes
S02133,2026,Spring,Health Administration,BS Health Administration,Undergraduate,Male,Black,21,In-state,Yes,Yes,2690.0,31,29,93.9,74.1,60.4,5,0,2,3.16,Low,0.696,No,0.515,Yes
S02134,2026,Spring,Nutrition,MS Nutrition,Graduate,Female,White,35,In-state,No,No,5012.0,18,18,100.0,77.8,83.0,0,2,0,3.94,Medium,0.746,Yes,0.652,Yes
S02135,2022,Fall,Data Science,BS Health Data Science,Undergraduate,Female,White,24,International,Yes,No,15598.0,30,30,100.0,100.0,100.0,5,2,0,3.75,Low,0.861,Yes,0.87,No
S02136,2025,Spring,Public Health,BS Public Health,Undergraduate,Female,Hispanic/Latino,25,International,No,No,7653.0,30,30,100.0,74.3,52.9,2,0,0,3.67,Low,0.651,No,0.569,No
S02137,2022,Fall,Nutrition,BS Nutrition,Undergraduate,Female,Black,25,In-state,Yes,No,6788.0,31,25,80.7,57.6,70.3,3,0,2,2.29,High,0.272,Yes,0.121,No
S02138,2026,Spring,Social Work,MSW,Graduate,Female,Black,26,Out-of-state,Yes,Yes,1477.0,30,30,100.0,82.7,45.7,6,3,2,2.38,Medium,0.567,Yes,0.345,Yes
S02139,2025,Spring,Social Work,BSW,Undergraduate,Male,White,19,International,No,Yes,7950.0,30,30,100.0,71.6,71.5,3,0,3,3.8,Low,0.727,No,0.667,Yes
S02140,2022,Spring,Data Science,BS Health Data Science,Undergraduate,Male,Multiracial,19,In-state,No,Yes,2262.0,27,26,95.2,95.8,86.8,3,3,0,3.08,Low,0.816,Yes,0.66,Yes
S02141,2024,Fall,Social Work,MSW,Graduate,Male,Hispanic/Latino,28,International,No,No,7085.0,30,30,100.0,97.4,88.1,6,4,0,3.41,Low,0.867,Yes,0.802,Yes
S02142,2022,Spring,Public Health,MS Epidemiology,Graduate,Female,White,37,In-state,Yes,Yes,2988.0,21,18,88.1,91.6,47.1,1,4,2,3.05,Low,0.67,No,0.405,Yes
S02143,2026,Spring,Public Health,MS Epidemiology,Graduate,Male,Hispanic/Latino,31,International,No,Yes,8012.0,18,18,100.0,90.5,95.4,5,3,2,3.91,Low,0.884,No,0.815,Yes
S02144,2023,Spring,Health Administration,BS Health Administration,Undergraduate,Male,Hispanic/Latino,21,In-state,No,Yes,5286.0,24,24,100.0,89.2,73.7,0,3,0,3.79,Low,0.778,Yes,0.683,No
S02145,2026,Spring,Data Science,MS Health Data Science,Graduate,Female,Asian,25,Out-of-state,No,No,6207.0,27,27,100.0,88.3,100.0,2,3,3,3.7,Low,0.852,Yes,0.777,Yes
S02146,2022,Fall,Health Administration,BS Health Administration,Undergraduate,Female,Black,20,In-state,Yes,Yes,3511.0,30,27,91.0,84.0,81.4,2,1,0,3.24,Low,0.754,No,0.597,Yes
S02147,2026,Spring,Nutrition,BS Nutrition,Undergraduate,Male,Hispanic/Latino,18,In-state,No,Yes,2871.0,33,33,98.5,100.0,72.8,1,1,0,3.12,Low,0.773,Yes,0.651,No
S02148,2023,Spring,Health Administration,BS Health Administration,Undergraduate,Female,Hispanic/Latino,19,International,Yes,Yes,8057.0,30,30,100.0,94.5,68.3,0,2,3,3.69,Low,0.755,Yes,0.704,Yes
S02149,2024,Fall,Social Work,BSW,Undergraduate,Female,White,20,In-state,No,Yes,8296.0,30,30,100.0,99.2,74.0,6,0,1,3.62,Low,0.849,Yes,0.812,Yes
S02150,2025,Spring,Social Work,BSW,Undergraduate,Female,Black,23,In-state,No,Yes,8681.0,24,19,80.4,79.4,43.3,3,0,2,1.67,High,0.204,No,0.068,No
S02151,2026,Fall,Data Science,MS Health Data Science,Graduate,Male,Asian,32,Out-of-state,Yes,Yes,5369.0,21,20,92.9,89.2,47.5,4,0,2,4.0,Low,0.806,Yes,0.7,Yes
S02152,2026,Fall,Health Administration,BS Health Administration,Undergraduate,Male,White,22,In-state,No,No,9138.0,31,30,97.8,94.9,45.1,0,2,2,3.54,Low,0.66,Yes,0.596,Yes
S02153,2022,Fall,Data Science,BS Health Data Science,Undergraduate,Male,White,24,International,Yes,Yes,5544.0,33,33,100.0,99.8,62.6,4,3,0,2.89,Low,0.742,Yes,0.614,No
S02154,2025,Fall,Health Administration,MHA,Graduate,Male,Black,37,In-state,No,Yes,7880.0,24,24,98.4,58.5,62.5,1,2,3,3.44,Medium,0.5,Yes,0.39,No
S02155,2022,Fall,Nutrition,BS Nutrition,Undergraduate,Female,Black,20,In-state,Yes,Yes,4198.0,30,28,94.2,79.4,57.6,1,0,1,3.11,Low,0.621,Yes,0.439,Yes
S02156,2025,Fall,Health Administration,BS Health Administration,Undergraduate,Female,Hispanic/Latino,22,In-state,Yes,Yes,8595.0,32,25,77.1,63.6,44.5,5,1,3,2.08,High,0.221,No,0.095,Yes
S02157,2025,Fall,Data Science,MS Health Data Science,Graduate,Male,Hispanic/Latino,33,International,No,Yes,7684.0,18,17,96.2,82.6,75.0,3,0,2,3.53,Low,0.765,No,0.603,No
S02158,2024,Spring,Nutrition,BS Nutrition,Undergraduate,Female,Black,23,In-state,No,Yes,6498.0,31,27,87.9,76.6,60.6,4,2,2,2.42,Medium,0.481,No,0.314,Yes
S02159,2024,Fall,Health Administration,BS Health Administration,Undergraduate,Male,White,25,In-state,No,No,11806.0,31,27,87.1,81.7,62.8,1,1,1,2.09,Medium,0.354,No,0.23,No
S02160,2023,Fall,Public Health,MPH,Graduate,Female,White,22,Out-of-state,No,No,10992.0,30,30,100.0,97.7,100.0,5,0,0,3.91,Low,0.895,Yes,0.883,Yes
S02161,2023,Fall,Health Administration,BS Health Administration,Undergraduate,Female,Black,20,Out-of-state,Yes,No,8756.0,24,24,100.0,90.9,64.7,2,3,0,2.83,Low,0.637,Yes,0.458,Yes
S02162,2025,Fall,Nutrition,BS Nutrition,Undergraduate,Female,Hispanic/Latino,18,In-state,No,No,12531.0,24,24,98.2,82.4,97.0,6,1,2,3.11,Low,0.765,Yes,0.665,Yes
S02163,2025,Fall,Health Administration,MHA,Graduate,Male,White,34,In-state,No,No,10277.0,30,30,100.0,79.5,68.9,1,0,3,4.0,Medium,0.695,Yes,0.711,Yes
S02164,2022,Fall,Nutrition,BS Nutrition,Undergraduate,Male,White,20,In-state,No,No,8524.0,33,33,100.0,100.0,100.0,2,1,0,3.87,Low,0.875,Yes,0.865,Yes
S02165,2025,Fall,Health Administration,BS Health Administration,Undergraduate,Male,Black,21,In-state,Yes,Yes,0.0,30,29,98.1,87.0,99.0,2,1,1,3.14,Low,0.819,Yes,0.659,Yes
S02166,2022,Spring,Nutrition,BS Nutrition,Undergraduate,Female,Asian,24,In-state,Yes,Yes,11171.0,33,28,83.4,76.2,100.0,3,2,0,2.9,Medium,0.625,Yes,0.552,No
S02167,2025,Spring,Nutrition,BS Nutrition,Undergraduate,Female,White,22,Out-of-state,No,No,15240.0,27,27,100.0,89.8,77.3,4,0,1,2.56,Medium,0.548,Yes,0.484,No
S02168,2022,Fall,Data Science,MS Health Data Science,Graduate,Female,Multiracial,30,In-state,Yes,Yes,6748.0,24,23,97.5,91.0,92.6,3,3,2,3.82,Low,0.863,Yes,0.79,Yes
S02169,2023,Fall,Data Science,BS Health Data Science,Undergraduate,Male,White,23,International,Yes,Yes,7279.0,27,26,97.8,90.4,83.3,2,1,1,3.58,Low,0.796,Yes,0.714,Yes
S02170,2025,Fall,Nutrition,BS Nutrition,Undergraduate,Male,Multiracial,22,International,No,Yes,6757.0,30,30,100.0,72.6,58.2,5,1,0,3.4,Low,0.681,Yes,0.566,Yes
S02171,2025,Fall,Social Work,MSW,Graduate,Female,Black,22,In-state,No,No,3748.0,24,22,93.7,79.5,75.0,3,0,3,2.62,Medium,0.607,No,0.38,Yes
S02172,2022,Spring,Nutrition,BS Nutrition,Undergraduate,Female,White,22,In-state,No,Yes,10576.0,30,28,93.3,81.4,75.4,3,0,0,2.45,Medium,0.505,No,0.385,Yes
S02173,2026,Spring,Health Administration,BS Health Administration,Undergraduate,Male,Hispanic/Latino,20,In-state,Yes,No,7060.0,27,27,100.0,94.3,72.5,3,2,2,4.0,Low,0.84,Yes,0.804,Yes
S02174,2025,Fall,Health Administration,MHA,Graduate,Male,White,27,In-state,No,Yes,3415.0,18,18,100.0,95.4,95.6,5,2,3,3.49,Low,0.887,Yes,0.764,Yes
S02175,2025,Fall,Nutrition,BS Nutrition,Undergraduate,Male,Hispanic/Latino,21,In-state,Yes,Yes,3465.0,31,22,71.0,75.1,44.2,1,2,2,2.57,High,0.308,No,0.136,No
S02176,2025,Spring,Public Health,BS Public Health,Undergraduate,Female,Black,23,In-state,No,Yes,2092.0,32,32,100.0,93.8,56.2,4,1,0,3.35,Low,0.782,Yes,0.666,Yes
S02177,2022,Fall,Nutrition,BS Nutrition,Undergraduate,Female,White,20,In-state,Yes,Yes,6820.0,33,30,91.5,84.3,67.7,1,0,3,3.76,Low,0.744,Yes,0.68,Yes
S02178,2024,Spring,Health Administration,BS Health Administration,Undergraduate,Female,Black,25,International,Yes,Yes,10366.0,24,24,100.0,80.9,63.3,1,2,1,2.62,Medium,0.448,Yes,0.323,No
S02179,2023,Spring,Data Science,BS Health Data Science,Undergraduate,Female,White,19,In-state,No,No,4595.0,32,32,100.0,90.3,62.3,1,1,1,2.89,Low,0.655,Yes,0.489,No
S02180,2025,Fall,Data Science,BS Health Data Science,Undergraduate,Male,Black,20,In-state,Yes,Yes,4861.0,32,31,96.0,91.4,70.5,1,4,2,3.37,Low,0.748,Yes,0.644,No
S02181,2022,Spring,Data Science,BS Health Data Science,Undergraduate,Male,White,21,In-state,No,Yes,4766.0,24,21,87.7,71.7,38.8,4,0,0,2.89,Medium,0.472,Yes,0.299,No
S02182,2025,Fall,Health Administration,BS Health Administration,Undergraduate,Female,White,18,Out-of-state,Yes,Yes,11703.0,24,24,100.0,86.5,70.6,1,3,2,3.72,Low,0.717,Yes,0.659,No
S02183,2022,Spring,Nutrition,BS Nutrition,Undergraduate,Male,Black,24,International,Yes,Yes,7759.0,30,29,98.3,88.1,89.8,4,1,0,2.72,Low,0.728,Yes,0.57,No
S02184,2024,Fall,Social Work,BSW,Undergraduate,Female,White,22,Out-of-state,No,No,11961.0,24,24,100.0,90.4,100.0,1,0,1,2.86,Medium,0.647,Yes,0.566,No
S02185,2023,Fall,Health Administration,BS Health Administration,Undergraduate,Female,White,23,In-state,Yes,Yes,5844.0,32,32,100.0,100.0,69.3,4,0,1,2.65,Low,0.729,No,0.573,Yes
S02186,2025,Spring,Data Science,BS Health Data Science,Undergraduate,Female,White,23,In-state,No,No,8439.0,33,31,95.2,94.6,50.2,2,2,2,2.58,Low,0.572,Yes,0.408,Yes
S02187,2024,Fall,Public Health,BS Public Health,Undergraduate,Male,White,23,Out-of-state,Yes,No,7486.0,32,32,100.0,100.0,75.0,5,0,1,3.73,Low,0.857,Yes,0.83,Yes
S02188,2024,Fall,Social Work,BSW,Undergraduate,Female,White,24,In-state,Yes,No,10815.0,33,26,79.4,86.4,100.0,3,2,2,2.24,High,0.469,No,0.295,No
S02189,2024,Spring,Data Science,MS Health Data Science,Graduate,Female,Hispanic/Latino,28,In-state,Yes,No,4227.0,30,26,87.0,83.7,80.1,3,2,3,3.62,Low,0.815,Yes,0.697,Yes
S02190,2023,Fall,Health Administration,BS Health Administration,Undergraduate,Female,White,21,In-state,No,Yes,4928.0,27,26,95.0,77.8,71.2,4,1,3,3.51,Low,0.755,Yes,0.628,Yes
S02191,2025,Fall,Data Science,BS Health Data Science,Undergraduate,Male,Hispanic/Latino,19,International,Yes,Yes,11593.0,24,23,97.1,99.7,84.4,3,3,1,2.84,Medium,0.681,Yes,0.598,Yes
S02192,2022,Fall,Health Administration,MHA,Graduate,Male,Black,26,Out-of-state,No,Yes,4736.0,21,21,98.0,92.9,58.9,4,0,2,3.33,Low,0.778,Yes,0.602,No
S02193,2022,Fall,Social Work,BSW,Undergraduate,Female,Hispanic/Latino,18,In-state,No,Yes,2700.0,24,22,91.1,84.8,55.2,3,0,0,3.55,Low,0.749,No,0.585,No
S02194,2026,Spring,Public Health,MS Epidemiology,Graduate,Female,White,26,In-state,Yes,Yes,477.0,18,18,100.0,75.6,73.0,3,2,2,2.43,Medium,0.581,Yes,0.287,Yes
S02195,2023,Spring,Social Work,MSW,Graduate,Female,Black,35,In-state,No,Yes,692.0,30,30,100.0,80.8,64.5,3,2,3,2.92,Low,0.707,Yes,0.474,No
S02196,2024,Spring,Health Administration,BS Health Administration,Undergraduate,Male,White,20,In-state,No,No,6881.0,24,22,93.3,84.7,100.0,2,0,3,3.43,Low,0.8,Yes,0.681,Yes
S02197,2026,Spring,Health Administration,BS Health Administration,Undergraduate,Female,White,21,International,Yes,Yes,2469.0,30,30,100.0,82.4,56.9,5,3,0,3.63,Low,0.783,No,0.677,Yes
S02198,2026,Fall,Public Health,MPH,Graduate,Female,White,30,Out-of-state,No,Yes,25.0,18,17,93.3,97.8,67.1,3,1,3,3.12,Low,0.81,Yes,0.564,Yes
S02199,2024,Spring,Social Work,BSW,Undergraduate,Female,Hispanic/Latino,20,Out-of-state,Yes,Yes,7454.0,27,22,80.9,78.1,100.0,2,2,2,2.4,Medium,0.575,Yes,0.381,Yes
S02200,2026,Spring,Social Work,MSW,Graduate,Male,Asian,36,In-state,Yes,Yes,2055.0,21,21,100.0,98.9,78.8,2,3,2,3.27,Low,0.828,Yes,0.652,Yes
S02201,2023,Fall,Data Science,MS Health Data Science,Graduate,Male,Black,36,Out-of-state,Yes,No,10277.0,21,21,99.6,77.0,58.7,0,1,3,3.41,Medium,0.541,No,0.446,Yes
S02202,2022,Spring,Social Work,BSW,Undergraduate,Female,White,21,Out-of-state,No,No,9911.0,32,31,97.1,97.6,73.0,3,3,1,2.3,Medium,0.566,No,0.453,Yes
S02203,2024,Spring,Health Administration,BS Health Administration,Undergraduate,Male,White,22,International,Yes,Yes,9172.0,24,21,88.0,83.7,70.0,2,4,0,2.82,Low,0.613,Yes,0.413,Yes
S02204,2023,Spring,Social Work,BSW,Undergraduate,Male,White,22,In-state,No,No,11444.0,27,27,100.0,90.3,81.9,3,0,1,2.51,Medium,0.576,Yes,0.47,Yes
S02205,2023,Spring,Social Work,BSW,Undergraduate,Female,White,21,In-state,No,No,9838.0,32,27,84.7,82.0,15.0,1,3,0,2.16,High,0.17,No,0.083,No
S02206,2024,Fall,Health Administration,BS Health Administration,Undergraduate,Female,Multiracial,21,International,Yes,Yes,8476.0,30,28,92.9,84.6,76.7,2,5,3,2.92,Low,0.66,Yes,0.51,No
S02207,2022,Fall,Nutrition,BS Nutrition,Undergraduate,Male,Multiracial,20,In-state,No,Yes,6765.0,31,30,97.5,100.0,87.2,1,3,3,3.08,Low,0.776,Yes,0.669,Yes
S02208,2025,Spring,Health Administration,BS Health Administration,Undergraduate,Female,Multiracial,19,In-state,Yes,No,6693.0,33,33,100.0,96.1,80.9,3,2,2,3.36,Low,0.805,Yes,0.741,Yes
S02209,2025,Fall,Health Administration,BS Health Administration,Undergraduate,Male,White,19,In-state,Yes,Yes,11650.0,32,30,94.5,93.6,87.7,3,3,0,2.88,Medium,0.666,No,0.623,Yes
S02210,2023,Spring,Public Health,MPH,Graduate,Female,White,32,Out-of-state,No,Yes,4949.0,30,30,100.0,100.0,83.3,1,3,1,3.15,Low,0.8,Yes,0.673,Yes
S02211,2025,Fall,Nutrition,MS Nutrition,Graduate,Female,Asian,32,Out-of-state,No,No,8231.0,27,27,100.0,82.9,67.6,2,2,4,4.0,Low,0.784,Yes,0.726,Yes
S02212,2022,Fall,Nutrition,BS Nutrition,Undergraduate,Female,Multiracial,20,In-state,No,Yes,0.0,24,23,94.1,96.3,70.6,1,2,1,3.27,Low,0.79,Yes,0.602,No
S02213,2023,Spring,Data Science,BS Health Data Science,Undergraduate,Male,Other/Unknown,19,In-state,No,Yes,0.0,32,32,99.7,87.2,75.1,2,1,3,3.19,Low,0.771,Yes,0.612,Yes
S02214,2024,Spring,Nutrition,MS Nutrition,Graduate,Female,White,32,In-state,Yes,Yes,4860.0,18,16,91.5,66.3,76.0,0,2,3,3.0,High,0.418,No,0.199,No
S02215,2026,Spring,Public Health,BS Public Health,Undergraduate,Female,Black,25,In-state,No,Yes,0.0,32,25,78.0,70.3,65.3,2,0,3,3.09,Medium,0.597,No,0.409,No
S02216,2022,Spring,Nutrition,BS Nutrition,Undergraduate,Female,White,24,Out-of-state,No,No,12986.0,27,27,100.0,78.2,51.7,2,0,2,3.3,Medium,0.497,Yes,0.475,Yes
S02217,2023,Spring,Social Work,MSW,Graduate,Male,Black,25,In-state,Yes,Yes,5534.0,27,27,100.0,81.2,50.9,3,4,3,4.0,Low,0.77,Yes,0.686,Yes
S02218,2026,Spring,Health Administration,MHA,Graduate,Female,White,35,In-state,Yes,No,11150.0,30,30,99.6,94.0,56.1,4,4,2,3.35,Low,0.729,No,0.654,Yes
S02219,2023,Fall,Health Administration,BS Health Administration,Undergraduate,Male,White,22,In-state,No,Yes,3429.0,24,19,81.2,68.1,74.8,0,3,3,3.39,High,0.481,No,0.293,Yes
S02220,2023,Spring,Nutrition,BS Nutrition,Undergraduate,Female,Asian,23,In-state,No,Yes,1700.0,32,32,100.0,88.4,75.3,3,2,1,3.33,Low,0.794,No,0.673,Yes
S02221,2026,Fall,Social Work,BSW,Undergraduate,Female,Black,21,Out-of-state,No,No,6629.0,33,33,100.0,100.0,77.8,1,3,0,4.0,Low,0.847,Yes,0.834,Yes
S02222,2026,Fall,Nutrition,BS Nutrition,Undergraduate,Female,Multiracial,22,In-state,Yes,Yes,1925.0,33,33,100.0,98.3,84.6,6,4,0,4.0,Low,0.914,Yes,0.887,Yes
S02223,2026,Spring,Data Science,BS Health Data Science,Undergraduate,Female,Asian,21,In-state,No,Yes,7853.0,24,22,92.1,92.0,76.1,0,1,1,3.27,Low,0.713,Yes,0.568,Yes
S02224,2025,Fall,Public Health,BS Public Health,Undergraduate,Female,Multiracial,18,In-state,No,No,5970.0,32,31,96.9,80.3,72.2,5,1,1,3.65,Low,0.79,Yes,0.721,No
S02225,2026,Spring,Public Health,BS Public Health,Undergraduate,Male,White,22,In-state,No,No,15328.0,30,30,100.0,100.0,85.7,5,3,1,3.13,Low,0.774,Yes,0.742,Yes
S02226,2024,Spring,Data Science,BS Health Data Science,Undergraduate,Male,Hispanic/Latino,22,In-state,Yes,Yes,7964.0,32,32,100.0,82.2,49.1,1,3,1,3.11,Low,0.571,No,0.451,No
S02227,2026,Spring,Data Science,BS Health Data Science,Undergraduate,Male,Hispanic/Latino,22,International,No,No,15862.0,24,20,84.1,79.7,56.4,2,2,1,2.74,Medium,0.403,No,0.32,Yes
S02228,2025,Spring,Health Administration,BS Health Administration,Undergraduate,Female,Asian,22,In-state,Yes,No,10680.0,24,22,93.4,67.9,47.2,3,0,3,2.73,High,0.279,No,0.159,No
S02229,2023,Spring,Social Work,MSW,Graduate,Male,White,26,In-state,Yes,No,7888.0,21,18,85.9,71.2,72.7,1,0,1,3.25,Low,0.635,No,0.42,No
S02230,2023,Spring,Social Work,MSW,Graduate,Male,Black,27,In-state,Yes,No,7630.0,24,24,99.7,86.8,92.1,4,2,3,2.98,Low,0.776,Yes,0.607,Yes
S02231,2024,Spring,Social Work,BSW,Undergraduate,Male,Hispanic/Latino,21,International,Yes,Yes,3803.0,30,29,95.9,73.2,44.3,2,2,1,2.83,High,0.351,No,0.201,No
S02232,2026,Fall,Social Work,MSW,Graduate,Female,Black,37,In-state,No,Yes,8072.0,30,26,87.0,74.8,58.1,4,3,3,3.55,Low,0.702,Yes,0.576,Yes
S02233,2025,Fall,Social Work,BSW,Undergraduate,Female,White,18,Out-of-state,No,Yes,3629.0,33,29,86.6,85.7,84.4,1,1,1,2.47,Low,0.65,Yes,0.413,No
S02234,2024,Spring,Nutrition,BS Nutrition,Undergraduate,Male,Hispanic/Latino,19,Out-of-state,No,Yes,4102.0,32,26,80.2,85.7,80.8,2,0,2,3.07,Low,0.734,No,0.556,No
S02235,2025,Spring,Data Science,BS Health Data Science,Undergraduate,Male,Asian,23,In-state,No,Yes,1431.0,32,32,100.0,92.0,88.5,5,1,1,3.88,Low,0.894,Yes,0.849,Yes
S02236,2026,Fall,Data Science,MS Health Data Science,Graduate,Male,White,33,In-state,No,Yes,5426.0,27,27,100.0,77.1,62.4,4,1,1,3.62,Low,0.753,Yes,0.628,Yes
S02237,2024,Spring,Nutrition,BS Nutrition,Undergraduate,Male,Multiracial,22,In-state,No,No,8435.0,24,21,88.4,100.0,63.4,3,0,4,3.36,Low,0.766,Yes,0.648,Yes
S02238,2026,Fall,Health Administration,BS Health Administration,Undergraduate,Male,Hispanic/Latino,24,Out-of-state,No,No,10069.0,32,30,94.0,87.2,55.9,1,0,2,2.67,Medium,0.468,No,0.381,Yes
S02239,2023,Fall,Social Work,BSW,Undergraduate,Female,Hispanic/Latino,24,International,No,No,13725.0,30,30,99.2,84.9,80.5,1,1,0,3.36,Low,0.672,No,0.629,No
S02240,2024,Spring,Health Administration,BS Health Administration,Undergraduate,Male,Black,22,In-state,Yes,Yes,5186.0,27,23,86.2,72.5,68.5,4,2,1,1.9,High,0.313,No,0.118,No
S02241,2025,Fall,Health Administration,MHA,Graduate,Female,White,29,Out-of-state,Yes,No,6372.0,30,30,100.0,74.3,59.1,4,5,2,2.93,Low,0.627,Yes,0.438,No
S02242,2022,Spring,Social Work,MSW,Graduate,Female,Hispanic/Latino,24,In-state,No,No,5110.0,30,28,92.9,77.3,75.5,3,1,1,3.0,Low,0.696,Yes,0.499,No
S02243,2024,Fall,Nutrition,BS Nutrition,Undergraduate,Female,White,19,In-state,No,No,10380.0,32,32,100.0,95.8,87.5,3,2,2,2.42,Medium,0.62,Yes,0.53,Yes
S02244,2024,Spring,Nutrition,MS Nutrition,Graduate,Female,Black,26,In-state,No,No,7901.0,21,21,100.0,82.5,44.1,4,2,5,4.0,Low,0.755,Yes,0.658,Yes
S02245,2025,Spring,Data Science,MS Health Data Science,Graduate,Female,White,42,Out-of-state,No,Yes,7411.0,24,22,93.6,79.2,79.6,1,0,2,3.25,Low,0.699,Yes,0.515,Yes
S02246,2024,Fall,Health Administration,MHA,Graduate,Female,Multiracial,28,In-state,Yes,Yes,6833.0,30,25,83.8,88.9,70.4,1,4,1,2.9,Low,0.674,No,0.472,Yes
S02247,2025,Fall,Health Administration,MHA,Graduate,Male,Black,25,Out-of-state,No,No,9359.0,18,18,100.0,95.4,87.8,5,2,1,3.45,Low,0.843,Yes,0.734,Yes
S02248,2026,Spring,Data Science,BS Health Data Science,Undergraduate,Male,White,20,International,Yes,No,11517.0,27,27,100.0,86.1,77.9,5,1,2,3.72,Low,0.794,Yes,0.759,Yes
S02249,2025,Spring,Public Health,BS Public Health,Undergraduate,Male,Black,19,In-state,Yes,Yes,391.0,33,33,100.0,100.0,81.0,5,3,2,3.33,Low,0.869,Yes,0.781,Yes
S02250,2024,Fall,Nutrition,BS Nutrition,Undergraduate,Female,Black,21,In-state,No,Yes,5385.0,32,29,91.0,90.0,93.9,4,1,1,3.15,Low,0.811,Yes,0.698,Yes
S02251,2026,Fall,Data Science,BS Health Data Science,Undergraduate,Male,Multiracial,23,In-state,Yes,Yes,3728.0,32,30,93.3,90.2,93.7,4,0,0,3.31,Low,0.836,Yes,0.737,Yes
S02252,2025,Fall,Nutrition,BS Nutrition,Undergraduate,Female,Hispanic/Latino,22,Out-of-state,No,Yes,6755.0,24,22,89.6,82.6,47.6,3,1,1,2.27,Medium,0.424,No,0.238,Yes
S02253,2022,Fall,Public Health,MS Epidemiology,Graduate,Female,White,35,In-state,Yes,Yes,4807.0,24,23,94.0,72.3,62.5,2,3,4,2.72,Medium,0.51,Yes,0.309,No
S02254,2024,Spring,Health Administration,BS Health Administration,Undergraduate,Female,White,19,In-state,Yes,Yes,11406.0,32,32,100.0,91.9,78.7,2,4,1,3.45,Low,0.746,No,0.71,No
S02255,2025,Fall,Social Work,BSW,Undergraduate,Female,White,22,In-state,Yes,Yes,3445.0,33,33,100.0,89.0,80.1,2,2,3,3.88,Low,0.837,Yes,0.791,No
S02256,2026,Fall,Data Science,BS Health Data Science,Undergraduate,Male,Black,21,In-state,No,No,4464.0,30,26,87.2,83.0,49.5,2,0,1,2.84,Low,0.588,No,0.374,Yes
S02257,2024,Spring,Nutrition,BS Nutrition,Undergraduate,Female,White,22,In-state,No,No,4861.0,31,29,92.6,89.9,83.3,5,2,2,2.4,Medium,0.661,Yes,0.494,No
S02258,2026,Fall,Health Administration,BS Health Administration,Undergraduate,Male,Asian,25,Out-of-state,No,Yes,10027.0,32,32,99.3,69.0,62.5,3,0,0,3.06,Medium,0.495,No,0.442,Yes
S02259,2023,Fall,Social Work,BSW,Undergraduate,Female,White,24,In-state,Yes,Yes,5628.0,32,31,98.1,70.6,53.8,2,3,4,2.35,High,0.285,No,0.147,No
S02260,2026,Spring,Data Science,BS Health Data Science,Undergraduate,Male,White,19,Out-of-state,No,Yes,6083.0,30,29,97.8,86.4,100.0,3,2,1,2.92,Low,0.769,Yes,0.625,Yes
S02261,2023,Fall,Data Science,MS Health Data Science,Graduate,Female,White,26,In-state,No,No,3129.0,24,24,100.0,93.6,77.9,2,1,1,3.43,Low,0.819,Yes,0.674,No
S02262,2024,Fall,Social Work,BSW,Undergraduate,Male,White,23,International,Yes,Yes,6864.0,30,30,100.0,96.7,75.0,2,0,0,3.24,Low,0.765,Yes,0.669,Yes
S02263,2024,Fall,Nutrition,BS Nutrition,Undergraduate,Female,White,21,International,No,No,6206.0,24,24,99.9,91.1,94.5,5,1,0,2.4,Low,0.741,Yes,0.512,Yes
S02264,2025,Spring,Nutrition,BS Nutrition,Undergraduate,Female,Hispanic/Latino,20,In-state,Yes,Yes,0.0,24,22,92.8,76.8,77.1,3,4,1,2.47,Medium,0.593,Yes,0.334,No
S02265,2022,Spring,Nutrition,BS Nutrition,Undergraduate,Female,White,22,Out-of-state,No,No,8110.0,33,33,100.0,90.3,82.8,1,0,1,3.93,Low,0.812,Yes,0.796,Yes
S02266,2025,Spring,Public Health,BS Public Health,Undergraduate,Female,Other/Unknown,23,In-state,No,Yes,2635.0,24,23,97.1,100.0,63.8,2,5,2,3.29,Low,0.786,Yes,0.626,Yes
S02267,2024,Fall,Social Work,BSW,Undergraduate,Female,Other/Unknown,20,In-state,Yes,Yes,4530.0,27,23,85.7,78.5,83.4,0,1,1,2.66,High,0.439,Yes,0.236,No
S02268,2026,Fall,Social Work,BSW,Undergraduate,Male,Hispanic/Latino,19,In-state,No,No,6591.0,31,31,99.0,78.9,45.4,3,1,3,2.9,Low,0.561,Yes,0.399,No
S02269,2025,Spring,Social Work,BSW,Undergraduate,Nonbinary,White,24,In-state,Yes,No,2563.0,31,29,92.2,87.0,61.3,2,3,1,2.21,Medium,0.506,Yes,0.301,Yes
S02270,2026,Fall,Data Science,BS Health Data Science,Undergraduate,Male,Hispanic/Latino,19,In-state,No,No,8532.0,33,33,100.0,82.8,40.3,0,2,1,3.26,Medium,0.481,Yes,0.45,No
S02271,2026,Fall,Public Health,BS Public Health,Undergraduate,Male,Other/Unknown,20,Out-of-state,Yes,No,15585.0,27,27,100.0,90.0,69.4,3,2,3,3.75,Low,0.734,No,0.73,Yes
S02272,2026,Spring,Data Science,BS Health Data Science,Undergraduate,Female,Hispanic/Latino,20,In-state,No,No,1725.0,30,30,98.9,74.2,94.3,1,1,4,3.07,Low,0.724,Yes,0.536,Yes
S02273,2022,Fall,Nutrition,BS Nutrition,Undergraduate,Female,Black,19,Out-of-state,Yes,Yes,5458.0,31,24,77.0,87.2,74.2,2,1,2,2.39,High,0.44,Yes,0.234,No
S02274,2026,Fall,Data Science,BS Health Data Science,Undergraduate,Female,Multiracial,23,International,No,Yes,9323.0,31,31,100.0,63.6,91.1,3,0,3,2.6,Medium,0.497,Yes,0.383,No
S02275,2022,Fall,Health Administration,BS Health Administration,Undergraduate,Female,White,25,In-state,Yes,Yes,4398.0,31,30,97.8,95.9,91.2,4,3,0,2.87,Low,0.803,Yes,0.664,No
S02276,2023,Fall,Public Health,BS Public Health,Undergraduate,Female,White,22,In-state,No,Yes,1791.0,33,33,99.1,90.0,48.6,0,2,2,2.7,Medium,0.526,Yes,0.38,No
S02277,2025,Spring,Social Work,BSW,Undergraduate,Male,White,21,In-state,No,Yes,3060.0,30,30,100.0,69.2,80.3,4,0,3,2.6,Medium,0.573,Yes,0.395,No
S02278,2024,Spring,Public Health,MPH,Graduate,Male,Black,28,Out-of-state,No,No,10395.0,18,16,91.2,98.2,75.6,4,3,2,3.23,Low,0.787,Yes,0.635,Yes
S02279,2025,Fall,Public Health,BS Public Health,Undergraduate,Female,Asian,23,Out-of-state,No,No,8187.0,31,29,92.7,69.3,50.6,1,0,1,2.44,Medium,0.338,No,0.219,No
S02280,2026,Spring,Data Science,BS Health Data Science,Undergraduate,Female,Hispanic/Latino,22,In-state,Yes,Yes,10922.0,24,21,88.3,80.9,67.0,3,0,3,1.99,High,0.294,No,0.135,No
S02281,2025,Spring,Nutrition,MS Nutrition,Graduate,Female,White,34,In-state,No,Yes,3069.0,30,30,100.0,72.0,82.3,2,1,2,3.58,Low,0.767,Yes,0.633,Yes
S02282,2026,Fall,Nutrition,BS Nutrition,Undergraduate,Male,Asian,27,In-state,No,Yes,5739.0,33,32,98.0,61.3,40.2,1,1,2,2.82,High,0.25,Yes,0.148,No
S02283,2026,Fall,Public Health,BS Public Health,Undergraduate,Female,Hispanic/Latino,24,In-state,No,Yes,2107.0,27,27,100.0,100.0,97.9,4,0,3,3.87,Low,0.911,Yes,0.864,Yes
S02284,2024,Spring,Health Administration,MHA,Graduate,Male,White,22,In-state,No,Yes,8042.0,18,18,100.0,68.0,53.7,3,1,1,3.75,Medium,0.61,Yes,0.504,No
S02285,2023,Fall,Health Administration,BS Health Administration,Undergraduate,Female,White,24,Out-of-state,Yes,Yes,5209.0,32,30,92.2,66.6,46.8,2,2,1,3.0,Medium,0.445,No,0.331,No
S02286,2023,Fall,Data Science,BS Health Data Science,Undergraduate,Female,Black,21,In-state,Yes,Yes,3131.0,24,24,100.0,88.7,100.0,5,2,3,3.48,Low,0.87,Yes,0.768,Yes
S02287,2022,Fall,Nutrition,BS Nutrition,Undergraduate,Male,Multiracial,19,Out-of-state,No,No,13019.0,31,31,100.0,73.5,76.7,2,0,1,3.64,Medium,0.612,No,0.643,Yes
S02288,2024,Spring,Nutrition,BS Nutrition,Undergraduate,Female,Asian,21,In-state,Yes,Yes,1297.0,32,26,81.8,70.2,45.7,3,2,0,2.59,Medium,0.455,No,0.256,No
S02289,2024,Fall,Social Work,BSW,Undergraduate,Female,Black,18,Out-of-state,No,Yes,7770.0,24,24,100.0,85.7,100.0,3,3,1,3.59,Low,0.826,Yes,0.746,No
S02290,2025,Spring,Social Work,BSW,Undergraduate,Female,White,20,International,No,Yes,7000.0,30,30,100.0,76.3,65.2,1,5,2,3.44,Low,0.654,Yes,0.546,Yes
S02291,2022,Spring,Data Science,BS Health Data Science,Undergraduate,Female,Other/Unknown,22,In-state,No,Yes,3581.0,33,31,94.4,92.1,87.6,6,0,1,3.04,Low,0.829,Yes,0.71,Yes
S02292,2026,Fall,Data Science,BS Health Data Science,Undergraduate,Female,Multiracial,22,Out-of-state,Yes,Yes,8431.0,31,31,100.0,67.7,61.4,2,6,0,3.86,Medium,0.609,Yes,0.613,Yes
S02293,2022,Spring,Public Health,MS Epidemiology,Graduate,Male,Black,22,In-state,Yes,No,11189.0,21,21,99.1,88.3,77.5,0,1,2,3.26,Medium,0.631,No,0.541,No
S02294,2024,Fall,Health Administration,MHA,Graduate,Male,Other/Unknown,27,Out-of-state,Yes,Yes,8136.0,18,18,100.0,86.9,61.3,2,1,0,2.67,Low,0.606,Yes,0.349,No
S02295,2025,Fall,Social Work,MSW,Graduate,Female,White,22,In-state,No,No,9608.0,24,24,99.0,62.9,79.1,2,0,4,3.38,Medium,0.575,Yes,0.478,Yes
S02296,2025,Fall,Health Administration,BS Health Administration,Undergraduate,Female,White,26,In-state,No,Yes,6715.0,31,30,97.1,96.9,70.4,3,1,0,3.09,Low,0.752,Yes,0.637,Yes
S02297,2025,Spring,Data Science,BS Health Data Science,Undergraduate,Female,White,21,In-state,No,No,8123.0,30,30,100.0,92.3,58.1,1,0,1,3.35,Low,0.686,No,0.595,Yes
S02298,2025,Fall,Nutrition,MS Nutrition,Graduate,Male,Hispanic/Latino,29,Out-of-state,No,Yes,3281.0,27,27,100.0,85.3,81.2,2,1,2,3.45,Low,0.798,Yes,0.657,Yes
S02299,2023,Spring,Nutrition,BS Nutrition,Undergraduate,Female,White,22,In-state,No,No,7659.0,32,29,89.8,69.3,61.6,2,1,1,2.77,Medium,0.451,Yes,0.334,No
S02300,2023,Fall,Data Science,MS Health Data Science,Graduate,Female,White,36,In-state,Yes,Yes,1537.0,30,30,100.0,81.9,75.1,0,1,1,3.8,Low,0.794,Yes,0.681,No
S02301,2022,Fall,Public Health,BS Public Health,Undergraduate,Male,White,18,International,No,No,6412.0,27,23,84.6,63.2,64.8,1,3,0,2.57,Medium,0.39,Yes,0.226,Yes
S02302,2023,Fall,Health Administration,MHA,Graduate,Female,Asian,22,In-state,Yes,No,10420.0,18,18,98.5,100.0,67.2,3,0,2,3.66,Low,0.808,No,0.713,Yes
S02303,2022,Spring,Data Science,BS Health Data Science,Undergraduate,Female,Asian,24,In-state,No,No,7314.0,31,31,100.0,73.5,60.3,3,0,3,3.55,Low,0.674,Yes,0.584,Yes
S02304,2025,Spring,Data Science,MS Health Data Science,Graduate,Male,Black,22,In-state,No,No,12856.0,30,30,100.0,94.8,54.2,2,1,3,3.63,Low,0.719,Yes,0.684,No
S02305,2025,Fall,Health Administration,BS Health Administration,Undergraduate,Female,Other/Unknown,23,International,No,No,12945.0,33,32,97.1,74.7,90.9,1,3,3,2.17,High,0.31,No,0.201,No
S02306,2022,Fall,Health Administration,BS Health Administration,Undergraduate,Male,Multiracial,21,Out-of-state,No,No,8323.0,31,31,100.0,80.8,66.5,2,2,1,3.94,Low,0.751,Yes,0.719,No
S02307,2025,Fall,Data Science,BS Health Data Science,Undergraduate,Male,Hispanic/Latino,21,In-state,Yes,Yes,331.0,31,31,100.0,81.2,86.1,3,2,1,3.24,Low,0.792,Yes,0.639,Yes
S02308,2024,Spring,Public Health,BS Public Health,Undergraduate,Female,White,20,In-state,Yes,Yes,2670.0,24,20,84.7,84.7,77.1,0,4,2,3.4,Low,0.742,No,0.548,Yes
S02309,2023,Spring,Health Administration,BS Health Administration,Undergraduate,Male,White,22,In-state,No,Yes,0.0,32,23,71.5,77.8,48.4,0,1,0,1.52,High,0.212,Yes,0.053,No
S02310,2025,Fall,Public Health,BS Public Health,Undergraduate,Male,White,20,Out-of-state,Yes,No,10936.0,32,30,95.1,82.1,100.0,4,0,1,3.16,Low,0.759,Yes,0.68,Yes
S02311,2023,Fall,Data Science,MS Health Data Science,Graduate,Female,Hispanic/Latino,26,In-state,No,No,5361.0,18,18,100.0,91.4,83.1,3,1,2,3.63,Low,0.839,Yes,0.708,Yes
S02312,2026,Fall,Health Administration,BS Health Administration,Undergraduate,Female,White,23,In-state,Yes,No,6074.0,32,26,81.8,75.0,64.4,2,1,0,1.73,High,0.25,Yes,0.093,No
S02313,2024,Fall,Health Administration,BS Health Administration,Undergraduate,Female,Black,22,In-state,No,Yes,4480.0,31,31,98.5,77.5,59.5,4,3,2,2.16,Medium,0.461,Yes,0.279,Yes
S02314,2022,Spring,Data Science,BS Health Data Science,Undergraduate,Male,Black,20,In-state,Yes,Yes,1163.0,33,31,93.1,68.9,59.1,2,0,1,2.98,Medium,0.538,Yes,0.385,Yes
S02315,2026,Spring,Public Health,BS Public Health,Undergraduate,Female,Black,22,In-state,Yes,No,10112.0,24,22,91.1,90.2,53.6,1,0,3,2.28,High,0.311,No,0.163,No
S02316,2022,Spring,Health Administration,BS Health Administration,Undergraduate,Female,Multiracial,25,In-state,No,Yes,6525.0,33,31,94.1,100.0,60.7,0,0,3,3.73,Low,0.773,No,0.723,Yes
S02317,2026,Spring,Public Health,BS Public Health,Undergraduate,Male,Hispanic/Latino,23,International,Yes,No,11511.0,33,33,100.0,89.7,73.4,3,1,0,1.97,High,0.348,Yes,0.218,No
S02318,2022,Spring,Nutrition,BS Nutrition,Undergraduate,Male,Black,22,In-state,No,No,7556.0,30,25,84.7,88.0,78.3,3,1,0,3.19,Low,0.742,Yes,0.608,No
S02319,2025,Fall,Health Administration,BS Health Administration,Undergraduate,Female,Hispanic/Latino,18,International,Yes,No,16690.0,24,24,100.0,87.0,100.0,2,0,2,4.0,Low,0.805,Yes,0.812,Yes
S02320,2022,Fall,Nutrition,MS Nutrition,Graduate,Male,Asian,33,International,No,No,7663.0,21,21,100.0,78.9,62.9,3,2,3,4.0,Low,0.776,Yes,0.679,No
S02321,2023,Fall,Public Health,BS Public Health,Undergraduate,Female,White,21,In-state,Yes,No,5639.0,31,31,100.0,95.4,71.3,0,0,1,2.67,Medium,0.591,Yes,0.47,Yes
S02322,2026,Spring,Social Work,BSW,Undergraduate,Female,Black,23,International,No,No,11068.0,33,33,100.0,95.7,52.3,3,4,1,3.34,Low,0.693,Yes,0.649,No
S02323,2024,Spring,Public Health,MS Epidemiology,Graduate,Female,Hispanic/Latino,41,Out-of-state,Yes,Yes,5572.0,24,21,88.5,74.7,69.8,1,1,0,2.61,Medium,0.503,No,0.292,Yes
S02324,2025,Spring,Nutrition,BS Nutrition,Undergraduate,Male,White,20,Out-of-state,Yes,Yes,289.0,24,21,88.0,81.8,62.0,3,4,2,3.54,Low,0.77,Yes,0.58,Yes
S02325,2023,Fall,Data Science,MS Health Data Science,Graduate,Female,White,32,In-state,Yes,No,8993.0,27,27,100.0,81.1,90.7,7,1,1,3.31,Low,0.817,Yes,0.718,Yes
S02326,2022,Spring,Social Work,MSW,Graduate,Female,White,30,International,No,Yes,2345.0,30,30,99.9,84.0,83.6,1,0,2,3.63,Low,0.811,Yes,0.697,Yes
S02327,2022,Fall,Social Work,BSW,Undergraduate,Female,White,25,Out-of-state,No,Yes,6595.0,27,27,100.0,75.9,56.2,1,3,0,3.33,Low,0.61,Yes,0.465,Yes
S02328,2026,Fall,Social Work,BSW,Undergraduate,Male,White,21,In-state,No,No,8509.0,32,31,95.3,92.9,70.2,3,0,3,3.5,Low,0.771,Yes,0.714,Yes
S02329,2024,Spring,Data Science,MS Health Data Science,Graduate,Female,Asian,31,In-state,Yes,Yes,9911.0,21,19,88.4,62.9,42.0,0,4,1,2.87,High,0.237,No,0.117,No
S02330,2023,Spring,Data Science,BS Health Data Science,Undergraduate,Male,Asian,20,In-state,No,Yes,4275.0,33,33,100.0,93.0,81.7,2,0,0,4.0,Low,0.857,Yes,0.828,Yes
S02331,2024,Fall,Nutrition,BS Nutrition,Undergraduate,Female,White,22,In-state,Yes,Yes,2929.0,30,29,96.8,80.1,72.2,3,1,0,3.58,Low,0.774,Yes,0.659,No
S02332,2023,Spring,Social Work,MSW,Graduate,Female,Asian,32,International,Yes,Yes,6853.0,21,19,92.3,97.1,69.8,0,2,1,2.94,Low,0.698,No,0.474,Yes
S02333,2026,Fall,Social Work,BSW,Undergraduate,Female,Multiracial,20,In-state,Yes,No,8056.0,33,32,96.2,77.9,62.1,4,0,1,2.79,Medium,0.538,Yes,0.445,Yes
S02334,2025,Spring,Public Health,BS Public Health,Undergraduate,Female,White,25,International,No,No,9613.0,33,33,100.0,89.9,61.4,0,2,0,3.68,Medium,0.647,Yes,0.671,No
S02335,2026,Spring,Nutrition,BS Nutrition,Undergraduate,Female,White,21,In-state,No,Yes,3629.0,27,27,100.0,94.9,100.0,5,3,1,4.0,Low,0.913,Yes,0.878,Yes
S02336,2023,Fall,Data Science,BS Health Data Science,Undergraduate,Male,White,19,Out-of-state,Yes,No,10659.0,33,33,100.0,97.9,92.2,0,2,1,3.51,Medium,0.743,Yes,0.763,Yes
S02337,2026,Fall,Data Science,BS Health Data Science,Undergraduate,Male,White,20,In-state,No,Yes,3011.0,24,20,83.8,69.5,50.4,2,0,4,2.7,Medium,0.448,Yes,0.244,No
S02338,2023,Fall,Nutrition,BS Nutrition,Undergraduate,Female,White,22,In-state,No,Yes,3224.0,30,30,100.0,76.0,44.9,1,0,1,3.39,Medium,0.553,Yes,0.458,No
S02339,2022,Fall,Nutrition,BS Nutrition,Undergraduate,Male,Asian,24,In-state,Yes,No,1493.0,31,29,94.3,90.2,90.8,4,2,1,2.57,Low,0.768,No,0.547,No
S02340,2024,Fall,Nutrition,MS Nutrition,Graduate,Female,Black,30,Out-of-state,No,No,8638.0,30,30,100.0,82.0,77.8,3,3,3,3.18,Low,0.72,No,0.595,No
S02341,2025,Fall,Data Science,MS Health Data Science,Graduate,Female,Hispanic/Latino,41,In-state,No,Yes,2582.0,21,21,100.0,97.7,75.0,3,0,2,3.1,Low,0.809,Yes,0.609,Yes
S02342,2025,Fall,Social Work,BSW,Undergraduate,Female,White,25,In-state,No,No,3770.0,33,26,77.9,70.0,100.0,3,0,1,3.3,Medium,0.718,Yes,0.607,Yes
S02343,2022,Spring,Data Science,BS Health Data Science,Undergraduate,Female,Multiracial,21,In-state,No,Yes,11861.0,30,27,88.8,83.3,72.8,0,0,2,3.01,Medium,0.524,Yes,0.466,No
S02344,2022,Spring,Data Science,BS Health Data Science,Undergraduate,Male,Black,22,In-state,Yes,Yes,4926.0,33,31,93.9,90.8,63.4,1,0,0,3.54,Low,0.747,Yes,0.658,Yes
S02345,2025,Fall,Data Science,MS Health Data Science,Graduate,Female,Hispanic/Latino,31,International,Yes,Yes,5108.0,30,29,98.2,71.1,79.1,2,2,3,3.16,Low,0.683,Yes,0.502,Yes
S02346,2023,Spring,Health Administration,BS Health Administration,Undergraduate,Female,White,19,In-state,No,No,9485.0,24,22,89.6,86.4,94.4,5,2,0,2.74,Low,0.738,Yes,0.56,Yes
S02347,2023,Fall,Health Administration,BS Health Administration,Undergraduate,Female,Asian,24,In-state,No,No,11947.0,32,32,100.0,72.6,70.9,0,2,2,3.16,Medium,0.481,No,0.46,No
S02348,2024,Spring,Health Administration,BS Health Administration,Undergraduate,Female,Black,23,In-state,No,Yes,4555.0,27,26,94.6,97.2,89.4,1,0,1,2.65,Low,0.735,No,0.529,No
S02349,2026,Spring,Public Health,BS Public Health,Undergraduate,Female,White,21,Out-of-state,No,No,12553.0,27,27,100.0,79.5,59.0,3,1,2,3.84,Medium,0.639,Yes,0.665,Yes
S02350,2026,Spring,Public Health,BS Public Health,Undergraduate,Female,Hispanic/Latino,20,Out-of-state,No,No,11742.0,32,29,89.9,77.0,94.8,2,1,0,2.31,High,0.382,No,0.246,No
S02351,2023,Spring,Public Health,BS Public Health,Undergraduate,Female,Black,24,Out-of-state,Yes,No,7330.0,30,29,96.5,68.9,34.6,3,1,1,2.49,High,0.245,No,0.131,No
S02352,2026,Fall,Nutrition,MS Nutrition,Graduate,Female,White,31,In-state,Yes,No,6457.0,30,30,100.0,84.2,76.8,3,3,4,3.85,Low,0.818,No,0.756,Yes
S02353,2025,Spring,Social Work,BSW,Undergraduate,Male,Hispanic/Latino,18,In-state,Yes,Yes,1968.0,27,27,100.0,94.0,74.5,3,3,2,3.61,Low,0.836,Yes,0.736,Yes
S02354,2023,Fall,Social Work,MSW,Graduate,Female,White,29,In-state,No,Yes,11505.0,27,27,100.0,75.9,43.9,1,1,0,4.0,Medium,0.585,Yes,0.596,No
S02355,2023,Fall,Social Work,MSW,Graduate,Female,White,33,Out-of-state,No,Yes,8865.0,30,30,100.0,70.9,90.8,3,2,4,3.44,Low,0.74,Yes,0.638,No
S02356,2022,Spring,Nutrition,MS Nutrition,Graduate,Female,White,27,In-state,No,No,6214.0,18,18,100.0,73.1,97.9,2,3,5,3.52,Low,0.78,Yes,0.607,Yes
S02357,2025,Spring,Health Administration,BS Health Administration,Undergraduate,Female,Hispanic/Latino,18,Out-of-state,No,No,5024.0,31,31,100.0,64.9,93.7,3,6,2,3.03,Medium,0.625,Yes,0.513,No
S02358,2025,Spring,Health Administration,BS Health Administration,Undergraduate,Male,White,18,International,No,No,7015.0,24,24,100.0,96.6,82.5,5,2,0,3.38,Low,0.833,Yes,0.74,Yes
S02359,2022,Spring,Data Science,MS Health Data Science,Graduate,Female,Hispanic/Latino,22,Out-of-state,Yes,No,12693.0,30,30,99.3,58.7,40.9,2,1,2,3.27,High,0.276,No,0.215,No
S02360,2023,Spring,Nutrition,BS Nutrition,Undergraduate,Female,Black,21,In-state,Yes,Yes,1402.0,27,27,100.0,82.8,61.2,0,2,1,4.0,Low,0.774,No,0.674,Yes
S02361,2025,Spring,Nutrition,BS Nutrition,Undergraduate,Male,Black,19,In-state,No,Yes,4685.0,24,22,93.5,74.0,84.0,4,0,2,2.46,Medium,0.573,Yes,0.355,Yes
S02362,2022,Fall,Data Science,MS Health Data Science,Graduate,Female,White,22,In-state,No,No,15127.0,18,18,100.0,68.6,76.3,2,2,2,3.49,Medium,0.56,No,0.498,Yes
S02363,2023,Spring,Nutrition,BS Nutrition,Undergraduate,Male,Multiracial,18,In-state,No,Yes,4524.0,24,21,88.9,79.1,87.4,1,4,3,2.94,Low,0.686,No,0.455,No
S02364,2026,Fall,Social Work,BSW,Undergraduate,Male,White,18,In-state,No,No,9438.0,27,27,100.0,97.6,62.2,1,2,0,2.5,Low,0.587,No,0.404,No
S02365,2026,Fall,Social Work,MSW,Graduate,Male,Multiracial,30,In-state,Yes,Yes,5581.0,27,23,86.4,60.3,65.1,0,1,1,2.42,High,0.265,No,0.106,Yes
S02366,2025,Fall,Public Health,BS Public Health,Undergraduate,Female,White,20,Out-of-state,Yes,Yes,3099.0,33,33,100.0,83.6,88.6,4,2,1,1.85,Medium,0.559,Yes,0.339,No
S02367,2023,Spring,Nutrition,BS Nutrition,Undergraduate,Male,Multiracial,20,Out-of-state,No,Yes,767.0,24,24,98.7,81.9,83.2,3,3,2,3.05,Low,0.763,Yes,0.546,Yes
S02368,2025,Fall,Health Administration,BS Health Administration,Undergraduate,Female,White,18,Out-of-state,No,Yes,4623.0,33,33,100.0,92.1,70.4,2,0,1,4.0,Low,0.832,Yes,0.801,Yes
S02369,2023,Fall,Health Administration,MHA,Graduate,Female,Black,33,Out-of-state,Yes,No,10124.0,24,22,93.5,78.9,69.6,2,1,5,3.97,Medium,0.709,Yes,0.681,No
S02370,2025,Fall,Public Health,MPH,Graduate,Female,Black,22,In-state,No,Yes,4106.0,21,21,100.0,76.8,65.7,3,1,3,3.34,Low,0.721,Yes,0.511,Yes
S02371,2024,Spring,Nutrition,MS Nutrition,Graduate,Male,Multiracial,27,In-state,Yes,Yes,6365.0,24,21,85.9,79.9,60.4,0,2,1,2.72,High,0.379,No,0.191,No
S02372,2025,Fall,Nutrition,BS Nutrition,Undergraduate,Female,Other/Unknown,22,In-state,Yes,Yes,4786.0,31,25,79.9,69.9,74.7,5,3,1,2.81,High,0.482,No,0.287,Yes
S02373,2023,Fall,Public Health,BS Public Health,Undergraduate,Male,White,23,Out-of-state,Yes,Yes,2011.0,32,26,80.4,79.8,65.1,3,2,2,1.44,High,0.283,Yes,0.085,No
S02374,2023,Spring,Data Science,MS Health Data Science,Graduate,Male,White,34,Out-of-state,No,Yes,10333.0,18,18,100.0,89.4,66.4,2,1,2,3.31,Low,0.708,Yes,0.546,Yes
S02375,2025,Spring,Data Science,BS Health Data Science,Undergraduate,Female,Other/Unknown,18,In-state,Yes,Yes,3725.0,30,30,100.0,88.5,90.3,1,3,2,3.05,Low,0.757,Yes,0.606,No
S02376,2025,Fall,Public Health,MS Epidemiology,Graduate,Female,White,34,Out-of-state,No,No,11020.0,24,24,100.0,100.0,78.4,5,0,1,4.0,Low,0.875,Yes,0.849,Yes
S02377,2022,Fall,Data Science,MS Health Data Science,Graduate,Female,Asian,22,In-state,No,Yes,3033.0,30,30,100.0,81.8,63.8,0,0,4,3.12,Low,0.666,Yes,0.471,No
S02378,2025,Fall,Public Health,BS Public Health,Undergraduate,Female,Hispanic/Latino,19,Out-of-state,No,Yes,6910.0,30,26,87.4,78.4,71.3,2,0,3,2.64,Medium,0.521,Yes,0.369,No
S02379,2025,Spring,Data Science,BS Health Data Science,Undergraduate,Male,Black,20,In-state,No,Yes,11242.0,31,31,100.0,81.2,75.3,1,2,0,3.62,Low,0.698,Yes,0.66,Yes
S02380,2022,Spring,Data Science,BS Health Data Science,Undergraduate,Male,White,24,Out-of-state,Yes,No,11447.0,32,32,100.0,75.6,49.4,3,1,1,3.03,Medium,0.466,No,0.43,No
S02381,2025,Fall,Data Science,BS Health Data Science,Undergraduate,Male,Black,25,In-state,No,No,5227.0,24,21,85.6,73.9,37.4,0,1,4,2.4,High,0.233,No,0.095,No
S02382,2023,Spring,Health Administration,BS Health Administration,Undergraduate,Male,White,22,In-state,No,Yes,2221.0,31,31,100.0,73.3,75.2,2,2,3,3.85,Low,0.776,Yes,0.685,No
S02383,2024,Fall,Public Health,MS Epidemiology,Graduate,Female,Black,27,Out-of-state,Yes,Yes,6016.0,24,24,100.0,78.8,88.0,1,0,1,3.83,Low,0.8,Yes,0.696,Yes
S02384,2024,Spring,Data Science,BS Health Data Science,Undergraduate,Male,White,19,In-state,No,Yes,2411.0,32,30,94.3,79.9,57.5,3,3,0,3.32,Low,0.707,Yes,0.551,No
S02385,2025,Spring,Social Work,BSW,Undergraduate,Male,Multiracial,23,Out-of-state,Yes,No,5289.0,30,25,84.3,91.4,76.2,1,0,1,2.54,Low,0.647,No,0.413,Yes
S02386,2026,Fall,Health Administration,MHA,Graduate,Male,Other/Unknown,29,In-state,Yes,Yes,7191.0,30,25,84.4,72.0,61.2,1,1,3,2.97,Low,0.563,No,0.356,No
S02387,2025,Spring,Social Work,MSW,Graduate,Female,White,22,Out-of-state,Yes,Yes,10734.0,21,21,100.0,90.2,61.0,1,1,0,3.57,Low,0.711,No,0.597,Yes
S02388,2025,Spring,Public Health,MS Epidemiology,Graduate,Female,Hispanic/Latino,38,In-state,No,Yes,7953.0,18,15,83.4,79.6,87.5,0,2,4,2.89,Medium,0.593,Yes,0.392,Yes
S02389,2024,Fall,Data Science,MS Health Data Science,Graduate,Female,Multiracial,27,International,Yes,No,7384.0,24,22,93.0,72.6,66.6,1,2,1,2.46,Medium,0.438,Yes,0.247,Yes
S02390,2025,Fall,Social Work,BSW,Undergraduate,Male,White,20,In-state,Yes,Yes,3892.0,27,27,100.0,86.8,97.9,1,4,1,3.48,Low,0.814,Yes,0.706,No
S02391,2026,Fall,Nutrition,BS Nutrition,Undergraduate,Female,White,19,In-state,Yes,Yes,2792.0,30,30,98.9,71.1,74.1,1,5,2,3.1,Low,0.644,Yes,0.454,Yes
S02392,2022,Fall,Public Health,MS Epidemiology,Graduate,Male,White,27,International,Yes,No,6598.0,27,27,98.7,71.1,77.4,3,1,1,3.52,Low,0.732,No,0.598,No
S02393,2022,Fall,Social Work,BSW,Undergraduate,Male,Hispanic/Latino,24,In-state,No,Yes,3998.0,27,22,81.9,86.6,62.7,4,2,0,1.68,Medium,0.449,No,0.198,No
S02394,2023,Spring,Data Science,BS Health Data Science,Undergraduate,Female,White,21,In-state,No,Yes,3541.0,30,26,87.6,65.9,60.0,6,4,0,2.71,Medium,0.538,Yes,0.352,No
S02395,2026,Spring,Public Health,BS Public Health,Undergraduate,Female,White,21,In-state,No,Yes,4798.0,30,26,87.5,80.8,55.0,2,2,2,2.64,Low,0.56,Yes,0.331,Yes
S02396,2024,Fall,Nutrition,BS Nutrition,Undergraduate,Female,Hispanic/Latino,23,International,Yes,Yes,12393.0,27,23,85.2,73.6,74.0,2,2,3,2.81,Medium,0.477,No,0.375,No
S02397,2026,Fall,Social Work,BSW,Undergraduate,Female,White,20,In-state,No,Yes,1632.0,27,20,74.7,66.9,87.7,2,2,0,2.26,High,0.394,No,0.149,Yes
S02398,2024,Spring,Nutrition,BS Nutrition,Undergraduate,Female,Black,20,In-state,No,Yes,6642.0,31,29,93.5,95.1,49.5,3,0,1,2.53,Low,0.602,No,0.404,Yes
S02399,2022,Spring,Social Work,MSW,Graduate,Male,Black,22,In-state,No,Yes,3786.0,21,21,100.0,79.7,34.7,2,3,3,3.61,Medium,0.607,Yes,0.471,No
S02400,2026,Spring,Nutrition,MS Nutrition,Graduate,Male,Black,31,In-state,No,Yes,1399.0,18,16,87.5,87.0,67.9,1,4,2,3.55,Low,0.783,Yes,0.565,Yes
S02401,2022,Spring,Data Science,MS Health Data Science,Graduate,Male,White,25,In-state,No,Yes,6545.0,30,27,91.2,90.1,61.7,5,0,1,3.51,Low,0.795,Yes,0.689,No
S02402,2024,Fall,Data Science,BS Health Data Science,Undergraduate,Female,Asian,22,In-state,Yes,Yes,6041.0,31,31,100.0,90.6,100.0,0,2,3,3.81,Low,0.837,Yes,0.796,No
S02403,2024,Fall,Data Science,BS Health Data Science,Undergraduate,Male,Hispanic/Latino,20,Out-of-state,No,Yes,7823.0,31,29,93.6,76.5,66.3,3,0,1,2.42,Medium,0.468,Yes,0.325,No
S02404,2023,Spring,Nutrition,BS Nutrition,Undergraduate,Male,Hispanic/Latino,22,International,No,Yes,2542.0,33,33,100.0,89.3,84.5,2,0,0,4.0,Low,0.86,Yes,0.82,No
S02405,2026,Spring,Data Science,MS Health Data Science,Graduate,Female,White,23,In-state,No,No,6749.0,24,24,100.0,59.5,48.1,1,0,4,3.49,Medium,0.474,No,0.36,No
S02406,2025,Spring,Health Administration,BS Health Administration,Undergraduate,Female,White,20,In-state,Yes,Yes,0.0,30,24,81.5,75.8,52.0,2,0,0,1.61,High,0.251,No,0.069,No
S02407,2022,Spring,Data Science,BS Health Data Science,Undergraduate,Female,Asian,18,In-state,No,No,8350.0,24,23,94.2,92.4,64.5,2,0,0,2.46,Low,0.592,No,0.368,No
S02408,2025,Fall,Public Health,BS Public Health,Undergraduate,Female,Hispanic/Latino,24,In-state,No,No,6401.0,27,22,81.2,77.9,62.6,0,1,0,1.87,High,0.242,No,0.088,Yes
S02409,2024,Spring,Health Administration,MHA,Graduate,Female,White,34,Out-of-state,No,Yes,5869.0,21,21,100.0,88.3,71.6,1,3,0,4.0,Low,0.815,Yes,0.72,No
S02410,2025,Fall,Public Health,MS Epidemiology,Graduate,Male,White,27,In-state,No,No,6663.0,27,27,100.0,80.0,82.3,1,2,1,2.81,Low,0.656,Yes,0.446,No
S02411,2024,Spring,Social Work,MSW,Graduate,Male,Multiracial,27,In-state,Yes,Yes,1055.0,18,17,97.0,81.2,79.2,0,1,3,3.12,Low,0.725,Yes,0.443,No
S02412,2023,Spring,Health Administration,MHA,Graduate,Female,White,39,In-state,No,Yes,4046.0,21,17,82.2,65.6,70.5,0,3,1,2.42,High,0.317,No,0.112,No
S02413,2022,Fall,Data Science,BS Health Data Science,Undergraduate,Female,Black,21,In-state,No,Yes,2068.0,24,22,92.7,86.9,46.2,0,2,1,2.93,Low,0.596,No,0.348,No
S02414,2025,Spring,Public Health,MPH,Graduate,Female,White,35,In-state,Yes,Yes,7191.0,30,28,92.2,71.0,89.4,1,2,2,2.65,Medium,0.542,No,0.38,No
S02415,2025,Fall,Nutrition,BS Nutrition,Undergraduate,Female,Black,18,Out-of-state,No,No,14654.0,32,29,90.0,62.5,66.2,2,0,0,3.38,Medium,0.458,No,0.461,Yes
S02416,2025,Spring,Social Work,MSW,Graduate,Female,Black,32,In-state,No,Yes,6039.0,27,27,99.1,79.8,60.9,2,0,2,3.63,Low,0.727,No,0.603,No
S02417,2022,Spring,Social Work,MSW,Graduate,Female,Hispanic/Latino,27,In-state,Yes,Yes,0.0,18,18,100.0,80.1,69.5,2,0,0,4.0,Low,0.83,Yes,0.672,Yes
S02418,2025,Spring,Health Administration,BS Health Administration,Undergraduate,Female,Hispanic/Latino,19,In-state,No,No,4010.0,31,31,100.0,85.0,57.3,1,0,0,3.62,Low,0.722,No,0.623,Yes
S02419,2023,Spring,Nutrition,MS Nutrition,Graduate,Female,Asian,22,In-state,No,Yes,2733.0,21,21,98.6,88.8,59.0,1,0,1,3.1,Low,0.702,Yes,0.46,Yes
S02420,2022,Spring,Public Health,BS Public Health,Undergraduate,Female,Asian,18,In-state,No,No,9723.0,33,33,100.0,81.3,100.0,5,3,3,3.6,Low,0.825,Yes,0.794,Yes
S02421,2025,Spring,Social Work,MSW,Graduate,Nonbinary,Black,32,Out-of-state,No,Yes,4914.0,21,20,96.8,79.7,62.8,3,0,2,2.87,Medium,0.595,No,0.391,Yes
S02422,2025,Spring,Social Work,MSW,Graduate,Female,Black,40,In-state,Yes,Yes,4853.0,27,26,94.6,100.0,73.7,1,2,4,3.66,Low,0.83,Yes,0.737,Yes
S02423,2024,Fall,Social Work,BSW,Undergraduate,Male,White,18,In-state,No,No,10789.0,27,22,79.7,81.1,65.3,0,0,0,2.3,High,0.283,No,0.146,No
S02424,2026,Spring,Nutrition,MS Nutrition,Graduate,Male,White,32,International,No,Yes,5911.0,18,18,100.0,57.9,51.7,6,0,2,3.33,Medium,0.561,Yes,0.385,No
S02425,2023,Spring,Public Health,MS Epidemiology,Graduate,Female,White,29,Out-of-state,No,No,4125.0,30,30,100.0,70.3,52.7,1,1,0,4.0,Low,0.709,Yes,0.61,Yes
S02426,2024,Fall,Nutrition,BS Nutrition,Undergraduate,Female,White,23,In-state,No,No,14476.0,32,32,100.0,82.7,75.2,4,1,2,4.0,Low,0.773,Yes,0.795,No
S02427,2024,Spring,Public Health,BS Public Health,Undergraduate,Female,Asian,24,Out-of-state,Yes,Yes,7696.0,30,28,94.9,64.6,35.5,1,0,0,2.81,High,0.236,No,0.138,Yes
S02428,2024,Fall,Health Administration,BS Health Administration,Undergraduate,Male,Hispanic/Latino,18,In-state,Yes,Yes,2520.0,30,27,90.3,68.1,66.5,1,1,2,2.25,High,0.306,No,0.128,No
S02429,2026,Spring,Health Administration,MHA,Graduate,Female,Black,32,Out-of-state,Yes,Yes,8205.0,21,19,89.5,72.5,66.2,2,0,2,3.12,Low,0.616,Yes,0.398,Yes
S02430,2025,Fall,Nutrition,MS Nutrition,Graduate,Female,Other/Unknown,32,Out-of-state,No,Yes,9409.0,18,16,87.6,70.0,49.9,1,2,3,2.74,Medium,0.392,Yes,0.221,No
S02431,2022,Spring,Data Science,BS Health Data Science,Undergraduate,Female,Black,25,In-state,Yes,No,4419.0,33,32,97.5,82.5,73.8,4,0,3,2.79,Low,0.693,Yes,0.515,No
S02432,2023,Fall,Nutrition,BS Nutrition,Undergraduate,Female,Multiracial,23,In-state,Yes,No,1934.0,27,25,92.8,78.2,97.8,4,4,1,2.67,Medium,0.695,No,0.498,Yes
S02433,2025,Fall,Social Work,MSW,Graduate,Female,Hispanic/Latino,24,In-state,No,Yes,2171.0,30,30,100.0,79.2,70.3,2,4,1,3.53,Low,0.765,Yes,0.621,Yes
S02434,2023,Spring,Health Administration,BS Health Administration,Undergraduate,Female,Hispanic/Latino,25,Out-of-state,No,No,13602.0,27,27,100.0,86.4,73.4,2,3,2,3.87,Low,0.744,No,0.732,Yes
S02435,2026,Spring,Social Work,MSW,Graduate,Female,White,28,Out-of-state,Yes,Yes,6983.0,18,14,76.6,69.7,65.3,0,0,2,2.5,High,0.306,No,0.115,Yes
S02436,2026,Fall,Data Science,BS Health Data Science,Undergraduate,Male,White,23,In-state,No,No,2777.0,31,27,86.3,89.0,58.1,0,4,0,3.22,Low,0.682,Yes,0.505,Yes
S02437,2025,Spring,Social Work,BSW,Undergraduate,Male,Black,22,In-state,Yes,Yes,5839.0,27,26,95.8,90.2,73.4,0,2,1,3.72,Low,0.77,Yes,0.683,No
S02438,2024,Spring,Health Administration,BS Health Administration,Undergraduate,Male,White,18,In-state,No,No,14225.0,24,24,98.5,82.7,63.1,2,1,0,3.68,Low,0.668,No,0.624,No
S02439,2022,Spring,Data Science,BS Health Data Science,Undergraduate,Male,Multiracial,19,In-state,Yes,Yes,4664.0,32,32,100.0,86.8,60.3,3,4,4,3.63,Low,0.765,Yes,0.688,Yes
S02440,2024,Spring,Social Work,BSW,Undergraduate,Female,White,22,Out-of-state,Yes,No,14626.0,24,24,99.1,91.1,78.1,5,1,2,3.11,Low,0.72,Yes,0.638,Yes
S02441,2025,Fall,Nutrition,BS Nutrition,Undergraduate,Female,Black,20,In-state,Yes,Yes,1923.0,32,27,84.1,85.4,76.2,4,4,3,2.8,Low,0.735,No,0.515,Yes
S02442,2023,Spring,Nutrition,MS Nutrition,Graduate,Female,Black,28,In-state,No,Yes,6361.0,27,25,92.2,89.6,78.9,2,3,1,3.48,Low,0.792,Yes,0.671,Yes
S02443,2023,Spring,Health Administration,MHA,Graduate,Female,White,31,Out-of-state,No,Yes,11568.0,30,30,100.0,85.6,100.0,5,1,5,3.2,Low,0.801,Yes,0.725,Yes
S02444,2025,Spring,Health Administration,BS Health Administration,Undergraduate,Female,White,24,Out-of-state,No,No,10236.0,32,32,100.0,81.0,76.6,6,4,0,4.0,Low,0.823,Yes,0.817,Yes
S02445,2025,Fall,Nutrition,BS Nutrition,Undergraduate,Male,White,21,In-state,No,No,1910.0,24,24,100.0,88.2,71.4,1,1,0,3.65,Low,0.79,Yes,0.654,Yes
S02446,2023,Fall,Social Work,BSW,Undergraduate,Female,Black,23,In-state,Yes,Yes,0.0,27,27,100.0,87.8,75.5,5,2,0,3.34,Low,0.828,Yes,0.681,Yes
S02447,2023,Spring,Data Science,MS Health Data Science,Graduate,Male,White,28,In-state,Yes,Yes,546.0,24,24,99.7,66.0,37.4,2,1,1,3.28,High,0.41,No,0.214,No
S02448,2023,Fall,Health Administration,BS Health Administration,Undergraduate,Female,White,23,Out-of-state,Yes,No,11339.0,33,28,83.9,82.7,51.7,2,0,0,2.79,Medium,0.456,Yes,0.379,No
S02449,2026,Fall,Public Health,MS Epidemiology,Graduate,Male,Hispanic/Latino,31,In-state,Yes,Yes,6933.0,21,18,86.4,68.5,40.9,0,3,3,2.94,High,0.29,No,0.136,No
S02450,2022,Fall,Public Health,MPH,Graduate,Female,White,22,In-state,No,Yes,5392.0,30,30,98.5,62.3,66.2,2,4,2,3.06,Medium,0.517,Yes,0.383,No
S02451,2023,Fall,Public Health,BS Public Health,Undergraduate,Female,Hispanic/Latino,19,In-state,Yes,Yes,5438.0,27,27,98.8,66.0,57.4,0,2,2,2.42,High,0.254,No,0.119,No
S02452,2026,Spring,Health Administration,MHA,Graduate,Female,White,28,In-state,No,No,11767.0,30,28,92.2,82.9,100.0,3,2,2,3.29,Low,0.772,No,0.688,Yes
S02453,2022,Fall,Public Health,MPH,Graduate,Female,Asian,27,In-state,Yes,Yes,2930.0,30,30,100.0,85.1,95.3,3,0,3,3.98,Low,0.882,Yes,0.825,No
S02454,2023,Spring,Data Science,MS Health Data Science,Graduate,Female,Hispanic/Latino,29,In-state,Yes,Yes,2764.0,27,27,100.0,80.1,93.0,3,0,2,3.35,Low,0.811,No,0.659,Yes
S02455,2026,Spring,Data Science,MS Health Data Science,Graduate,Male,Hispanic/Latino,33,Out-of-state,Yes,Yes,9862.0,21,21,100.0,93.8,89.9,5,0,5,4.0,Low,0.883,Yes,0.84,Yes
S02456,2026,Fall,Nutrition,BS Nutrition,Undergraduate,Female,Multiracial,23,In-state,No,Yes,4984.0,32,31,97.9,83.6,71.9,4,2,1,2.94,Low,0.708,No,0.549,Yes
S02457,2023,Fall,Public Health,MPH,Graduate,Female,White,22,In-state,No,Yes,5544.0,27,27,100.0,95.5,74.1,3,2,3,4.0,Low,0.864,Yes,0.812,No
S02458,2022,Fall,Health Administration,MHA,Graduate,Male,Black,28,In-state,Yes,No,13585.0,27,27,100.0,93.3,72.0,0,1,1,3.4,Medium,0.639,Yes,0.625,Yes
S02459,2024,Spring,Nutrition,BS Nutrition,Undergraduate,Female,Asian,22,In-state,No,No,9292.0,33,33,100.0,100.0,79.8,2,2,1,3.17,Low,0.764,Yes,0.699,Yes
S02460,2025,Spring,Social Work,MSW,Graduate,Female,White,28,In-state,No,Yes,0.0,24,24,100.0,94.6,57.9,5,3,2,3.83,Low,0.867,Yes,0.754,Yes
S02461,2025,Fall,Public Health,BS Public Health,Undergraduate,Female,White,19,Out-of-state,No,Yes,11855.0,30,30,99.3,74.2,79.6,4,4,3,2.78,Medium,0.539,Yes,0.469,Yes
S02462,2025,Fall,Social Work,MSW,Graduate,Female,Black,31,In-state,Yes,No,7140.0,18,18,100.0,74.6,67.9,5,1,1,3.28,Low,0.716,No,0.51,Yes
S02463,2025,Spring,Health Administration,BS Health Administration,Undergraduate,Female,Hispanic/Latino,25,In-state,No,Yes,0.0,32,29,92.1,69.0,69.7,4,1,2,2.54,Medium,0.556,No,0.34,No
S02464,2024,Spring,Nutrition,BS Nutrition,Undergraduate,Female,Hispanic/Latino,18,Out-of-state,No,No,14797.0,24,18,75.1,74.2,60.9,2,1,3,2.29,High,0.241,No,0.125,No
S02465,2025,Fall,Nutrition,BS Nutrition,Undergraduate,Male,Other/Unknown,18,In-state,Yes,No,1366.0,30,28,92.3,91.6,87.4,1,2,0,3.1,Low,0.784,Yes,0.616,Yes
S02466,2025,Spring,Nutrition,BS Nutrition,Undergraduate,Female,White,23,International,Yes,No,17302.0,24,23,95.2,68.6,67.2,1,2,0,2.63,High,0.242,No,0.169,No
S02467,2024,Fall,Health Administration,BS Health Administration,Undergraduate,Male,White,18,Out-of-state,Yes,Yes,508.0,33,33,100.0,92.2,89.2,1,0,2,3.74,Low,0.855,No,0.786,Yes
S02468,2022,Fall,Public Health,BS Public Health,Undergraduate,Female,White,23,In-state,No,No,12617.0,33,33,100.0,88.8,71.9,3,1,0,4.0,Low,0.787,Yes,0.804,No
S02469,2026,Spring,Health Administration,MHA,Graduate,Female,White,22,Out-of-state,Yes,Yes,5450.0,24,24,100.0,83.0,49.1,1,1,4,3.8,Low,0.718,Yes,0.588,No
S02470,2025,Spring,Data Science,BS Health Data Science,Undergraduate,Male,White,18,In-state,Yes,No,7477.0,24,20,85.1,77.1,46.7,1,1,0,2.95,Low,0.515,Yes,0.308,No
S02471,2023,Spring,Public Health,BS Public Health,Undergraduate,Female,Black,21,Out-of-state,Yes,Yes,11847.0,32,23,72.3,71.3,46.1,5,2,1,2.68,High,0.309,No,0.189,Yes
S02472,2026,Spring,Health Administration,MHA,Graduate,Female,Black,22,Out-of-state,No,No,12051.0,21,19,89.1,74.2,56.7,0,2,2,3.17,Medium,0.462,Yes,0.351,Yes
S02473,2024,Fall,Health Administration,BS Health Administration,Undergraduate,Male,Hispanic/Latino,22,In-state,No,Yes,1348.0,32,29,91.3,70.0,100.0,3,2,0,3.02,Medium,0.701,No,0.552,Yes
S02474,2022,Fall,Data Science,BS Health Data Science,Undergraduate,Female,White,21,Out-of-state,No,Yes,6910.0,32,32,100.0,100.0,71.5,2,3,2,4.0,Low,0.845,Yes,0.829,Yes
S02475,2026,Spring,Health Administration,MHA,Graduate,Female,Asian,26,International,Yes,Yes,7406.0,18,18,100.0,74.8,89.7,1,1,2,3.72,Low,0.767,Yes,0.62,Yes
S02476,2025,Spring,Health Administration,MHA,Graduate,Male,White,22,In-state,No,No,8887.0,21,21,100.0,79.4,56.3,1,4,0,3.3,Low,0.621,Yes,0.444,No
S02477,2025,Spring,Public Health,MPH,Graduate,Male,White,38,In-state,No,No,8589.0,27,27,100.0,66.3,59.2,2,0,2,3.82,Medium,0.605,No,0.564,No
S02478,2025,Spring,Public Health,BS Public Health,Undergraduate,Female,Hispanic/Latino,22,In-state,No,Yes,5167.0,24,24,100.0,92.8,82.9,1,3,1,3.53,Low,0.799,Yes,0.688,Yes
S02479,2023,Fall,Nutrition,MS Nutrition,Graduate,Female,White,22,Out-of-state,No,Yes,9087.0,18,18,100.0,85.3,81.3,1,0,3,4.0,Low,0.806,Yes,0.718,Yes
S02480,2026,Spring,Data Science,BS Health Data Science,Undergraduate,Female,Asian,19,In-state,No,Yes,6432.0,32,32,100.0,80.4,84.6,2,4,2,3.92,Low,0.805,Yes,0.767,Yes
S02481,2026,Spring,Social Work,MSW,Graduate,Female,Black,36,In-state,No,Yes,4987.0,30,30,100.0,71.5,80.3,2,2,1,3.43,Low,0.726,Yes,0.584,No
S02482,2025,Spring,Nutrition,BS Nutrition,Undergraduate,Female,White,20,In-state,No,Yes,178.0,31,28,89.9,79.1,62.8,1,3,2,2.9,Medium,0.584,No,0.402,Yes
S02483,2022,Fall,Nutrition,MS Nutrition,Graduate,Female,Hispanic/Latino,31,International,Yes,Yes,2955.0,30,26,87.3,79.9,50.5,2,2,3,2.67,Medium,0.521,No,0.319,No
S02484,2022,Spring,Nutrition,BS Nutrition,Undergraduate,Male,Asian,21,International,No,Yes,6116.0,33,32,96.7,100.0,85.0,4,3,0,3.5,Low,0.852,Yes,0.802,Yes
S02485,2024,Spring,Social Work,MSW,Graduate,Male,White,33,In-state,Yes,Yes,5972.0,24,24,100.0,95.6,89.9,5,5,4,3.41,Low,0.862,Yes,0.761,Yes
S02486,2025,Fall,Social Work,BSW,Undergraduate,Female,White,20,In-state,No,No,5415.0,24,18,75.2,79.4,71.3,2,2,0,2.38,High,0.388,No,0.171,No
S02487,2025,Fall,Social Work,MSW,Graduate,Male,Asian,29,In-state,No,No,8969.0,24,24,99.8,81.2,64.7,2,1,0,3.24,Low,0.666,Yes,0.506,No
S02488,2022,Fall,Public Health,BS Public Health,Undergraduate,Male,Other/Unknown,18,In-state,Yes,Yes,6133.0,27,24,89.3,90.0,68.6,3,1,0,3.25,Low,0.742,Yes,0.595,No
S02489,2026,Fall,Nutrition,BS Nutrition,Undergraduate,Female,White,23,International,Yes,No,10314.0,31,31,98.7,69.7,65.0,6,3,1,2.94,Medium,0.545,Yes,0.478,Yes
S02490,2024,Fall,Health Administration,BS Health Administration,Undergraduate,Male,Hispanic/Latino,19,In-state,No,Yes,5630.0,24,21,88.7,68.4,47.2,3,1,0,2.42,Medium,0.381,No,0.199,No
S02491,2022,Spring,Data Science,BS Health Data Science,Undergraduate,Female,Hispanic/Latino,20,In-state,No,Yes,4199.0,31,30,96.9,96.9,65.9,1,0,2,3.68,Low,0.797,Yes,0.722,No
S02492,2024,Fall,Public Health,BS Public Health,Undergraduate,Female,Black,18,In-state,Yes,Yes,7756.0,32,26,79.8,62.5,56.0,1,2,0,2.68,High,0.266,Yes,0.144,No
S02493,2023,Fall,Data Science,BS Health Data Science,Undergraduate,Nonbinary,Hispanic/Latino,21,In-state,No,Yes,6485.0,31,31,100.0,77.6,100.0,2,2,0,3.27,Low,0.759,Yes,0.653,No
S02494,2026,Spring,Health Administration,BS Health Administration,Undergraduate,Female,Black,24,In-state,No,No,6055.0,33,29,89.2,91.0,66.0,1,2,1,3.5,Low,0.741,No,0.646,No
S02495,2025,Fall,Public Health,BS Public Health,Undergraduate,Female,White,21,In-state,No,No,3475.0,33,31,95.4,100.0,77.8,4,0,0,3.11,Low,0.818,Yes,0.704,Yes
S02496,2022,Spring,Public Health,BS Public Health,Undergraduate,Female,Black,18,Out-of-state,Yes,Yes,9355.0,27,24,90.4,67.4,62.4,0,1,0,2.4,High,0.241,Yes,0.119,Yes
S02497,2022,Spring,Social Work,MSW,Graduate,Female,White,25,In-state,No,No,8581.0,27,26,98.1,73.7,57.0,2,1,3,3.53,Low,0.65,Yes,0.519,Yes
S02498,2026,Spring,Social Work,BSW,Undergraduate,Female,Black,20,In-state,No,No,7808.0,32,32,100.0,100.0,86.5,1,2,1,3.94,Low,0.852,Yes,0.838,Yes
S02499,2026,Spring,Public Health,MPH,Graduate,Male,White,29,Out-of-state,No,No,6420.0,30,30,100.0,83.4,72.1,0,0,2,3.55,Low,0.728,No,0.62,Yes
S02500,2022,Fall,Health Administration,BS Health Administration,Undergraduate,Female,Hispanic/Latino,18,Out-of-state,No,No,14607.0,31,30,96.7,70.1,77.7,2,1,3,2.27,High,0.268,No,0.176,No
S02501,2023,Fall,Data Science,BS Health Data Science,Undergraduate,Female,Multiracial,23,International,No,Yes,5295.0,32,32,100.0,74.0,73.8,4,4,0,3.53,Low,0.745,Yes,0.651,Yes
S02502,2025,Fall,Data Science,BS Health Data Science,Undergraduate,Female,Hispanic/Latino,18,International,No,Yes,8934.0,27,27,100.0,86.1,55.8,3,1,2,3.09,Low,0.64,Yes,0.504,Yes
S02503,2024,Spring,Public Health,BS Public Health,Undergraduate,Female,White,21,In-state,No,Yes,8238.0,24,22,91.6,90.4,59.7,4,0,2,3.16,Low,0.706,Yes,0.552,Yes
S02504,2025,Spring,Health Administration,MHA,Graduate,Female,Hispanic/Latino,31,In-state,No,Yes,7838.0,27,27,100.0,94.2,62.4,1,1,2,3.34,Low,0.725,Yes,0.601,Yes
S02505,2025,Fall,Public Health,BS Public Health,Undergraduate,Female,Black,23,Out-of-state,No,No,11694.0,31,29,92.0,84.8,68.8,7,2,0,3.1,Low,0.721,Yes,0.633,Yes
S02506,2024,Fall,Health Administration,MHA,Graduate,Female,Other/Unknown,36,In-state,No,Yes,2411.0,27,27,100.0,93.1,90.7,3,2,3,4.0,Low,0.896,Yes,0.837,Yes
S02507,2022,Fall,Data Science,MS Health Data Science,Graduate,Female,White,31,In-state,No,No,4973.0,27,27,100.0,87.0,27.2,5,3,1,3.12,Low,0.649,Yes,0.457,Yes
S02508,2025,Spring,Health Administration,BS Health Administration,Undergraduate,Male,White,22,In-state,No,No,7705.0,30,29,96.9,74.8,77.3,2,2,2,2.43,Medium,0.479,No,0.333,No
S02509,2026,Spring,Health Administration,BS Health Administration,Undergraduate,Female,White,21,Out-of-state,No,No,10318.0,30,30,99.4,65.8,82.5,1,0,3,2.84,High,0.359,Yes,0.255,No
S02510,2024,Fall,Data Science,BS Health Data Science,Undergraduate,Female,Asian,22,International,No,Yes,6595.0,31,26,83.0,93.6,61.9,2,2,3,3.05,Low,0.692,Yes,0.535,Yes
S02511,2026,Fall,Health Administration,MHA,Graduate,Male,White,31,In-state,No,No,7245.0,24,21,86.6,86.3,73.8,2,1,1,2.42,Low,0.615,Yes,0.343,No
S02512,2024,Spring,Nutrition,BS Nutrition,Undergraduate,Male,White,20,In-state,No,No,6771.0,31,31,100.0,92.0,93.3,0,0,2,2.97,Low,0.731,Yes,0.604,No
S02513,2024,Fall,Public Health,BS Public Health,Undergraduate,Female,Asian,18,In-state,No,Yes,2944.0,33,31,93.9,68.6,73.5,2,0,0,3.29,Medium,0.617,Yes,0.512,No
S02514,2023,Spring,Public Health,BS Public Health,Undergraduate,Female,Black,19,In-state,Yes,No,5732.0,32,25,76.8,86.8,57.6,0,2,2,2.71,Medium,0.503,No,0.349,Yes
S02515,2024,Fall,Data Science,BS Health Data Science,Undergraduate,Male,White,20,In-state,No,No,7639.0,30,27,89.8,63.0,73.0,4,1,1,2.71,Medium,0.485,No,0.344,No
S02516,2023,Fall,Data Science,MS Health Data Science,Graduate,Female,White,46,In-state,No,No,11980.0,21,20,94.1,78.1,60.1,1,1,3,3.18,Medium,0.517,Yes,0.412,No
S02517,2025,Spring,Data Science,BS Health Data Science,Undergraduate,Female,Other/Unknown,18,In-state,No,Yes,1024.0,24,20,81.8,79.8,46.0,2,1,2,2.69,Medium,0.507,No,0.28,Yes
S02518,2024,Spring,Health Administration,BS Health Administration,Undergraduate,Female,White,18,In-state,No,Yes,0.0,27,27,100.0,97.0,79.0,1,3,4,2.52,Low,0.725,Yes,0.464,No
S02519,2025,Fall,Social Work,BSW,Undergraduate,Female,Black,20,In-state,No,No,9984.0,32,32,100.0,84.9,53.8,2,0,2,3.66,Low,0.684,Yes,0.645,Yes
S02520,2022,Fall,Nutrition,MS Nutrition,Graduate,Female,Black,39,Out-of-state,No,Yes,8029.0,24,21,89.3,88.7,72.7,1,0,3,3.32,Low,0.726,Yes,0.564,No
S02521,2022,Fall,Data Science,BS Health Data Science,Undergraduate,Female,Hispanic/Latino,19,In-state,No,Yes,373.0,30,28,93.3,80.1,45.3,0,2,3,3.2,Low,0.615,Yes,0.405,No
S02522,2022,Fall,Public Health,BS Public Health,Undergraduate,Female,White,21,International,No,No,12578.0,33,33,99.1,100.0,100.0,1,3,0,3.77,Low,0.838,Yes,0.844,Yes
S02523,2026,Spring,Data Science,BS Health Data Science,Undergraduate,Female,Black,22,In-state,No,Yes,233.0,30,27,91.7,72.0,49.2,6,2,2,3.16,Low,0.692,Yes,0.472,Yes
S02524,2023,Spring,Data Science,MS Health Data Science,Graduate,Male,White,43,Out-of-state,No,No,8335.0,18,16,90.4,83.9,67.4,1,1,2,3.13,Low,0.659,Yes,0.435,No
S02525,2026,Fall,Health Administration,BS Health Administration,Undergraduate,Male,Hispanic/Latino,24,In-state,No,Yes,232.0,30,30,99.7,72.9,70.7,2,1,3,3.12,Low,0.687,Yes,0.48,Yes
S02526,2026,Spring,Health Administration,MHA,Graduate,Female,Other/Unknown,31,In-state,No,Yes,1671.0,30,30,100.0,82.3,75.5,0,0,1,4.0,Low,0.816,No,0.728,Yes
S02527,2023,Spring,Public Health,MS Epidemiology,Graduate,Male,Asian,29,In-state,No,No,11911.0,18,16,90.0,84.4,59.3,1,2,0,3.77,Low,0.696,No,0.577,No
S02528,2022,Spring,Public Health,BS Public Health,Undergraduate,Female,White,18,International,Yes,Yes,8816.0,30,28,94.2,75.7,40.0,3,2,3,2.89,High,0.332,No,0.222,No
S02529,2022,Fall,Public Health,MS Epidemiology,Graduate,Female,White,42,In-state,Yes,Yes,7189.0,21,18,86.3,100.0,100.0,5,1,3,2.91,Low,0.845,Yes,0.676,Yes
S02530,2022,Spring,Social Work,MSW,Graduate,Male,White,28,Out-of-state,No,Yes,1580.0,21,21,100.0,80.5,80.3,5,1,1,3.82,Low,0.859,Yes,0.731,Yes
S02531,2026,Fall,Public Health,MPH,Graduate,Female,Black,40,In-state,Yes,Yes,4311.0,30,30,100.0,79.4,63.9,3,4,3,4.0,Low,0.802,Yes,0.729,No
S02532,2025,Spring,Nutrition,BS Nutrition,Undergraduate,Female,White,19,In-state,No,Yes,3296.0,27,27,99.9,71.9,55.3,0,0,0,2.68,Medium,0.432,No,0.265,No
S02533,2025,Fall,Public Health,MPH,Graduate,Male,White,38,In-state,No,Yes,4925.0,18,18,100.0,77.9,75.9,1,2,3,3.75,Low,0.766,Yes,0.6,Yes
S02534,2023,Fall,Social Work,BSW,Undergraduate,Male,Black,21,International,No,Yes,8108.0,24,23,96.7,65.6,67.1,0,3,2,3.13,Medium,0.463,No,0.346,No
S02535,2022,Fall,Social Work,BSW,Undergraduate,Female,Black,20,In-state,No,Yes,8285.0,31,27,85.7,81.1,68.9,0,2,4,3.37,Low,0.65,No,0.532,Yes
S02536,2026,Spring,Health Administration,MHA,Graduate,Female,Asian,29,Out-of-state,No,Yes,8412.0,27,26,96.6,71.6,100.0,5,2,0,3.09,Low,0.758,Yes,0.601,Yes
S02537,2024,Spring,Health Administration,BS Health Administration,Undergraduate,Male,Black,21,In-state,Yes,Yes,5924.0,33,33,100.0,78.3,60.2,3,0,2,4.0,Low,0.764,Yes,0.727,Yes
S02538,2026,Spring,Public Health,BS Public Health,Undergraduate,Female,White,19,In-state,No,Yes,10494.0,33,31,94.4,76.0,83.0,0,0,2,2.9,High,0.404,No,0.31,No
S02539,2025,Spring,Data Science,MS Health Data Science,Graduate,Female,White,28,In-state,Yes,No,8644.0,18,16,87.7,100.0,44.3,1,4,4,3.48,Low,0.713,Yes,0.547,No
S02540,2024,Fall,Social Work,BSW,Undergraduate,Female,Hispanic/Latino,22,In-state,No,Yes,1529.0,30,27,90.4,64.6,65.0,1,3,0,2.98,Medium,0.511,No,0.339,No
S02541,2026,Spring,Public Health,BS Public Health,Undergraduate,Female,White,18,In-state,Yes,Yes,3883.0,31,31,100.0,78.9,100.0,5,1,0,3.8,Low,0.865,Yes,0.811,Yes
S02542,2023,Spring,Nutrition,BS Nutrition,Undergraduate,Male,Black,24,In-state,No,No,6909.0,30,30,99.4,91.7,59.4,3,4,2,2.8,Low,0.656,Yes,0.494,Yes
S02543,2022,Spring,Data Science,BS Health Data Science,Undergraduate,Male,Asian,20,In-state,No,Yes,3004.0,31,29,93.3,77.8,83.3,3,0,2,2.78,Medium,0.638,No,0.48,No
S02544,2024,Spring,Data Science,BS Health Data Science,Undergraduate,Female,Black,24,In-state,No,No,10928.0,24,22,93.0,94.9,61.7,3,0,0,2.78,Medium,0.58,Yes,0.47,No
S02545,2023,Fall,Nutrition,BS Nutrition,Undergraduate,Female,Asian,21,In-state,No,No,11970.0,24,24,100.0,96.4,76.2,2,2,1,3.3,Low,0.736,No,0.653,No
S02546,2023,Spring,Nutrition,BS Nutrition,Undergraduate,Male,White,19,In-state,Yes,No,9039.0,32,30,94.3,73.8,85.5,1,4,3,2.87,Medium,0.542,Yes,0.452,Yes
S02547,2022,Spring,Data Science,BS Health Data Science,Undergraduate,Female,Multiracial,21,In-state,No,Yes,9186.0,24,22,93.2,86.7,80.4,1,2,0,3.55,Low,0.743,No,0.641,No
S02548,2023,Fall,Social Work,BSW,Undergraduate,Female,Hispanic/Latino,23,Out-of-state,Yes,No,10145.0,33,33,100.0,81.0,75.5,4,3,2,3.89,Low,0.784,Yes,0.773,Yes
S02549,2024,Spring,Nutrition,MS Nutrition,Graduate,Nonbinary,White,35,In-state,Yes,No,7740.0,21,20,93.2,70.7,83.1,3,0,3,3.38,Low,0.719,Yes,0.539,Yes
S02550,2024,Fall,Health Administration,MHA,Graduate,Male,Asian,40,In-state,Yes,No,10000.0,21,21,99.2,86.6,58.5,3,1,4,2.91,Low,0.634,No,0.435,Yes
S02551,2026,Fall,Public Health,MPH,Graduate,Female,White,36,In-state,Yes,Yes,635.0,21,21,100.0,74.1,62.6,2,1,1,3.74,Low,0.762,Yes,0.567,Yes
S02552,2025,Fall,Nutrition,MS Nutrition,Graduate,Male,White,30,In-state,No,Yes,1455.0,21,21,100.0,97.4,92.0,5,3,2,4.0,Low,0.921,Yes,0.855,Yes
S02553,2026,Fall,Nutrition,MS Nutrition,Graduate,Male,Black,28,In-state,Yes,Yes,2630.0,18,17,95.2,79.4,61.1,1,2,3,3.67,Low,0.741,Yes,0.533,No
S02554,2024,Spring,Health Administration,BS Health Administration,Undergraduate,Male,Multiracial,23,Out-of-state,Yes,No,12672.0,30,29,96.4,85.6,90.6,1,1,1,2.14,High,0.361,No,0.229,Yes
S02555,2025,Fall,Public Health,BS Public Health,Undergraduate,Female,White,24,Out-of-state,Yes,Yes,5153.0,31,31,100.0,85.8,83.9,2,2,1,3.58,Low,0.794,Yes,0.717,Yes
S02556,2023,Spring,Health Administration,BS Health Administration,Undergraduate,Female,Other/Unknown,21,Out-of-state,No,Yes,5590.0,33,26,80.3,70.3,47.5,3,1,2,3.1,Medium,0.501,Yes,0.376,No
S02557,2024,Spring,Nutrition,MS Nutrition,Graduate,Male,White,29,Out-of-state,Yes,Yes,14738.0,18,17,96.8,87.5,43.5,4,3,2,2.87,Medium,0.493,No,0.375,No
S02558,2024,Fall,Health Administration,MHA,Graduate,Male,Hispanic/Latino,23,In-state,No,No,10494.0,18,18,100.0,83.1,64.6,2,0,1,3.97,Low,0.759,Yes,0.668,Yes
S02559,2026,Spring,Health Administration,BS Health Administration,Undergraduate,Female,Hispanic/Latino,23,In-state,No,No,5315.0,27,26,96.4,65.2,45.0,4,3,1,2.49,High,0.289,No,0.138,No
S02560,2022,Spring,Data Science,BS Health Data Science,Undergraduate,Female,White,22,In-state,Yes,Yes,2193.0,30,29,95.4,100.0,72.4,2,1,1,3.24,Low,0.803,Yes,0.673,Yes
S02561,2022,Fall,Nutrition,BS Nutrition,Undergraduate,Female,Black,24,In-state,Yes,Yes,7130.0,33,27,82.4,80.7,62.8,5,1,0,3.11,Low,0.69,Yes,0.54,Yes
S02562,2024,Spring,Health Administration,MHA,Graduate,Female,Hispanic/Latino,35,In-state,Yes,No,8978.0,24,24,98.3,72.1,65.4,1,0,2,3.25,Low,0.605,Yes,0.434,Yes
S02563,2025,Fall,Public Health,BS Public Health,Undergraduate,Male,Multiracial,22,International,No,No,7912.0,31,31,100.0,80.5,59.3,1,0,0,2.83,Low,0.553,No,0.398,No
S02564,2023,Fall,Health Administration,MHA,Graduate,Male,White,26,In-state,Yes,Yes,13836.0,30,27,90.4,77.1,74.7,3,1,3,3.24,Medium,0.593,Yes,0.554,Yes
S02565,2025,Fall,Data Science,BS Health Data Science,Undergraduate,Female,Black,23,In-state,No,No,7254.0,27,24,87.9,88.5,91.4,3,1,4,2.25,Medium,0.598,Yes,0.405,Yes
S02566,2022,Fall,Social Work,BSW,Undergraduate,Female,Multiracial,18,In-state,Yes,Yes,3114.0,31,31,100.0,84.3,40.9,1,2,1,3.47,Low,0.657,No,0.525,Yes
S02567,2025,Fall,Public Health,BS Public Health,Undergraduate,Female,Black,21,In-state,No,No,9382.0,30,29,98.0,91.6,68.6,3,5,3,3.08,Low,0.7,No,0.59,No
S02568,2025,Spring,Health Administration,BS Health Administration,Undergraduate,Female,White,21,In-state,No,Yes,4657.0,32,26,82.4,81.0,42.5,0,3,2,3.83,Medium,0.608,Yes,0.554,Yes
S02569,2022,Fall,Data Science,BS Health Data Science,Undergraduate,Male,White,22,In-state,No,Yes,746.0,27,26,95.5,81.7,65.1,3,2,4,2.85,Low,0.686,Yes,0.44,Yes
S02570,2026,Spring,Social Work,MSW,Graduate,Female,Hispanic/Latino,36,In-state,Yes,Yes,866.0,21,21,100.0,65.9,49.1,5,5,2,3.26,Medium,0.613,Yes,0.403,No
S02571,2026,Spring,Health Administration,BS Health Administration,Undergraduate,Male,Black,21,In-state,Yes,Yes,8550.0,33,27,83.0,74.7,74.0,0,1,3,2.17,High,0.281,No,0.14,Yes
S02572,2023,Fall,Health Administration,BS Health Administration,Undergraduate,Male,White,23,In-state,Yes,Yes,7047.0,33,30,89.9,86.8,53.6,1,2,0,2.37,Medium,0.44,Yes,0.301,No
S02573,2025,Spring,Social Work,MSW,Graduate,Female,Asian,26,In-state,Yes,No,5336.0,18,18,100.0,56.5,62.5,5,1,0,2.92,Medium,0.511,No,0.297,No
S02574,2025,Fall,Social Work,BSW,Undergraduate,Female,White,24,In-state,Yes,Yes,5140.0,24,24,100.0,91.7,69.1,3,1,1,4.0,Low,0.836,Yes,0.773,Yes
S02575,2023,Fall,Public Health,BS Public Health,Undergraduate,Female,Black,22,In-state,Yes,No,11092.0,24,23,97.1,94.8,70.9,3,1,0,3.67,Low,0.781,No,0.723,Yes
S02576,2022,Fall,Social Work,MSW,Graduate,Female,White,25,Out-of-state,No,No,13449.0,27,27,100.0,96.6,100.0,4,0,1,3.63,Low,0.853,Yes,0.825,Yes
S02577,2022,Fall,Data Science,BS Health Data Science,Undergraduate,Female,Black,25,Out-of-state,No,Yes,7880.0,27,27,100.0,81.2,66.7,0,4,1,3.91,Low,0.722,No,0.66,Yes
S02578,2026,Fall,Nutrition,MS Nutrition,Graduate,Male,White,22,In-state,No,No,4931.0,30,27,90.3,79.5,83.3,0,1,1,3.32,Medium,0.672,No,0.56,No
S02579,2024,Fall,Data Science,BS Health Data Science,Undergraduate,Female,Asian,25,In-state,No,No,10543.0,32,32,100.0,62.9,92.9,6,0,0,3.44,Medium,0.677,Yes,0.666,Yes
S02580,2025,Spring,Data Science,BS Health Data Science,Undergraduate,Male,White,21,In-state,Yes,Yes,6902.0,24,23,97.6,73.7,45.1,2,1,2,1.99,High,0.222,No,0.085,No
S02581,2025,Spring,Public Health,BS Public Health,Undergraduate,Female,Hispanic/Latino,24,In-state,No,Yes,836.0,31,31,100.0,91.7,88.4,4,4,2,3.83,Low,0.885,Yes,0.827,Yes
S02582,2026,Spring,Public Health,MS Epidemiology,Graduate,Female,White,31,In-state,No,No,6823.0,24,24,100.0,73.0,53.2,1,2,0,2.85,Medium,0.462,No,0.303,No
S02583,2022,Spring,Nutrition,BS Nutrition,Undergraduate,Female,White,23,In-state,No,Yes,3000.0,33,29,87.9,78.7,75.4,2,3,0,3.78,Low,0.784,Yes,0.689,Yes
S02584,2023,Spring,Public Health,BS Public Health,Undergraduate,Female,White,18,In-state,Yes,Yes,5596.0,33,32,98.0,71.1,65.5,5,1,2,4.0,Low,0.78,Yes,0.733,No
S02585,2024,Fall,Health Administration,BS Health Administration,Undergraduate,Female,White,23,In-state,Yes,No,12573.0,33,33,99.7,82.0,48.5,4,1,0,3.06,Low,0.574,Yes,0.501,Yes
S02586,2022,Spring,Nutrition,BS Nutrition,Undergraduate,Male,Black,20,Out-of-state,No,Yes,5076.0,33,26,80.0,72.2,75.6,2,4,1,3.22,Medium,0.612,Yes,0.495,No
S02587,2026,Fall,Health Administration,BS Health Administration,Undergraduate,Nonbinary,Black,23,In-state,No,Yes,6755.0,32,28,87.9,61.8,59.7,2,0,2,2.52,Medium,0.373,Yes,0.232,No
S02588,2022,Fall,Data Science,BS Health Data Science,Undergraduate,Male,Black,23,International,No,No,15494.0,24,23,97.2,80.2,95.8,5,1,0,2.51,Medium,0.569,Yes,0.472,Yes
S02589,2023,Fall,Data Science,BS Health Data Science,Undergraduate,Male,Asian,22,In-state,No,No,4272.0,24,21,86.5,74.3,91.6,3,3,1,2.28,Medium,0.557,No,0.317,No
S02590,2026,Spring,Nutrition,MS Nutrition,Graduate,Female,Hispanic/Latino,28,In-state,No,Yes,6793.0,24,24,100.0,100.0,86.9,5,0,3,4.0,Low,0.903,Yes,0.863,No
S02591,2024,Spring,Health Administration,BS Health Administration,Undergraduate,Male,White,22,International,Yes,Yes,10018.0,30,30,100.0,96.1,73.0,2,4,1,2.54,Medium,0.575,Yes,0.479,Yes
S02592,2022,Spring,Health Administration,BS Health Administration,Undergraduate,Male,White,21,International,Yes,Yes,6174.0,32,30,94.9,100.0,80.1,2,2,2,3.1,Low,0.778,Yes,0.669,Yes
S02593,2025,Spring,Nutrition,BS Nutrition,Undergraduate,Female,Asian,21,International,Yes,Yes,4522.0,31,28,89.6,62.5,62.2,2,2,3,1.95,High,0.232,Yes,0.088,No
S02594,2022,Fall,Nutrition,BS Nutrition,Undergraduate,Female,Hispanic/Latino,18,International,No,No,14295.0,24,24,100.0,81.8,80.4,5,2,2,3.38,Low,0.723,Yes,0.656,Yes
S02595,2024,Fall,Social Work,MSW,Graduate,Male,White,26,In-state,Yes,Yes,8759.0,30,30,100.0,90.8,92.9,1,1,2,3.61,Low,0.812,Yes,0.753,No
S02596,2025,Spring,Nutrition,MS Nutrition,Graduate,Female,Asian,37,In-state,No,Yes,10750.0,24,21,86.5,62.4,66.9,5,2,2,2.72,High,0.362,Yes,0.198,No
S02597,2023,Fall,Data Science,BS Health Data Science,Undergraduate,Female,Multiracial,18,In-state,No,No,8075.0,32,30,93.0,88.6,64.5,1,0,0,3.46,Low,0.705,Yes,0.624,Yes
S02598,2024,Fall,Data Science,MS Health Data Science,Graduate,Female,Other/Unknown,29,In-state,Yes,Yes,2737.0,18,18,100.0,83.7,59.1,3,3,2,3.31,Low,0.738,No,0.503,No
S02599,2022,Fall,Social Work,BSW,Undergraduate,Female,White,22,In-state,Yes,Yes,5922.0,24,24,100.0,91.0,71.3,0,2,2,2.89,Medium,0.599,Yes,0.458,No
S02600,2026,Spring,Health Administration,BS Health Administration,Undergraduate,Female,White,22,In-state,Yes,Yes,4484.0,30,29,95.7,78.3,48.7,2,3,1,2.52,Medium,0.446,No,0.287,Yes
S02601,2023,Spring,Health Administration,MHA,Graduate,Female,Hispanic/Latino,38,Out-of-state,No,Yes,4596.0,24,24,100.0,99.4,90.2,5,3,3,3.78,Low,0.901,Yes,0.837,No
S02602,2024,Fall,Nutrition,BS Nutrition,Undergraduate,Male,Black,19,In-state,No,Yes,9116.0,27,27,100.0,83.2,73.5,2,1,1,4.0,Low,0.78,Yes,0.744,Yes
S02603,2026,Fall,Public Health,MS Epidemiology,Graduate,Female,White,28,In-state,Yes,Yes,6823.0,30,30,100.0,73.2,55.6,0,3,4,3.3,Medium,0.526,Yes,0.437,Yes
S02604,2024,Fall,Nutrition,BS Nutrition,Undergraduate,Male,Hispanic/Latino,18,In-state,Yes,Yes,6327.0,27,25,92.6,69.4,100.0,3,3,2,2.29,High,0.429,No,0.219,No
S02605,2023,Spring,Health Administration,BS Health Administration,Undergraduate,Nonbinary,White,20,In-state,No,Yes,3175.0,24,23,94.9,64.8,88.3,1,1,2,4.0,Medium,0.726,Yes,0.654,No
S02606,2025,Fall,Nutrition,BS Nutrition,Undergraduate,Female,White,22,In-state,Yes,No,8044.0,30,30,100.0,82.0,66.1,4,1,1,3.87,Low,0.778,Yes,0.736,Yes
S02607,2024,Fall,Data Science,BS Health Data Science,Undergraduate,Female,Other/Unknown,24,In-state,Yes,No,12492.0,24,23,94.4,82.5,56.7,0,1,0,2.66,Medium,0.401,No,0.3,No
S02608,2025,Fall,Social Work,BSW,Undergraduate,Female,White,22,In-state,No,No,8824.0,32,32,100.0,96.6,64.0,1,2,1,3.27,Low,0.707,Yes,0.632,Yes
S02609,2026,Fall,Nutrition,BS Nutrition,Undergraduate,Female,Black,23,In-state,No,Yes,4586.0,27,27,100.0,77.8,50.0,2,3,0,3.62,Low,0.679,Yes,0.551,Yes
S02610,2025,Spring,Nutrition,BS Nutrition,Undergraduate,Female,White,18,In-state,No,No,7255.0,32,30,92.6,82.6,74.2,5,2,1,3.08,Low,0.726,No,0.6,Yes
S02611,2022,Spring,Social Work,BSW,Undergraduate,Male,White,21,Out-of-state,No,Yes,3153.0,24,24,100.0,84.2,66.2,3,0,0,3.12,Low,0.717,Yes,0.519,No
S02612,2026,Spring,Social Work,BSW,Undergraduate,Female,Black,20,In-state,Yes,Yes,7057.0,32,31,98.3,100.0,25.1,1,0,0,2.74,Medium,0.473,No,0.379,No
S02613,2026,Spring,Data Science,BS Health Data Science,Undergraduate,Female,White,20,Out-of-state,No,Yes,5917.0,27,27,100.0,100.0,83.4,2,0,0,3.98,Low,0.869,Yes,0.833,Yes
S02614,2025,Fall,Data Science,MS Health Data Science,Graduate,Female,White,28,Out-of-state,No,Yes,2847.0,24,24,100.0,64.4,66.0,3,2,1,3.16,Medium,0.589,No,0.405,No
S02615,2023,Fall,Data Science,BS Health Data Science,Undergraduate,Male,Black,19,In-state,No,No,4698.0,30,30,100.0,70.6,79.9,2,1,3,4.0,Low,0.778,Yes,0.714,Yes
S02616,2022,Fall,Social Work,BSW,Undergraduate,Female,Black,25,In-state,No,Yes,0.0,24,22,91.8,87.6,73.5,1,2,2,3.75,Low,0.815,Yes,0.671,Yes
S02617,2023,Spring,Data Science,MS Health Data Science,Graduate,Female,White,24,In-state,No,Yes,1711.0,21,21,100.0,81.6,90.0,4,4,5,3.05,Low,0.799,No,0.569,No
S02618,2023,Spring,Data Science,BS Health Data Science,Undergraduate,Male,White,19,Out-of-state,No,Yes,1002.0,30,30,100.0,68.7,94.8,1,1,2,2.61,Medium,0.584,Yes,0.387,Yes
S02619,2025,Fall,Data Science,BS Health Data Science,Undergraduate,Female,Asian,21,In-state,No,Yes,3909.0,33,33,100.0,85.7,97.7,2,2,1,3.34,Low,0.808,No,0.715,No
S02620,2022,Spring,Social Work,BSW,Undergraduate,Male,Asian,20,In-state,Yes,Yes,9160.0,31,24,75.9,82.8,67.7,4,2,0,2.3,High,0.384,No,0.211,No
S02621,2022,Spring,Public Health,BS Public Health,Undergraduate,Female,Multiracial,22,In-state,No,Yes,5610.0,24,22,93.7,97.4,53.5,4,2,1,3.38,Low,0.767,No,0.629,Yes
S02622,2022,Spring,Social Work,MSW,Graduate,Male,Black,32,International,No,Yes,7364.0,21,20,94.7,69.0,65.8,2,1,1,2.88,Medium,0.504,Yes,0.323,No
S02623,2022,Fall,Nutrition,BS Nutrition,Undergraduate,Male,White,20,In-state,No,Yes,5850.0,30,27,89.1,55.4,38.6,1,2,3,2.72,High,0.211,No,0.105,No
S02624,2026,Spring,Public Health,MPH,Graduate,Female,Black,24,In-state,Yes,Yes,3519.0,18,15,85.4,88.2,72.9,0,2,5,2.65,Medium,0.595,No,0.337,No
S02625,2025,Spring,Public Health,MPH,Graduate,Female,Hispanic/Latino,28,In-state,No,No,12366.0,18,18,100.0,83.7,86.8,2,1,2,3.6,Low,0.76,Yes,0.652,No
S02626,2022,Spring,Public Health,BS Public Health,Undergraduate,Male,Multiracial,25,In-state,Yes,Yes,8102.0,27,27,100.0,88.3,85.8,3,1,2,3.04,Low,0.74,Yes,0.608,Yes
S02627,2023,Spring,Nutrition,BS Nutrition,Undergraduate,Male,Asian,19,In-state,Yes,Yes,4490.0,27,25,93.7,71.2,86.0,3,3,0,3.4,Low,0.741,Yes,0.585,No
S02628,2026,Spring,Data Science,BS Health Data Science,Undergraduate,Female,Asian,23,International,No,Yes,0.0,31,31,98.9,83.0,73.4,3,3,1,2.27,Medium,0.582,No,0.36,No
S02629,2026,Spring,Data Science,BS Health Data Science,Undergraduate,Female,Black,21,Out-of-state,No,Yes,1461.0,24,23,94.2,72.2,88.1,2,2,1,3.6,Low,0.781,No,0.617,Yes
S02630,2022,Fall,Social Work,BSW,Undergraduate,Female,Asian,22,In-state,No,No,9576.0,24,23,95.1,63.8,54.4,0,0,1,2.84,High,0.257,Yes,0.146,No
S02631,2024,Spring,Nutrition,BS Nutrition,Undergraduate,Male,Other/Unknown,20,In-state,Yes,No,6817.0,31,26,84.5,73.5,73.8,2,1,2,2.53,Medium,0.485,No,0.323,No
S02632,2022,Spring,Health Administration,BS Health Administration,Undergraduate,Female,Asian,23,In-state,No,Yes,3075.0,24,24,100.0,77.3,50.9,2,0,3,3.97,Low,0.739,Yes,0.622,No
S02633,2024,Spring,Social Work,BSW,Undergraduate,Male,Hispanic/Latino,24,International,Yes,Yes,5337.0,32,32,100.0,70.6,74.9,1,1,0,3.51,Low,0.681,Yes,0.574,No
S02634,2025,Spring,Data Science,MS Health Data Science,Graduate,Female,White,35,In-state,No,No,7793.0,21,21,100.0,96.5,74.8,6,2,1,4.0,Low,0.884,Yes,0.831,Yes
S02635,2024,Spring,Public Health,BS Public Health,Undergraduate,Male,White,18,In-state,No,Yes,481.0,32,32,100.0,99.7,78.2,2,4,0,3.35,Low,0.834,Yes,0.727,Yes
S02636,2026,Spring,Data Science,MS Health Data Science,Graduate,Nonbinary,White,31,In-state,No,No,9042.0,27,27,100.0,93.8,75.8,4,2,0,4.0,Low,0.855,Yes,0.821,Yes
S02637,2025,Fall,Data Science,BS Health Data Science,Undergraduate,Female,Black,22,In-state,No,No,8331.0,33,29,86.4,75.2,52.9,3,1,0,2.74,Medium,0.46,No,0.35,No
S02638,2024,Spring,Nutrition,BS Nutrition,Undergraduate,Female,Hispanic/Latino,20,In-state,No,Yes,0.0,32,28,86.0,76.4,82.8,2,2,0,2.59,Medium,0.609,Yes,0.394,No
S02639,2025,Spring,Nutrition,BS Nutrition,Undergraduate,Nonbinary,Hispanic/Latino,21,In-state,No,Yes,10706.0,30,25,83.8,77.0,74.9,3,2,1,2.1,High,0.316,No,0.163,No
S02640,2024,Fall,Health Administration,MHA,Graduate,Female,White,29,In-state,Yes,Yes,1358.0,27,27,100.0,92.9,65.2,5,0,4,3.66,Low,0.855,Yes,0.746,Yes
S02641,2023,Fall,Nutrition,BS Nutrition,Undergraduate,Male,Asian,19,In-state,Yes,No,10325.0,27,26,96.6,81.4,60.2,2,3,0,2.65,Medium,0.466,No,0.354,No
S02642,2024,Spring,Health Administration,MHA,Graduate,Male,Other/Unknown,28,In-state,No,Yes,7098.0,24,22,91.8,70.8,65.2,4,2,1,3.1,Low,0.649,Yes,0.435,No
S02643,2025,Fall,Social Work,MSW,Graduate,Male,White,25,International,No,Yes,7690.0,30,30,100.0,69.7,69.0,1,3,1,3.47,Medium,0.591,Yes,0.525,No
S02644,2022,Fall,Nutrition,MS Nutrition,Graduate,Female,Black,27,In-state,Yes,No,10271.0,21,21,100.0,100.0,82.2,6,0,2,3.24,Low,0.834,No,0.729,Yes
S02645,2022,Spring,Nutrition,BS Nutrition,Undergraduate,Female,Multiracial,19,International,Yes,No,12102.0,30,30,100.0,89.4,61.2,3,3,1,2.71,Medium,0.525,Yes,0.462,Yes
S02646,2023,Spring,Health Administration,BS Health Administration,Undergraduate,Female,Other/Unknown,21,International,No,Yes,4621.0,24,21,85.9,64.6,71.1,1,4,0,2.36,High,0.3,Yes,0.121,No
S02647,2022,Fall,Nutrition,BS Nutrition,Undergraduate,Female,Asian,22,In-state,No,No,9762.0,33,33,98.7,82.2,66.2,1,1,2,3.3,Low,0.64,No,0.566,Yes
S02648,2025,Fall,Health Administration,BS Health Administration,Undergraduate,Female,White,24,International,No,No,18800.0,33,27,81.6,88.0,31.7,3,1,3,2.87,High,0.278,No,0.249,Yes
S02649,2022,Fall,Health Administration,BS Health Administration,Undergraduate,Nonbinary,Multiracial,18,International,No,Yes,5799.0,30,29,98.3,88.5,85.6,1,0,1,2.9,Low,0.709,Yes,0.545,No
S02650,2025,Fall,Public Health,BS Public Health,Undergraduate,Female,Black,20,Out-of-state,No,No,12677.0,27,27,100.0,98.9,87.7,4,4,2,3.48,Low,0.815,Yes,0.78,Yes
S02651,2025,Fall,Social Work,MSW,Graduate,Female,White,33,Out-of-state,No,Yes,2556.0,21,21,100.0,82.1,59.8,2,1,2,4.0,Low,0.801,Yes,0.669,Yes
S02652,2023,Fall,Social Work,BSW,Undergraduate,Male,Multiracial,22,In-state,Yes,No,5161.0,24,19,79.6,76.1,86.2,0,0,2,1.96,High,0.323,Yes,0.117,No
S02653,2023,Fall,Nutrition,MS Nutrition,Graduate,Male,Hispanic/Latino,45,In-state,No,Yes,5272.0,30,30,100.0,82.8,50.8,0,1,1,3.54,Low,0.671,Yes,0.542,Yes
S02654,2024,Spring,Social Work,BSW,Undergraduate,Female,Asian,22,Out-of-state,No,Yes,4680.0,24,24,100.0,87.0,72.0,0,1,2,3.87,Low,0.779,Yes,0.684,Yes
S02655,2025,Fall,Nutrition,BS Nutrition,Undergraduate,Male,White,23,In-state,No,No,2995.0,32,32,100.0,86.8,69.1,2,3,1,3.26,Low,0.74,Yes,0.607,Yes
S02656,2023,Spring,Data Science,MS Health Data Science,Graduate,Female,Hispanic/Latino,38,In-state,No,Yes,5834.0,18,17,92.6,82.6,62.4,0,1,3,3.45,Low,0.688,Yes,0.479,No
S02657,2025,Fall,Public Health,BS Public Health,Undergraduate,Female,White,21,In-state,Yes,Yes,6907.0,27,25,91.8,77.4,56.2,0,3,0,3.17,Medium,0.508,Yes,0.4,No
S02658,2024,Fall,Nutrition,BS Nutrition,Undergraduate,Female,White,18,Out-of-state,No,No,10919.0,32,29,90.8,82.5,60.8,4,0,0,3.28,Low,0.666,Yes,0.58,No
S02659,2022,Spring,Health Administration,BS Health Administration,Undergraduate,Male,Hispanic/Latino,23,International,No,No,11192.0,32,32,100.0,94.7,77.3,3,0,0,3.61,Low,0.789,Yes,0.769,Yes
S02660,2023,Fall,Nutrition,MS Nutrition,Graduate,Female,Hispanic/Latino,44,International,No,Yes,7478.0,18,14,78.0,68.6,59.3,4,1,3,2.16,High,0.3,Yes,0.101,No
S02661,2022,Fall,Social Work,BSW,Undergraduate,Female,White,22,In-state,Yes,Yes,4160.0,27,23,86.1,83.0,88.3,4,0,0,2.67,Low,0.724,Yes,0.485,No
S02662,2022,Fall,Nutrition,MS Nutrition,Graduate,Female,Asian,32,In-state,No,Yes,8644.0,21,21,100.0,92.4,64.0,0,1,2,3.41,Low,0.709,No,0.56,No
S02663,2022,Fall,Social Work,BSW,Undergraduate,Male,Black,21,In-state,No,No,2808.0,27,27,100.0,93.6,71.6,5,1,1,2.66,Low,0.748,Yes,0.534,No
S02664,2025,Fall,Social Work,BSW,Undergraduate,Male,Black,20,In-state,Yes,Yes,3695.0,31,28,90.5,80.2,57.2,1,2,1,3.39,Low,0.67,Yes,0.516,Yes
S02665,2022,Spring,Health Administration,BS Health Administration,Undergraduate,Female,Hispanic/Latino,22,International,No,Yes,6597.0,32,32,100.0,87.5,75.0,0,1,0,2.52,Medium,0.527,Yes,0.402,Yes
S02666,2024,Fall,Nutrition,BS Nutrition,Undergraduate,Female,Black,18,In-state,No,Yes,2520.0,30,30,99.4,99.3,100.0,2,3,2,3.64,Low,0.883,Yes,0.823,Yes
S02667,2022,Spring,Health Administration,BS Health Administration,Undergraduate,Male,Other/Unknown,20,International,No,Yes,4692.0,32,32,100.0,95.9,100.0,1,2,3,2.82,Low,0.776,Yes,0.635,Yes
S02668,2022,Spring,Data Science,BS Health Data Science,Undergraduate,Male,Black,22,Out-of-state,No,No,10930.0,27,27,100.0,86.5,100.0,4,1,3,4.0,Low,0.858,Yes,0.843,Yes
S02669,2025,Spring,Health Administration,BS Health Administration,Undergraduate,Male,White,24,International,Yes,Yes,5332.0,27,25,93.3,93.4,70.5,2,1,1,2.23,Medium,0.55,No,0.349,No
S02670,2026,Spring,Public Health,MS Epidemiology,Graduate,Female,White,42,In-state,Yes,No,12401.0,21,21,100.0,81.5,98.8,4,6,2,4.0,Low,0.844,Yes,0.801,Yes
S02671,2023,Spring,Public Health,BS Public Health,Undergraduate,Male,Asian,23,In-state,No,No,7310.0,32,29,90.8,74.8,59.7,3,1,1,2.09,Medium,0.389,Yes,0.229,No
S02672,2026,Fall,Public Health,MS Epidemiology,Graduate,Female,Multiracial,34,In-state,Yes,Yes,3819.0,18,18,100.0,64.6,72.8,2,2,3,3.84,Medium,0.686,Yes,0.55,Yes
S02673,2026,Fall,Health Administration,BS Health Administration,Undergraduate,Female,White,24,Out-of-state,Yes,No,13917.0,27,24,87.5,70.2,50.5,2,1,1,2.74,Medium,0.353,No,0.273,Yes
S02674,2022,Spring,Public Health,BS Public Health,Undergraduate,Female,White,22,Out-of-state,Yes,No,11846.0,30,30,100.0,90.1,92.3,5,1,0,3.35,Low,0.8,Yes,0.756,Yes
S02675,2022,Fall,Social Work,MSW,Graduate,Female,White,29,In-state,Yes,Yes,6387.0,18,16,87.2,74.9,80.8,0,0,1,2.27,High,0.351,Yes,0.132,Yes
S02676,2026,Fall,Social Work,BSW,Undergraduate,Female,Hispanic/Latino,24,In-state,Yes,Yes,9896.0,32,32,100.0,74.5,59.7,2,0,1,3.7,Medium,0.6,No,0.613,Yes
S02677,2024,Fall,Nutrition,MS Nutrition,Graduate,Male,White,28,In-state,No,No,2273.0,30,30,99.7,83.7,93.4,2,1,2,3.2,Low,0.8,Yes,0.643,Yes
S02678,2025,Fall,Social Work,MSW,Graduate,Female,Multiracial,43,In-state,No,No,7411.0,24,24,100.0,85.5,50.1,2,3,1,3.84,Low,0.737,Yes,0.635,Yes
S02679,2025,Spring,Social Work,MSW,Graduate,Female,Black,32,Out-of-state,No,No,8692.0,24,24,100.0,74.6,48.1,4,0,3,3.92,Low,0.716,No,0.622,Yes
S02680,2025,Spring,Public Health,MPH,Graduate,Male,White,45,Out-of-state,Yes,No,9127.0,27,27,100.0,99.2,75.8,5,1,2,3.81,Low,0.863,Yes,0.823,No
S02681,2022,Fall,Data Science,BS Health Data Science,Undergraduate,Male,Hispanic/Latino,22,Out-of-state,Yes,Yes,5576.0,33,33,100.0,99.8,66.4,4,3,1,3.3,Low,0.798,Yes,0.721,Yes
S02682,2023,Spring,Nutrition,MS Nutrition,Graduate,Male,White,30,In-state,Yes,Yes,8646.0,24,22,89.7,84.7,100.0,2,1,1,2.76,Low,0.724,Yes,0.515,No
S02683,2026,Fall,Public Health,MPH,Graduate,Female,White,32,In-state,Yes,Yes,5921.0,24,23,94.9,73.3,47.9,2,0,2,3.0,Low,0.561,No,0.335,Yes
S02684,2022,Spring,Public Health,BS Public Health,Undergraduate,Female,Black,23,In-state,Yes,No,3074.0,24,22,91.3,81.1,82.9,3,2,0,2.77,Low,0.705,No,0.454,No
S02685,2024,Fall,Nutrition,MS Nutrition,Graduate,Male,White,28,In-state,Yes,No,6417.0,30,30,100.0,63.2,59.7,5,3,3,3.43,Medium,0.608,Yes,0.522,Yes
S02686,2026,Spring,Data Science,BS Health Data Science,Undergraduate,Nonbinary,Black,25,In-state,No,Yes,3202.0,32,32,100.0,78.8,72.9,6,0,2,2.84,Medium,0.671,No,0.544,Yes
S02687,2025,Fall,Health Administration,MHA,Graduate,Female,Black,31,Out-of-state,No,Yes,7831.0,24,24,100.0,98.0,53.6,3,4,2,3.56,Low,0.775,No,0.669,No
S02688,2024,Spring,Health Administration,MHA,Graduate,Female,White,30,Out-of-state,No,No,11246.0,24,21,87.7,81.2,63.5,4,2,2,3.68,Low,0.736,Yes,0.636,No
S02689,2022,Spring,Nutrition,MS Nutrition,Graduate,Male,Multiracial,35,International,No,Yes,3327.0,21,19,91.5,72.2,46.8,0,2,1,3.26,Medium,0.518,Yes,0.33,No
S02690,2025,Spring,Health Administration,MHA,Graduate,Male,White,34,International,Yes,Yes,5078.0,27,25,94.2,88.9,58.2,3,3,2,3.61,Low,0.777,No,0.651,Yes
S02691,2023,Spring,Data Science,BS Health Data Science,Undergraduate,Female,Multiracial,19,In-state,No,No,5874.0,30,29,95.3,72.6,67.4,4,2,2,2.98,Low,0.64,Yes,0.464,No
S02692,2026,Spring,Public Health,BS Public Health,Undergraduate,Female,White,22,Out-of-state,Yes,Yes,8062.0,30,29,98.2,82.8,70.5,2,3,0,3.64,Low,0.735,Yes,0.664,Yes
S02693,2022,Spring,Public Health,BS Public Health,Undergraduate,Female,Asian,18,In-state,No,No,9745.0,33,33,100.0,79.6,87.8,1,2,2,3.77,Medium,0.707,Yes,0.731,Yes
S02694,2025,Fall,Health Administration,BS Health Administration,Undergraduate,Male,White,19,International,No,No,8295.0,33,33,100.0,76.9,56.1,3,0,1,2.82,Medium,0.494,No,0.412,No
S02695,2025,Spring,Social Work,MSW,Graduate,Male,Multiracial,24,In-state,No,No,6552.0,24,24,100.0,82.1,78.7,2,1,4,3.75,Low,0.792,No,0.685,No
S02696,2024,Spring,Nutrition,MS Nutrition,Graduate,Female,Black,35,Out-of-state,No,Yes,4419.0,30,30,100.0,80.5,43.2,4,1,4,3.34,Low,0.685,No,0.528,No
S02697,2025,Fall,Social Work,BSW,Undergraduate,Female,White,19,In-state,Yes,Yes,8782.0,31,31,100.0,74.9,65.5,7,0,1,3.6,Low,0.755,Yes,0.696,Yes
S02698,2025,Fall,Social Work,BSW,Undergraduate,Female,White,18,Out-of-state,No,Yes,13007.0,31,28,91.4,59.7,82.1,5,2,2,2.73,High,0.36,Yes,0.255,No
S02699,2025,Fall,Public Health,BS Public Health,Undergraduate,Female,White,22,In-state,Yes,Yes,1598.0,24,24,100.0,84.4,63.0,3,4,3,3.04,Low,0.711,Yes,0.487,Yes
S02700,2022,Fall,Data Science,MS Health Data Science,Graduate,Female,Black,34,In-state,No,Yes,10221.0,30,26,87.4,66.6,75.7,2,0,1,3.13,Medium,0.538,No,0.437,No
S02701,2023,Fall,Data Science,BS Health Data Science,Undergraduate,Male,Black,22,In-state,No,No,8372.0,30,28,93.5,76.0,60.1,3,2,0,3.03,Low,0.598,Yes,0.447,No
S02702,2026,Spring,Public Health,BS Public Health,Undergraduate,Female,Black,23,In-state,No,Yes,1363.0,32,32,100.0,73.7,91.6,1,2,0,4.0,Low,0.823,Yes,0.755,Yes
S02703,2025,Fall,Social Work,BSW,Undergraduate,Male,White,23,In-state,No,Yes,774.0,30,29,96.5,80.5,87.8,2,1,2,4.0,Low,0.85,Yes,0.777,Yes
S02704,2026,Spring,Public Health,BS Public Health,Undergraduate,Male,Hispanic/Latino,20,Out-of-state,No,Yes,2519.0,30,27,89.8,87.9,77.9,0,1,0,3.08,Low,0.719,Yes,0.531,Yes
S02705,2025,Spring,Data Science,BS Health Data Science,Undergraduate,Female,White,22,In-state,Yes,Yes,2026.0,30,25,82.2,78.1,89.7,2,1,1,1.94,High,0.407,Yes,0.162,Yes
S02706,2023,Fall,Public Health,BS Public Health,Undergraduate,Female,White,23,In-state,No,Yes,9293.0,31,31,100.0,90.8,88.6,2,3,2,2.96,Low,0.724,No,0.617,Yes
S02707,2026,Fall,Social Work,BSW,Undergraduate,Female,Multiracial,18,In-state,No,No,3883.0,24,24,100.0,90.8,86.1,2,2,0,4.0,Low,0.86,Yes,0.796,Yes
S02708,2025,Spring,Health Administration,BS Health Administration,Undergraduate,Male,White,21,International,Yes,No,14090.0,32,29,91.6,86.2,100.0,1,5,1,2.5,Medium,0.55,No,0.477,Yes
S02709,2024,Spring,Nutrition,BS Nutrition,Undergraduate,Female,Hispanic/Latino,20,In-state,No,Yes,3791.0,27,27,100.0,79.1,81.0,2,1,0,3.58,Low,0.772,No,0.653,No
S02710,2026,Fall,Health Administration,MHA,Graduate,Female,Hispanic/Latino,28,In-state,Yes,Yes,3581.0,30,29,95.9,99.3,65.7,4,2,1,3.38,Low,0.828,Yes,0.715,No
S02711,2024,Fall,Health Administration,MHA,Graduate,Female,White,39,In-state,Yes,No,4470.0,24,24,100.0,78.5,78.5,2,2,0,3.61,Low,0.776,No,0.631,No
S02712,2023,Spring,Nutrition,BS Nutrition,Undergraduate,Female,White,23,International,Yes,No,6710.0,32,27,83.7,64.2,46.0,0,0,2,2.67,High,0.238,No,0.125,No
S02713,2024,Fall,Data Science,BS Health Data Science,Undergraduate,Female,Black,20,In-state,No,Yes,3125.0,33,31,93.2,81.1,70.2,2,0,1,3.18,Low,0.707,Yes,0.552,Yes
S02714,2024,Spring,Nutrition,MS Nutrition,Graduate,Female,Black,24,In-state,No,No,5386.0,24,24,100.0,86.6,95.0,2,1,2,3.75,Low,0.846,No,0.753,Yes
S02715,2026,Spring,Nutrition,MS Nutrition,Graduate,Female,Black,26,In-state,No,No,7531.0,21,21,100.0,92.9,74.2,3,3,2,3.73,Low,0.823,No,0.726,Yes
S02716,2024,Fall,Data Science,MS Health Data Science,Graduate,Female,Black,27,In-state,No,Yes,2758.0,21,21,100.0,75.1,62.1,5,3,3,3.37,Low,0.749,Yes,0.536,No
S02717,2023,Fall,Public Health,MPH,Graduate,Female,White,39,Out-of-state,Yes,Yes,7335.0,21,19,91.5,93.4,69.7,1,1,3,3.06,Low,0.71,Yes,0.503,No
S02718,2022,Fall,Health Administration,MHA,Graduate,Female,Black,27,International,Yes,Yes,7284.0,21,18,85.4,75.0,46.5,2,0,3,2.9,Low,0.537,No,0.293,Yes
S02719,2026,Fall,Data Science,BS Health Data Science,Undergraduate,Male,Hispanic/Latino,21,In-state,No,No,4648.0,27,24,89.9,77.5,47.8,3,3,3,2.52,Medium,0.457,No,0.272,Yes
S02720,2026,Spring,Nutrition,BS Nutrition,Undergraduate,Female,Hispanic/Latino,20,In-state,Yes,Yes,4057.0,32,30,94.5,84.3,67.7,1,0,3,3.15,Low,0.685,No,0.527,No
S02721,2024,Fall,Social Work,MSW,Graduate,Nonbinary,White,35,International,No,No,10547.0,21,20,93.5,79.3,60.4,0,0,1,3.18,Medium,0.518,No,0.4,Yes
S02722,2023,Spring,Nutrition,BS Nutrition,Undergraduate,Male,Multiracial,23,In-state,No,No,7551.0,33,33,99.6,80.9,56.4,4,0,1,3.32,Low,0.68,No,0.589,Yes
S02723,2022,Fall,Data Science,BS Health Data Science,Undergraduate,Female,White,21,International,No,No,4706.0,24,24,100.0,89.5,43.4,1,2,2,2.89,Medium,0.527,No,0.374,No
S02724,2024,Spring,Health Administration,BS Health Administration,Undergraduate,Male,Multiracial,19,Out-of-state,No,Yes,3306.0,27,26,97.7,72.2,82.4,3,0,3,3.29,Low,0.731,No,0.557,Yes
S02725,2024,Spring,Data Science,MS Health Data Science,Graduate,Female,Black,36,Out-of-state,No,No,6276.0,18,17,93.0,76.0,51.9,2,3,3,3.05,Low,0.594,No,0.342,Yes
S02726,2026,Fall,Data Science,BS Health Data Science,Undergraduate,Female,White,19,In-state,No,Yes,7748.0,27,23,83.7,87.7,59.6,4,0,1,2.79,Low,0.645,Yes,0.445,Yes
S02727,2025,Fall,Public Health,MS Epidemiology,Graduate,Male,White,23,Out-of-state,Yes,Yes,5685.0,30,28,92.3,81.9,51.9,1,1,2,2.51,Low,0.525,No,0.291,No
S02728,2023,Spring,Social Work,BSW,Undergraduate,Male,Black,22,In-state,No,No,3426.0,33,31,95.3,84.2,81.5,4,1,3,3.2,Low,0.78,No,0.65,No
S02729,2025,Spring,Social Work,MSW,Graduate,Female,White,32,Out-of-state,Yes,No,10582.0,21,21,100.0,83.6,85.8,4,0,2,3.75,Low,0.812,Yes,0.731,Yes
S02730,2026,Spring,Public Health,BS Public Health,Undergraduate,Female,White,20,In-state,No,Yes,8866.0,33,30,92.0,79.1,55.5,1,0,2,3.1,Low,0.567,No,0.441,No
S02731,2023,Fall,Health Administration,BS Health Administration,Undergraduate,Male,Hispanic/Latino,20,In-state,No,No,6852.0,27,27,100.0,86.1,65.2,1,2,2,3.03,Low,0.644,Yes,0.481,No
S02732,2024,Spring,Nutrition,MS Nutrition,Graduate,Female,White,35,In-state,Yes,Yes,7318.0,30,30,100.0,69.9,75.6,1,0,2,4.0,Medium,0.695,No,0.681,Yes
S02733,2025,Spring,Data Science,BS Health Data Science,Undergraduate,Male,Multiracial,25,Out-of-state,No,Yes,8706.0,30,30,100.0,83.8,52.1,2,0,0,3.12,Low,0.604,No,0.482,No
S02734,2024,Spring,Nutrition,BS Nutrition,Undergraduate,Female,Hispanic/Latino,24,International,No,Yes,8638.0,31,31,100.0,76.2,40.1,3,1,3,3.5,Medium,0.542,No,0.519,No
S02735,2022,Fall,Data Science,BS Health Data Science,Undergraduate,Male,Black,20,International,No,Yes,9716.0,33,31,93.2,100.0,61.7,3,6,0,3.19,Low,0.73,No,0.656,Yes
S02736,2026,Fall,Social Work,MSW,Graduate,Female,White,37,In-state,Yes,No,3424.0,21,21,98.9,84.5,77.5,4,0,2,3.16,Low,0.781,No,0.573,Yes
S02737,2022,Fall,Nutrition,BS Nutrition,Undergraduate,Male,Asian,24,In-state,Yes,Yes,2874.0,31,31,100.0,73.8,99.6,4,0,5,4.0,Low,0.862,Yes,0.811,No
S02738,2022,Spring,Health Administration,BS Health Administration,Undergraduate,Female,Hispanic/Latino,24,In-state,Yes,No,7155.0,24,24,100.0,92.4,83.2,7,3,0,3.37,Low,0.842,Yes,0.749,Yes
S02739,2026,Spring,Health Administration,MHA,Graduate,Female,Asian,23,In-state,No,No,7134.0,21,19,89.5,68.9,82.0,0,1,1,3.32,Medium,0.593,Yes,0.441,No
S02740,2024,Spring,Social Work,BSW,Undergraduate,Male,White,20,Out-of-state,Yes,No,11265.0,32,27,83.4,68.0,74.3,2,1,1,2.46,High,0.3,Yes,0.179,No
S02741,2025,Fall,Health Administration,BS Health Administration,Undergraduate,Female,White,22,In-state,No,No,1923.0,32,31,96.4,71.0,87.2,4,1,2,2.84,Medium,0.654,No,0.499,No
S02742,2024,Fall,Data Science,BS Health Data Science,Undergraduate,Male,Hispanic/Latino,20,In-state,No,Yes,4016.0,24,24,100.0,76.8,58.9,6,1,3,3.88,Low,0.796,Yes,0.694,Yes
S02743,2023,Spring,Social Work,BSW,Undergraduate,Female,White,18,In-state,No,Yes,5497.0,27,25,91.5,78.6,77.6,2,4,0,2.27,Medium,0.498,Yes,0.299,Yes
S02744,2022,Fall,Health Administration,BS Health Administration,Undergraduate,Female,Hispanic/Latino,19,In-state,No,No,7900.0,24,24,98.5,89.6,74.6,3,3,4,4.0,Low,0.825,Yes,0.778,Yes
S02745,2022,Spring,Public Health,MS Epidemiology,Graduate,Female,Hispanic/Latino,24,Out-of-state,No,No,10601.0,18,18,100.0,100.0,83.5,3,0,0,4.0,Low,0.867,Yes,0.816,Yes
S02746,2024,Fall,Public Health,BS Public Health,Undergraduate,Female,White,22,Out-of-state,Yes,Yes,6828.0,24,24,100.0,82.7,62.6,0,4,1,3.46,Low,0.664,Yes,0.526,No
S02747,2026,Fall,Data Science,MS Health Data Science,Graduate,Male,Asian,39,In-state,No,Yes,2323.0,24,22,92.8,95.3,57.2,2,0,4,2.93,Low,0.722,Yes,0.473,No
S02748,2026,Fall,Data Science,MS Health Data Science,Graduate,Female,Multiracial,22,In-state,No,No,8389.0,18,18,100.0,93.4,81.1,0,0,1,4.0,Low,0.824,No,0.741,Yes
S02749,2025,Fall,Health Administration,BS Health Administration,Undergraduate,Nonbinary,White,22,In-state,Yes,No,6926.0,24,20,83.0,99.3,64.0,2,2,2,2.97,Low,0.712,Yes,0.522,No
S02750,2025,Spring,Health Administration,BS Health Administration,Undergraduate,Male,White,25,International,Yes,Yes,12280.0,30,29,98.3,94.3,85.2,3,0,1,3.36,Low,0.77,Yes,0.723,Yes
S02751,2023,Spring,Data Science,BS Health Data Science,Undergraduate,Male,White,18,In-state,No,Yes,7696.0,24,24,100.0,98.4,62.7,1,1,2,2.74,Low,0.647,No,0.454,No
S02752,2025,Spring,Data Science,BS Health Data Science,Undergraduate,Female,Hispanic/Latino,24,In-state,No,Yes,1987.0,24,23,96.9,98.1,100.0,3,4,2,3.25,Low,0.863,Yes,0.732,No
S02753,2026,Fall,Health Administration,BS Health Administration,Undergraduate,Female,Black,23,In-state,Yes,Yes,3989.0,31,30,97.1,91.8,100.0,5,4,1,2.7,Low,0.807,No,0.647,Yes
S02754,2024,Fall,Health Administration,BS Health Administration,Undergraduate,Female,Multiracial,24,In-state,Yes,Yes,4660.0,33,29,87.8,79.8,61.1,2,1,0,2.31,High,0.354,No,0.18,No
S02755,2025,Fall,Social Work,MSW,Graduate,Female,White,22,International,Yes,No,16107.0,21,20,94.0,68.3,85.5,3,3,2,3.5,Medium,0.602,Yes,0.563,Yes
S02756,2024,Fall,Health Administration,BS Health Administration,Undergraduate,Female,Asian,24,In-state,Yes,Yes,8888.0,33,31,93.0,80.2,76.7,3,3,0,3.16,Low,0.687,No,0.581,Yes
S02757,2026,Fall,Nutrition,BS Nutrition,Undergraduate,Female,White,22,In-state,No,No,8504.0,24,23,94.6,91.6,72.1,4,4,0,3.33,Low,0.765,No,0.649,Yes
S02758,2026,Spring,Health Administration,BS Health Administration,Undergraduate,Female,White,22,In-state,Yes,No,6728.0,31,26,85.1,76.5,59.6,3,1,0,2.14,High,0.307,No,0.143,Yes
S02759,2026,Fall,Data Science,BS Health Data Science,Undergraduate,Female,Asian,24,In-state,No,No,7421.0,32,29,92.0,86.3,54.7,4,0,0,3.43,Low,0.717,No,0.621,Yes
S02760,2025,Fall,Health Administration,MHA,Graduate,Male,White,25,In-state,Yes,Yes,8082.0,27,24,88.0,58.6,80.0,3,0,2,3.99,Medium,0.681,No,0.632,No
S02761,2024,Fall,Nutrition,MS Nutrition,Graduate,Female,Black,22,In-state,No,No,11480.0,24,24,100.0,88.8,50.8,3,2,3,4.0,Low,0.757,Yes,0.711,Yes
S02762,2026,Fall,Data Science,BS Health Data Science,Undergraduate,Female,Other/Unknown,22,In-state,Yes,Yes,1753.0,31,30,98.3,92.5,67.5,3,2,1,3.93,Low,0.847,Yes,0.785,Yes
S02763,2024,Spring,Health Administration,BS Health Administration,Undergraduate,Female,White,21,Out-of-state,No,Yes,4343.0,32,32,100.0,73.2,72.2,3,4,1,3.09,Low,0.669,Yes,0.511,Yes
S02764,2025,Spring,Health Administration,BS Health Administration,Undergraduate,Female,Asian,20,Out-of-state,Yes,Yes,4461.0,32,30,92.3,74.4,66.7,0,0,0,3.56,Medium,0.614,Yes,0.55,Yes
S02765,2022,Fall,Health Administration,MHA,Graduate,Female,Asian,22,In-state,Yes,Yes,7813.0,18,18,100.0,75.1,64.6,0,1,3,4.0,Medium,0.665,Yes,0.59,Yes
S02766,2026,Fall,Health Administration,BS Health Administration,Undergraduate,Female,White,19,Out-of-state,Yes,Yes,4424.0,27,26,95.4,81.5,74.2,2,2,1,3.24,Low,0.718,Yes,0.554,Yes
S02767,2026,Fall,Data Science,BS Health Data Science,Undergraduate,Female,Black,21,In-state,No,Yes,3099.0,27,27,100.0,70.8,62.1,5,5,3,3.84,Low,0.77,Yes,0.661,No
S02768,2023,Fall,Health Administration,BS Health Administration,Undergraduate,Female,White,24,In-state,Yes,Yes,3020.0,30,30,100.0,100.0,82.8,2,0,2,3.42,Low,0.836,Yes,0.746,Yes
S02769,2025,Fall,Nutrition,MS Nutrition,Graduate,Female,White,35,In-state,No,Yes,0.0,18,17,95.5,98.8,57.9,2,1,1,3.52,Low,0.821,Yes,0.621,No
S02770,2026,Fall,Data Science,BS Health Data Science,Undergraduate,Female,White,19,Out-of-state,Yes,Yes,3468.0,32,32,100.0,88.1,56.4,0,1,1,2.91,Low,0.621,Yes,0.442,No
S02771,2025,Spring,Public Health,MS Epidemiology,Graduate,Female,White,27,In-state,No,Yes,5740.0,24,24,100.0,100.0,92.6,3,1,4,3.78,Low,0.886,Yes,0.822,Yes
S02772,2022,Spring,Public Health,BS Public Health,Undergraduate,Female,Black,18,In-state,No,Yes,5118.0,24,24,100.0,95.4,92.6,2,6,3,4.0,Low,0.877,Yes,0.827,Yes
S02773,2025,Spring,Public Health,BS Public Health,Undergraduate,Female,Hispanic/Latino,21,Out-of-state,No,No,9579.0,32,32,100.0,74.4,89.7,1,0,1,4.0,Medium,0.721,No,0.753,Yes
S02774,2022,Spring,Health Administration,BS Health Administration,Undergraduate,Female,White,18,Out-of-state,Yes,No,8751.0,30,30,100.0,79.5,73.8,1,4,1,3.06,Low,0.625,Yes,0.495,Yes
S02775,2023,Spring,Health Administration,BS Health Administration,Undergraduate,Female,Black,21,In-state,No,Yes,5477.0,30,29,97.1,79.3,79.4,4,4,0,3.67,Low,0.795,Yes,0.715,No
S02776,2024,Fall,Nutrition,BS Nutrition,Undergraduate,Male,Hispanic/Latino,22,In-state,Yes,No,6742.0,33,29,88.9,64.5,76.1,0,0,1,2.22,High,0.262,Yes,0.125,No
S02777,2024,Spring,Data Science,BS Health Data Science,Undergraduate,Female,Hispanic/Latino,21,In-state,Yes,Yes,6270.0,32,28,86.1,67.0,53.6,4,3,1,2.85,High,0.367,No,0.224,Yes
S02778,2024,Spring,Nutrition,BS Nutrition,Undergraduate,Male,Other/Unknown,23,In-state,No,Yes,1935.0,27,26,96.8,100.0,71.1,5,2,2,3.02,Low,0.816,Yes,0.654,Yes
S02779,2022,Fall,Social Work,BSW,Undergraduate,Male,Multiracial,25,In-state,Yes,Yes,1438.0,31,31,100.0,90.5,69.8,1,1,2,3.65,Low,0.798,Yes,0.7,Yes
S02780,2026,Fall,Health Administration,BS Health Administration,Undergraduate,Male,White,20,Out-of-state,No,Yes,1291.0,33,32,95.5,73.4,68.6,2,2,2,3.2,Low,0.684,Yes,0.508,No
S02781,2022,Fall,Health Administration,BS Health Administration,Undergraduate,Female,Multiracial,22,In-state,No,No,6281.0,27,23,86.9,70.6,45.1,2,2,1,3.57,Low,0.605,Yes,0.453,Yes
S02782,2024,Spring,Health Administration,BS Health Administration,Undergraduate,Male,Hispanic/Latino,19,International,No,Yes,12586.0,31,31,100.0,100.0,100.0,4,0,2,3.67,Low,0.859,Yes,0.854,Yes
S02783,2022,Fall,Data Science,MS Health Data Science,Graduate,Female,White,26,In-state,No,No,7816.0,24,24,100.0,96.9,92.0,5,3,3,3.54,Low,0.869,Yes,0.794,Yes
S02784,2026,Spring,Social Work,BSW,Undergraduate,Male,White,23,International,Yes,Yes,5505.0,31,31,100.0,94.5,71.6,3,4,2,3.93,Low,0.841,Yes,0.806,Yes
S02785,2024,Spring,Social Work,BSW,Undergraduate,Female,White,21,In-state,Yes,Yes,3730.0,31,31,100.0,74.5,80.9,4,2,0,2.92,Low,0.7,Yes,0.517,Yes
S02786,2022,Fall,Nutrition,BS Nutrition,Undergraduate,Male,Black,19,In-state,No,No,11127.0,24,22,90.4,74.3,88.7,2,1,4,2.28,High,0.351,No,0.188,No
S02787,2023,Fall,Public Health,BS Public Health,Undergraduate,Male,White,21,In-state,Yes,Yes,7756.0,24,21,85.4,81.5,54.5,5,4,3,2.12,Medium,0.446,Yes,0.246,No
S02788,2025,Spring,Social Work,MSW,Graduate,Male,Asian,31,In-state,No,Yes,7105.0,30,30,100.0,66.1,68.1,4,2,4,3.47,Medium,0.631,No,0.559,Yes
S02789,2023,Spring,Public Health,BS Public Health,Undergraduate,Female,Asian,22,International,No,Yes,7689.0,31,28,91.2,100.0,73.5,2,0,0,4.0,Low,0.844,Yes,0.819,Yes
S02790,2025,Fall,Nutrition,MS Nutrition,Graduate,Male,White,29,In-state,Yes,Yes,6722.0,27,27,100.0,100.0,71.0,2,3,1,3.31,Low,0.79,Yes,0.675,Yes
S02791,2026,Fall,Public Health,BS Public Health,Undergraduate,Female,Asian,20,In-state,Yes,No,13922.0,33,28,85.2,57.2,53.3,0,4,0,2.62,High,0.176,No,0.114,No
S02792,2023,Spring,Nutrition,MS Nutrition,Graduate,Female,White,28,In-state,No,Yes,7185.0,21,21,100.0,67.9,89.1,0,1,3,4.0,Medium,0.71,Yes,0.646,Yes
S02793,2022,Fall,Nutrition,BS Nutrition,Undergraduate,Female,Hispanic/Latino,23,In-state,No,Yes,2798.0,27,23,86.7,78.4,51.9,3,0,1,2.07,Medium,0.423,No,0.199,No
S02794,2022,Fall,Data Science,BS Health Data Science,Undergraduate,Female,Hispanic/Latino,24,Out-of-state,Yes,Yes,6960.0,24,21,85.6,67.2,54.5,0,5,2,3.09,High,0.328,No,0.189,No
S02795,2023,Fall,Health Administration,BS Health Administration,Undergraduate,Female,Hispanic/Latino,18,International,No,Yes,0.0,30,29,95.5,94.7,69.2,4,1,1,4.0,Low,0.879,Yes,0.818,Yes
S02796,2024,Fall,Health Administration,BS Health Administration,Undergraduate,Nonbinary,Black,21,Out-of-state,Yes,No,9650.0,30,30,100.0,100.0,71.9,2,0,2,3.59,Low,0.79,Yes,0.752,No
S02797,2025,Fall,Health Administration,BS Health Administration,Undergraduate,Male,White,21,Out-of-state,Yes,Yes,3057.0,24,24,100.0,80.0,74.3,1,1,3,2.89,Medium,0.598,No,0.421,Yes
S02798,2026,Spring,Data Science,BS Health Data Science,Undergraduate,Female,Asian,22,In-state,Yes,Yes,2661.0,32,32,100.0,100.0,92.0,3,1,3,2.9,Low,0.82,Yes,0.687,Yes
S02799,2025,Spring,Data Science,MS Health Data Science,Graduate,Female,White,22,In-state,No,No,11266.0,24,24,100.0,79.7,65.1,2,2,1,4.0,Medium,0.693,No,0.688,No
S02800,2022,Spring,Health Administration,MHA,Graduate,Female,White,22,In-state,No,No,5419.0,27,27,100.0,100.0,96.1,2,3,0,2.89,Low,0.811,Yes,0.654,Yes
S02801,2025,Spring,Health Administration,BS Health Administration,Undergraduate,Female,White,19,In-state,Yes,Yes,5794.0,31,27,88.5,95.6,66.2,2,4,1,3.07,Low,0.724,Yes,0.573,Yes
S02802,2024,Fall,Health Administration,BS Health Administration,Undergraduate,Male,White,27,In-state,No,No,2121.0,30,27,89.1,84.9,73.2,1,1,1,2.76,Low,0.666,Yes,0.431,Yes
S02803,2025,Spring,Nutrition,BS Nutrition,Undergraduate,Male,Multiracial,20,In-state,No,No,5158.0,24,20,84.9,91.6,98.4,3,2,2,1.62,Medium,0.56,No,0.277,No
S02804,2023,Fall,Data Science,BS Health Data Science,Undergraduate,Female,Asian,21,In-state,Yes,Yes,3279.0,33,31,92.9,93.0,55.0,1,1,1,3.21,Low,0.704,No,0.561,No
S02805,2026,Fall,Social Work,BSW,Undergraduate,Female,White,19,International,No,No,13061.0,24,21,86.6,89.1,50.3,1,0,0,3.14,Low,0.568,No,0.441,No
S02806,2022,Spring,Public Health,BS Public Health,Undergraduate,Female,Black,22,Out-of-state,No,No,10676.0,32,32,100.0,82.5,50.9,3,3,3,3.11,Low,0.593,Yes,0.501,No
S02807,2026,Spring,Public Health,BS Public Health,Undergraduate,Male,Hispanic/Latino,18,International,Yes,Yes,8920.0,31,31,98.6,89.0,84.6,1,3,0,3.7,Low,0.783,No,0.745,Yes
S02808,2025,Fall,Social Work,MSW,Graduate,Female,White,38,In-state,Yes,Yes,3147.0,24,24,99.7,92.7,56.4,2,1,0,2.92,Low,0.7,No,0.464,Yes
S02809,2024,Spring,Nutrition,MS Nutrition,Graduate,Male,White,29,In-state,No,No,8889.0,18,18,98.8,68.1,54.7,2,2,3,3.26,Medium,0.506,Yes,0.361,Yes
S02810,2022,Fall,Nutrition,BS Nutrition,Undergraduate,Male,Hispanic/Latino,22,In-state,Yes,No,10300.0,33,33,100.0,85.0,45.3,2,1,2,3.62,Low,0.649,No,0.613,Yes
S02811,2023,Fall,Data Science,BS Health Data Science,Undergraduate,Female,White,25,In-state,Yes,Yes,4826.0,27,27,100.0,71.8,46.5,2,3,3,3.08,Low,0.552,No,0.362,No
S02812,2022,Fall,Data Science,BS Health Data Science,Undergraduate,Female,White,21,In-state,Yes,Yes,2448.0,30,30,100.0,79.1,84.7,2,2,2,3.76,Low,0.809,Yes,0.719,Yes
S02813,2022,Spring,Data Science,BS Health Data Science,Undergraduate,Female,White,23,Out-of-state,Yes,Yes,8042.0,30,30,100.0,88.7,40.9,1,4,2,2.93,Low,0.549,No,0.406,No
S02814,2024,Fall,Data Science,BS Health Data Science,Undergraduate,Female,Asian,22,In-state,No,Yes,7709.0,31,28,90.4,93.7,79.6,1,2,2,2.98,Low,0.71,No,0.571,Yes
S02815,2025,Spring,Social Work,BSW,Undergraduate,Male,White,20,In-state,Yes,No,9517.0,30,27,90.4,96.7,59.7,2,3,2,3.64,Low,0.754,Yes,0.697,Yes
S02816,2024,Fall,Data Science,MS Health Data Science,Graduate,Male,Hispanic/Latino,22,Out-of-state,No,Yes,12358.0,30,30,100.0,70.7,76.3,0,3,4,3.8,Medium,0.609,Yes,0.622,Yes
S02817,2026,Fall,Nutrition,BS Nutrition,Undergraduate,Female,White,23,In-state,No,Yes,4999.0,31,31,100.0,80.9,70.1,3,0,1,2.49,Low,0.605,Yes,0.389,No
S02818,2025,Spring,Health Administration,BS Health Administration,Undergraduate,Female,Black,22,Out-of-state,No,Yes,4792.0,30,30,100.0,95.8,69.8,3,2,1,3.81,Low,0.835,No,0.783,Yes
S02819,2025,Fall,Social Work,BSW,Undergraduate,Female,Hispanic/Latino,20,In-state,No,Yes,3373.0,32,32,100.0,93.8,95.0,0,5,2,3.6,Low,0.833,No,0.763,Yes
S02820,2022,Fall,Nutrition,BS Nutrition,Undergraduate,Male,White,20,In-state,No,No,6087.0,31,31,100.0,100.0,78.7,3,3,3,4.0,Low,0.871,Yes,0.85,Yes
S02821,2024,Fall,Health Administration,BS Health Administration,Undergraduate,Female,White,24,In-state,Yes,Yes,38.0,31,30,96.8,83.7,71.8,0,5,2,2.91,Low,0.678,No,0.456,No
S02822,2022,Fall,Public Health,BS Public Health,Undergraduate,Male,Black,22,Out-of-state,No,Yes,8198.0,31,29,94.2,93.7,81.1,5,1,1,2.88,Low,0.76,Yes,0.635,Yes
S02823,2025,Spring,Public Health,MS Epidemiology,Graduate,Female,Black,28,International,No,Yes,3979.0,30,30,100.0,69.9,49.5,2,0,3,3.57,Medium,0.596,Yes,0.504,Yes
S02824,2026,Spring,Public Health,BS Public Health,Undergraduate,Male,Asian,20,In-state,No,Yes,2290.0,27,27,100.0,98.6,96.7,6,2,1,3.86,Low,0.919,Yes,0.876,Yes
S02825,2023,Fall,Public Health,MPH,Graduate,Male,White,28,Out-of-state,No,Yes,5151.0,24,24,100.0,93.3,75.5,5,1,3,3.59,Low,0.849,No,0.748,Yes
S02826,2024,Fall,Public Health,BS Public Health,Undergraduate,Female,White,20,International,Yes,Yes,6683.0,24,23,97.5,82.1,82.5,3,1,0,3.2,Low,0.736,Yes,0.578,No
S02827,2026,Spring,Social Work,MSW,Graduate,Female,Multiracial,28,In-state,No,No,11870.0,27,27,100.0,95.1,98.4,1,3,2,4.0,Low,0.854,Yes,0.836,No
S02828,2022,Spring,Health Administration,BS Health Administration,Undergraduate,Male,Multiracial,20,In-state,No,Yes,5701.0,31,31,100.0,100.0,47.8,0,3,0,3.4,Low,0.704,No,0.608,Yes
S02829,2025,Spring,Data Science,BS Health Data Science,Undergraduate,Female,Multiracial,20,Out-of-state,Yes,Yes,10498.0,27,27,100.0,86.5,58.1,1,1,2,3.39,Low,0.644,Yes,0.554,No
S02830,2026,Spring,Nutrition,MS Nutrition,Graduate,Female,Black,28,International,No,Yes,11676.0,24,24,100.0,69.5,50.5,2,1,2,3.49,Medium,0.51,No,0.45,No
S02831,2024,Fall,Data Science,MS Health Data Science,Graduate,Female,White,30,Out-of-state,No,Yes,6327.0,24,24,99.6,77.0,78.3,1,1,2,3.15,Low,0.68,No,0.484,Yes
S02832,2023,Spring,Social Work,MSW,Graduate,Female,White,35,In-state,No,Yes,4327.0,30,30,98.9,64.3,66.2,0,2,0,2.86,High,0.358,No,0.199,No
S02833,2026,Spring,Health Administration,BS Health Administration,Undergraduate,Female,Asian,19,International,Yes,Yes,7079.0,31,29,93.3,88.4,52.1,3,0,2,2.89,Low,0.627,Yes,0.464,No
S02834,2025,Fall,Public Health,MPH,Graduate,Male,White,24,International,No,No,4268.0,27,27,100.0,89.2,76.3,1,2,1,3.89,Low,0.826,Yes,0.743,Yes
S02835,2026,Spring,Nutrition,BS Nutrition,Undergraduate,Male,Black,21,Out-of-state,Yes,No,10078.0,32,32,100.0,95.9,59.6,3,3,1,3.64,Low,0.761,Yes,0.734,Yes
S02836,2024,Fall,Data Science,BS Health Data Science,Undergraduate,Male,Multiracial,20,International,Yes,Yes,3610.0,33,32,98.1,83.5,89.7,2,4,0,3.2,Low,0.769,Yes,0.642,Yes
S02837,2022,Fall,Nutrition,BS Nutrition,Undergraduate,Male,Asian,21,In-state,Yes,Yes,30.0,33,33,100.0,96.0,56.4,0,0,1,3.37,Low,0.75,No,0.615,Yes
S02838,2025,Spring,Health Administration,BS Health Administration,Undergraduate,Nonbinary,Hispanic/Latino,21,In-state,Yes,No,9593.0,24,24,100.0,94.9,68.4,1,3,2,2.51,Medium,0.534,Yes,0.395,No
S02839,2025,Spring,Health Administration,BS Health Administration,Undergraduate,Female,Asian,20,In-state,Yes,Yes,421.0,33,32,97.2,71.6,44.9,2,1,2,3.59,Medium,0.609,No,0.517,Yes
S02840,2024,Spring,Nutrition,BS Nutrition,Undergraduate,Female,White,21,In-state,No,Yes,55.0,31,27,86.9,74.3,52.5,3,0,0,3.14,Low,0.658,No,0.432,Yes
S02841,2024,Fall,Social Work,MSW,Graduate,Female,Hispanic/Latino,33,Out-of-state,Yes,Yes,3991.0,27,27,100.0,76.3,69.2,1,5,0,4.0,Low,0.778,No,0.68,No
S02842,2024,Spring,Data Science,MS Health Data Science,Graduate,Male,White,30,In-state,Yes,Yes,4580.0,18,18,98.4,98.9,94.6,5,0,1,3.36,Low,0.88,Yes,0.752,Yes
S02843,2022,Spring,Data Science,BS Health Data Science,Undergraduate,Male,Asian,18,In-state,Yes,No,7487.0,31,31,98.9,69.5,64.0,5,0,1,3.7,Medium,0.667,Yes,0.649,Yes
S02844,2024,Fall,Nutrition,MS Nutrition,Graduate,Female,White,28,In-state,Yes,Yes,1581.0,27,27,98.7,54.4,72.8,1,0,2,2.86,High,0.373,No,0.176,Yes
S02845,2025,Fall,Social Work,MSW,Graduate,Male,Hispanic/Latino,22,In-state,Yes,No,5672.0,27,27,100.0,96.0,51.0,2,1,3,2.88,Low,0.673,No,0.474,Yes
S02846,2025,Spring,Health Administration,BS Health Administration,Undergraduate,Nonbinary,White,19,In-state,No,Yes,3118.0,24,21,88.4,77.0,59.3,1,0,3,2.85,Medium,0.523,No,0.328,No
S02847,2024,Spring,Health Administration,BS Health Administration,Undergraduate,Male,White,22,In-state,No,No,11635.0,24,23,95.2,95.8,77.6,2,0,2,3.23,Low,0.73,Yes,0.63,Yes
S02848,2025,Fall,Social Work,MSW,Graduate,Male,Black,27,In-state,No,No,3835.0,18,18,100.0,75.4,94.4,2,0,3,3.98,Low,0.841,Yes,0.717,Yes
S02849,2024,Spring,Social Work,MSW,Graduate,Male,White,38,In-state,No,Yes,7468.0,18,16,87.2,92.5,65.5,4,3,5,3.55,Low,0.797,Yes,0.648,No
S02850,2026,Spring,Data Science,BS Health Data Science,Undergraduate,Female,Hispanic/Latino,24,In-state,No,No,7484.0,32,31,96.7,83.0,43.0,1,5,1,3.63,Low,0.641,Yes,0.566,Yes
S02851,2023,Spring,Nutrition,BS Nutrition,Undergraduate,Female,Black,18,In-state,No,No,5639.0,30,30,100.0,57.2,31.7,0,2,1,3.68,High,0.305,No,0.233,No
S02852,2024,Spring,Health Administration,BS Health Administration,Undergraduate,Female,White,25,Out-of-state,No,Yes,8299.0,27,21,79.0,69.6,59.3,1,1,3,2.39,High,0.264,Yes,0.121,No
S02853,2022,Spring,Health Administration,BS Health Administration,Undergraduate,Male,Hispanic/Latino,21,In-state,No,No,8624.0,33,32,98.1,84.6,60.0,3,3,2,3.37,Low,0.69,No,0.612,Yes
S02854,2024,Spring,Nutrition,BS Nutrition,Undergraduate,Male,White,20,In-state,No,Yes,498.0,30,28,94.7,74.8,82.8,6,0,0,2.31,Medium,0.629,No,0.391,No
S02855,2026,Fall,Public Health,BS Public Health,Undergraduate,Female,Hispanic/Latino,23,In-state,No,Yes,7339.0,27,26,95.9,66.5,61.5,1,3,2,3.19,Medium,0.486,Yes,0.384,No
S02856,2023,Spring,Public Health,BS Public Health,Undergraduate,Female,White,19,International,No,No,10057.0,33,32,97.5,86.0,100.0,1,1,1,3.07,Low,0.726,Yes,0.639,Yes
S02857,2025,Fall,Data Science,BS Health Data Science,Undergraduate,Female,Black,20,Out-of-state,No,No,10276.0,33,33,100.0,82.9,82.3,7,2,1,3.56,Low,0.81,Yes,0.781,Yes
S02858,2024,Fall,Health Administration,MHA,Graduate,Male,Hispanic/Latino,27,International,Yes,Yes,2969.0,24,23,97.5,100.0,86.8,2,2,2,4.0,Low,0.895,No,0.829,Yes
S02859,2024,Fall,Social Work,BSW,Undergraduate,Nonbinary,White,18,Out-of-state,No,No,11400.0,33,33,100.0,93.7,92.2,4,2,0,3.77,Low,0.842,Yes,0.839,Yes
S02860,2026,Fall,Nutrition,BS Nutrition,Undergraduate,Female,Hispanic/Latino,23,In-state,Yes,Yes,4973.0,32,27,85.7,73.5,66.5,1,1,2,2.82,Medium,0.506,No,0.356,No
S02861,2024,Fall,Health Administration,BS Health Administration,Undergraduate,Male,White,21,In-state,No,Yes,8366.0,32,30,93.6,86.1,69.0,3,1,0,2.23,Medium,0.493,Yes,0.347,Yes
S02862,2026,Spring,Public Health,BS Public Health,Undergraduate,Male,Hispanic/Latino,22,In-state,Yes,Yes,3700.0,24,24,100.0,88.7,60.3,0,0,2,3.92,Low,0.77,Yes,0.67,No
S02863,2026,Spring,Social Work,BSW,Undergraduate,Female,White,23,In-state,Yes,Yes,3138.0,24,24,100.0,100.0,89.6,6,0,2,4.0,Low,0.918,Yes,0.877,Yes
S02864,2023,Spring,Social Work,BSW,Undergraduate,Female,Other/Unknown,23,In-state,No,Yes,7108.0,24,24,99.4,68.4,57.4,2,3,1,2.97,Medium,0.468,Yes,0.335,Yes
S02865,2025,Spring,Public Health,MPH,Graduate,Male,Hispanic/Latino,39,Out-of-state,No,Yes,4697.0,18,18,100.0,76.5,73.5,1,0,4,2.9,Low,0.641,Yes,0.366,Yes
S02866,2024,Fall,Health Administration,MHA,Graduate,Female,Hispanic/Latino,30,In-state,Yes,Yes,318.0,21,21,100.0,90.3,86.6,3,2,1,3.98,Low,0.891,Yes,0.793,Yes
S02867,2024,Spring,Social Work,BSW,Undergraduate,Female,Hispanic/Latino,20,In-state,Yes,Yes,5455.0,27,27,100.0,88.3,50.9,0,1,1,3.51,Low,0.674,Yes,0.551,No
S02868,2025,Fall,Public Health,BS Public Health,Undergraduate,Female,White,25,In-state,No,Yes,6826.0,30,27,88.8,74.9,37.3,2,3,1,2.43,Medium,0.354,No,0.215,No
S02869,2026,Spring,Nutrition,MS Nutrition,Graduate,Female,Hispanic/Latino,37,In-state,Yes,Yes,1776.0,18,18,100.0,58.6,68.8,2,1,1,3.49,Medium,0.611,No,0.41,No
S02870,2022,Spring,Health Administration,BS Health Administration,Undergraduate,Female,Hispanic/Latino,23,In-state,No,No,8011.0,32,32,100.0,93.4,85.9,3,0,1,4.0,Low,0.857,Yes,0.845,Yes
S02871,2022,Fall,Data Science,BS Health Data Science,Undergraduate,Female,White,22,In-state,No,Yes,0.0,32,27,83.0,100.0,100.0,2,0,2,2.56,Low,0.808,Yes,0.586,Yes
S02872,2025,Spring,Social Work,MSW,Graduate,Male,White,28,In-state,No,No,7009.0,24,24,100.0,91.4,66.5,2,0,3,3.11,Low,0.717,Yes,0.541,Yes
S02873,2025,Spring,Social Work,BSW,Undergraduate,Female,White,21,In-state,No,Yes,5121.0,32,32,100.0,79.1,80.5,6,3,3,3.47,Low,0.804,No,0.721,Yes
S02874,2023,Fall,Health Administration,BS Health Administration,Undergraduate,Female,Black,20,In-state,No,No,10995.0,24,24,99.6,72.9,57.8,2,0,0,3.47,Medium,0.537,Yes,0.49,No
S02875,2023,Spring,Health Administration,BS Health Administration,Undergraduate,Male,Black,23,Out-of-state,No,Yes,7731.0,27,21,78.0,71.7,59.5,4,1,0,1.81,High,0.251,Yes,0.091,No
S02876,2023,Fall,Nutrition,BS Nutrition,Undergraduate,Male,Multiracial,21,In-state,Yes,Yes,3680.0,32,26,80.1,89.1,71.3,3,1,2,2.01,High,0.418,No,0.191,No
S02877,2022,Fall,Nutrition,BS Nutrition,Undergraduate,Female,White,19,Out-of-state,No,No,8505.0,32,32,98.8,86.2,68.4,2,4,1,3.2,Low,0.682,No,0.586,No
S02878,2023,Fall,Nutrition,MS Nutrition,Graduate,Male,Multiracial,25,Out-of-state,No,No,8891.0,18,18,100.0,71.8,78.3,4,1,3,4.0,Low,0.791,Yes,0.688,No
S02879,2023,Fall,Health Administration,BS Health Administration,Undergraduate,Male,Hispanic/Latino,23,In-state,No,Yes,5015.0,27,25,92.1,100.0,53.8,6,4,2,2.85,Low,0.75,No,0.569,Yes
S02880,2023,Spring,Nutrition,BS Nutrition,Undergraduate,Female,Hispanic/Latino,23,In-state,Yes,No,7967.0,30,28,92.5,70.4,87.0,3,1,3,2.7,Medium,0.551,No,0.42,No
S02881,2022,Fall,Nutrition,BS Nutrition,Undergraduate,Male,Black,20,In-state,No,Yes,7468.0,24,24,100.0,67.1,50.3,0,1,2,3.11,Medium,0.416,No,0.304,No
S02882,2026,Spring,Public Health,BS Public Health,Undergraduate,Male,White,25,In-state,No,Yes,4082.0,32,29,89.5,70.0,64.2,2,1,2,2.1,Medium,0.392,No,0.208,No
S02883,2023,Fall,Health Administration,MHA,Graduate,Female,White,27,Out-of-state,Yes,Yes,10922.0,18,17,92.3,62.4,59.7,1,0,4,2.99,Medium,0.41,No,0.264,No
S02884,2024,Spring,Social Work,BSW,Undergraduate,Female,Hispanic/Latino,22,In-state,No,No,6454.0,27,27,100.0,66.5,74.4,1,4,3,3.94,Medium,0.657,Yes,0.628,No
S02885,2025,Fall,Social Work,BSW,Undergraduate,Male,White,21,In-state,No,Yes,2675.0,33,30,89.5,82.0,62.8,1,0,3,2.57,Low,0.583,No,0.349,Yes
S02886,2022,Fall,Health Administration,MHA,Graduate,Male,White,32,In-state,Yes,Yes,6237.0,18,18,99.9,87.0,71.3,3,2,2,3.36,Low,0.764,No,0.579,Yes
S02887,2023,Fall,Health Administration,BS Health Administration,Undergraduate,Female,Multiracial,21,In-state,Yes,Yes,6252.0,33,33,100.0,78.5,67.6,0,0,1,3.82,Medium,0.662,Yes,0.661,Yes
S02888,2025,Spring,Nutrition,BS Nutrition,Undergraduate,Female,Asian,18,Out-of-state,No,Yes,5510.0,24,24,100.0,89.5,98.8,6,1,2,3.6,Low,0.877,Yes,0.803,Yes
S02889,2022,Fall,Nutrition,MS Nutrition,Graduate,Male,White,33,In-state,Yes,Yes,44.0,24,24,100.0,99.5,81.4,1,0,0,3.83,Low,0.879,Yes,0.778,Yes
S02890,2023,Fall,Social Work,MSW,Graduate,Male,Hispanic/Latino,36,Out-of-state,No,Yes,9888.0,18,18,100.0,86.3,81.3,5,3,0,3.29,Low,0.781,Yes,0.63,Yes
S02891,2024,Spring,Public Health,BS Public Health,Undergraduate,Male,Other/Unknown,21,International,No,No,10317.0,27,27,100.0,84.0,88.5,2,2,1,4.0,Low,0.809,No,0.785,No
S02892,2022,Fall,Public Health,MPH,Graduate,Female,Hispanic/Latino,26,In-state,Yes,No,8680.0,18,16,86.2,85.9,44.6,0,0,2,3.11,Medium,0.507,Yes,0.348,No
S02893,2026,Fall,Social Work,BSW,Undergraduate,Male,White,20,In-state,No,Yes,3172.0,24,23,94.7,81.9,63.0,2,1,3,3.58,Low,0.741,Yes,0.586,Yes
S02894,2023,Fall,Nutrition,MS Nutrition,Graduate,Male,White,36,International,Yes,Yes,7751.0,27,27,99.0,87.4,76.0,0,2,2,3.42,Low,0.73,Yes,0.609,Yes
S02895,2023,Fall,Public Health,BS Public Health,Undergraduate,Female,White,23,In-state,No,Yes,1960.0,32,29,89.6,97.0,74.5,5,1,2,3.7,Low,0.872,Yes,0.803,Yes
S02896,2025,Fall,Data Science,MS Health Data Science,Graduate,Male,Hispanic/Latino,22,In-state,Yes,Yes,5711.0,30,28,92.0,75.7,39.8,1,2,2,2.99,Medium,0.464,Yes,0.33,No
S02897,2023,Spring,Data Science,BS Health Data Science,Undergraduate,Female,Hispanic/Latino,24,International,No,Yes,4602.0,31,31,100.0,97.8,74.0,2,6,0,2.3,Medium,0.602,Yes,0.436,No
S02898,2024,Spring,Health Administration,BS Health Administration,Undergraduate,Female,Asian,25,In-state,No,No,10574.0,24,24,100.0,81.4,90.3,3,0,0,3.5,Low,0.76,Yes,0.676,No
S02899,2026,Spring,Data Science,BS Health Data Science,Undergraduate,Female,White,23,In-state,No,No,2643.0,33,29,87.9,60.0,79.8,1,0,2,2.6,Medium,0.466,Yes,0.284,No
S02900,2023,Spring,Social Work,BSW,Undergraduate,Female,White,25,International,No,No,9990.0,32,32,99.9,87.8,73.3,3,0,0,2.91,Low,0.668,No,0.558,No
S02901,2024,Spring,Nutrition,BS Nutrition,Undergraduate,Female,White,23,In-state,Yes,Yes,5035.0,24,22,91.5,87.6,67.8,0,1,2,3.8,Low,0.76,Yes,0.647,No
S02902,2025,Fall,Social Work,BSW,Undergraduate,Female,Black,21,International,No,Yes,6776.0,33,33,99.2,72.8,69.8,4,0,2,3.62,Low,0.729,Yes,0.66,Yes
S02903,2022,Spring,Social Work,BSW,Undergraduate,Female,White,22,In-state,Yes,Yes,9828.0,33,33,100.0,68.4,97.1,4,2,1,3.99,Medium,0.759,Yes,0.789,Yes
S02904,2022,Spring,Public Health,MS Epidemiology,Graduate,Male,Asian,22,Out-of-state,No,Yes,10545.0,30,30,100.0,99.0,95.4,3,4,2,3.51,Low,0.846,Yes,0.804,Yes
S02905,2026,Fall,Nutrition,MS Nutrition,Graduate,Female,Black,26,In-state,Yes,Yes,2862.0,21,21,99.6,100.0,97.9,6,3,1,3.28,Low,0.897,Yes,0.777,Yes
S02906,2026,Spring,Data Science,BS Health Data Science,Undergraduate,Female,Black,20,In-state,No,Yes,1322.0,27,27,100.0,86.4,66.4,3,0,0,3.31,Low,0.765,Yes,0.599,No
S02907,2026,Fall,Data Science,MS Health Data Science,Graduate,Male,White,27,International,No,No,9312.0,27,27,100.0,73.8,70.2,1,4,3,3.4,Low,0.649,Yes,0.519,No
S02908,2025,Spring,Nutrition,BS Nutrition,Undergraduate,Female,Black,22,In-state,Yes,Yes,2909.0,24,24,100.0,82.7,95.5,5,5,2,3.12,Low,0.814,Yes,0.647,Yes
S02909,2023,Fall,Data Science,BS Health Data Science,Undergraduate,Female,Hispanic/Latino,18,In-state,Yes,Yes,12408.0,33,30,90.0,83.0,93.0,0,4,3,3.27,Medium,0.627,Yes,0.619,Yes
S02910,2024,Fall,Health Administration,BS Health Administration,Undergraduate,Male,Black,19,In-state,Yes,No,1547.0,30,30,100.0,82.2,81.1,2,0,2,2.81,Low,0.707,Yes,0.493,No
S02911,2024,Spring,Public Health,BS Public Health,Undergraduate,Female,White,19,In-state,Yes,Yes,8077.0,33,30,92.0,93.1,80.9,5,1,1,2.6,Low,0.722,Yes,0.564,Yes
S02912,2025,Fall,Data Science,MS Health Data Science,Graduate,Female,Black,22,Out-of-state,No,No,10341.0,21,21,100.0,81.6,90.6,5,0,3,3.55,Low,0.809,Yes,0.708,Yes
S02913,2025,Fall,Social Work,BSW,Undergraduate,Female,White,21,In-state,No,No,6730.0,30,30,100.0,86.8,72.8,4,2,2,3.08,Low,0.73,Yes,0.603,No
S02914,2024,Fall,Health Administration,BS Health Administration,Undergraduate,Female,Black,20,In-state,No,Yes,5225.0,24,23,94.4,86.1,57.1,3,2,0,2.92,Low,0.653,Yes,0.44,No
S02915,2022,Spring,Public Health,BS Public Health,Undergraduate,Female,White,22,In-state,Yes,Yes,865.0,30,30,100.0,100.0,86.3,3,1,1,3.6,Low,0.877,Yes,0.801,Yes
S02916,2023,Spring,Public Health,BS Public Health,Undergraduate,Female,White,20,In-state,Yes,No,9689.0,32,26,82.7,85.4,77.4,1,1,0,2.02,High,0.327,No,0.167,No
S02917,2023,Fall,Public Health,BS Public Health,Undergraduate,Female,White,18,In-state,Yes,Yes,7981.0,31,31,100.0,79.7,94.3,2,0,3,3.04,Low,0.712,Yes,0.59,Yes
S02918,2026,Fall,Data Science,BS Health Data Science,Undergraduate,Female,Black,23,In-state,Yes,Yes,0.0,24,24,100.0,90.8,100.0,6,4,1,3.37,Low,0.889,Yes,0.771,Yes
S02919,2022,Spring,Social Work,BSW,Undergraduate,Female,White,21,In-state,No,Yes,11582.0,32,29,90.8,72.7,53.4,1,1,0,3.28,Medium,0.465,No,0.435,No
S02920,2023,Spring,Data Science,BS Health Data Science,Undergraduate,Female,Black,25,International,No,Yes,9295.0,32,32,100.0,82.0,67.6,3,1,1,3.1,Low,0.655,Yes,0.551,No
S02921,2022,Spring,Nutrition,BS Nutrition,Undergraduate,Male,Other/Unknown,26,In-state,No,No,9927.0,33,29,86.9,72.7,64.4,4,2,2,2.26,High,0.31,Yes,0.176,No
S02922,2025,Spring,Data Science,BS Health Data Science,Undergraduate,Female,Black,20,Out-of-state,No,Yes,7667.0,30,30,100.0,90.0,71.6,4,5,2,3.58,Low,0.792,Yes,0.732,Yes
S02923,2023,Fall,Public Health,BS Public Health,Undergraduate,Male,Hispanic/Latino,21,In-state,Yes,No,12082.0,27,27,99.2,80.3,63.2,0,4,1,2.99,Medium,0.467,Yes,0.408,Yes
S02924,2022,Fall,Nutrition,BS Nutrition,Undergraduate,Male,White,25,In-state,No,No,5033.0,32,32,100.0,100.0,76.8,3,0,0,3.69,Low,0.848,Yes,0.803,Yes
S02925,2026,Spring,Nutrition,BS Nutrition,Undergraduate,Male,Hispanic/Latino,22,Out-of-state,No,Yes,5562.0,33,33,100.0,96.7,47.2,0,2,1,3.57,Low,0.711,Yes,0.639,No
S02926,2026,Fall,Data Science,BS Health Data Science,Undergraduate,Female,Black,22,In-state,No,No,7076.0,30,30,100.0,80.8,100.0,0,1,2,3.01,Low,0.704,Yes,0.564,No
S02927,2022,Fall,Social Work,BSW,Undergraduate,Female,Black,20,In-state,No,No,8290.0,32,30,94.4,60.1,52.9,3,0,2,2.57,Medium,0.356,No,0.242,No
S02928,2023,Fall,Health Administration,BS Health Administration,Undergraduate,Female,White,23,In-state,Yes,Yes,7784.0,30,30,100.0,81.4,93.5,2,0,0,3.08,Low,0.723,Yes,0.599,No
S02929,2025,Fall,Health Administration,BS Health Administration,Undergraduate,Female,White,22,In-state,Yes,Yes,10266.0,27,27,100.0,74.9,98.3,1,4,1,2.96,Medium,0.594,No,0.51,No
S02930,2026,Spring,Public Health,MS Epidemiology,Graduate,Female,White,27,Out-of-state,No,No,5654.0,21,21,99.8,72.4,75.3,4,1,2,3.49,Low,0.751,Yes,0.576,No
S02931,2025,Fall,Social Work,MSW,Graduate,Female,White,29,Out-of-state,Yes,Yes,7015.0,24,24,100.0,60.9,48.6,3,0,1,3.31,Medium,0.493,Yes,0.366,No
S02932,2024,Spring,Social Work,BSW,Undergraduate,Female,White,19,In-state,No,No,6485.0,33,33,100.0,92.1,62.3,2,3,1,3.35,Low,0.728,Yes,0.644,Yes
S02933,2024,Fall,Social Work,BSW,Undergraduate,Female,Black,19,In-state,No,No,6768.0,31,31,100.0,92.0,72.0,3,2,1,3.88,Low,0.823,Yes,0.789,Yes
S02934,2025,Fall,Social Work,BSW,Undergraduate,Female,White,23,International,No,No,13777.0,30,30,100.0,85.6,81.9,2,0,0,4.0,Low,0.777,No,0.789,Yes
S02935,2026,Fall,Data Science,BS Health Data Science,Undergraduate,Female,White,25,In-state,No,Yes,1417.0,27,26,95.3,89.3,72.0,2,2,1,3.02,Low,0.74,Yes,0.535,No
S02936,2022,Fall,Social Work,BSW,Undergraduate,Male,White,20,In-state,Yes,Yes,2249.0,31,30,96.9,100.0,100.0,5,2,3,3.22,Low,0.882,Yes,0.795,Yes
S02937,2022,Fall,Public Health,BS Public Health,Undergraduate,Female,White,19,International,Yes,No,7045.0,33,33,99.7,81.5,80.8,1,3,1,3.44,Low,0.725,Yes,0.647,Yes
S02938,2022,Fall,Social Work,BSW,Undergraduate,Female,White,22,In-state,Yes,No,5067.0,30,30,99.1,82.0,86.4,3,0,0,3.08,Low,0.743,Yes,0.6,Yes
S02939,2022,Fall,Social Work,BSW,Undergraduate,Male,Asian,21,Out-of-state,Yes,Yes,7779.0,27,27,100.0,99.2,75.7,3,1,0,3.49,Low,0.81,Yes,0.739,Yes
S02940,2023,Spring,Data Science,BS Health Data Science,Undergraduate,Male,Black,20,In-state,Yes,Yes,3756.0,30,28,92.8,74.8,81.6,1,2,0,2.51,Medium,0.527,Yes,0.342,No
S02941,2023,Fall,Data Science,BS Health Data Science,Undergraduate,Nonbinary,White,26,In-state,No,Yes,2736.0,24,24,100.0,82.5,61.6,3,1,2,4.0,Low,0.805,No,0.709,Yes
S02942,2025,Fall,Data Science,BS Health Data Science,Undergraduate,Female,Asian,25,In-state,No,Yes,1202.0,24,21,89.5,91.6,71.8,1,3,2,3.12,Low,0.749,Yes,0.527,Yes
S02943,2026,Fall,Social Work,BSW,Undergraduate,Female,Hispanic/Latino,22,In-state,No,Yes,5294.0,32,30,94.4,93.0,52.1,4,3,0,2.99,Low,0.698,Yes,0.546,No
S02944,2025,Spring,Health Administration,BS Health Administration,Undergraduate,Male,Asian,20,In-state,No,No,2745.0,33,25,75.3,69.4,44.5,4,2,0,2.99,High,0.405,No,0.226,Yes
S02945,2024,Spring,Health Administration,MHA,Graduate,Female,Hispanic/Latino,42,Out-of-state,Yes,Yes,7906.0,30,29,97.6,78.9,83.1,1,0,4,3.62,Low,0.751,Yes,0.659,Yes
S02946,2024,Spring,Public Health,BS Public Health,Undergraduate,Male,Black,21,Out-of-state,No,Yes,3252.0,27,27,98.5,72.3,77.7,2,5,2,2.91,Low,0.648,No,0.428,Yes
S02947,2026,Fall,Social Work,BSW,Undergraduate,Male,Hispanic/Latino,22,In-state,Yes,No,10745.0,24,22,91.5,76.6,60.2,1,0,0,3.43,Medium,0.541,Yes,0.479,Yes
S02948,2025,Fall,Social Work,MSW,Graduate,Female,White,32,In-state,No,Yes,7201.0,30,30,100.0,100.0,90.2,3,3,2,3.88,Low,0.883,No,0.851,Yes
S02949,2026,Fall,Public Health,BS Public Health,Undergraduate,Male,Other/Unknown,21,In-state,Yes,Yes,5494.0,33,32,97.8,100.0,59.6,4,3,1,3.46,Low,0.801,Yes,0.732,Yes
S02950,2023,Fall,Health Administration,MHA,Graduate,Male,White,27,In-state,No,No,9759.0,30,30,100.0,83.6,85.2,4,2,3,3.48,Low,0.788,Yes,0.716,No
S02951,2022,Spring,Health Administration,BS Health Administration,Undergraduate,Female,Hispanic/Latino,21,In-state,No,Yes,3310.0,27,27,100.0,95.8,59.6,4,0,3,3.14,Low,0.764,Yes,0.608,No
S02952,2026,Spring,Nutrition,BS Nutrition,Undergraduate,Female,Asian,23,In-state,Yes,Yes,3560.0,24,22,93.0,67.2,85.0,1,2,1,2.51,High,0.389,Yes,0.177,No
S02953,2022,Spring,Nutrition,MS Nutrition,Graduate,Male,Black,28,In-state,No,No,12920.0,21,21,99.0,79.6,77.0,3,1,2,3.71,Medium,0.691,Yes,0.658,Yes
S02954,2023,Fall,Nutrition,BS Nutrition,Undergraduate,Male,Multiracial,24,In-state,No,No,8578.0,24,24,100.0,89.8,93.3,4,4,1,3.13,Low,0.786,No,0.664,No
S02955,2025,Fall,Health Administration,BS Health Administration,Undergraduate,Female,Other/Unknown,18,Out-of-state,No,Yes,6188.0,31,27,86.8,68.9,44.7,0,0,3,2.73,High,0.265,No,0.144,No
S02956,2022,Fall,Nutrition,BS Nutrition,Undergraduate,Male,Hispanic/Latino,22,In-state,No,No,7507.0,32,32,100.0,81.5,53.9,1,0,2,3.43,Low,0.638,No,0.547,No
S02957,2025,Fall,Nutrition,BS Nutrition,Undergraduate,Male,White,18,Out-of-state,No,No,7262.0,30,30,100.0,56.0,42.9,1,0,3,3.33,Medium,0.388,No,0.319,Yes
S02958,2022,Spring,Public Health,MS Epidemiology,Graduate,Female,White,23,International,Yes,No,9403.0,18,18,100.0,96.4,77.7,2,0,1,3.4,Low,0.785,Yes,0.648,Yes
S02959,2024,Fall,Data Science,BS Health Data Science,Undergraduate,Female,White,20,In-state,No,No,5785.0,30,30,100.0,75.5,58.3,4,0,2,2.75,Medium,0.528,Yes,0.396,No
S02960,2025,Spring,Public Health,BS Public Health,Undergraduate,Female,White,18,International,No,No,10087.0,27,25,91.2,59.1,32.1,2,0,0,3.33,High,0.265,No,0.187,No
S02961,2023,Fall,Health Administration,MHA,Graduate,Male,Hispanic/Latino,22,In-state,Yes,No,4125.0,18,18,100.0,81.0,94.1,2,3,2,3.39,Low,0.8,Yes,0.61,Yes
S02962,2026,Fall,Public Health,BS Public Health,Undergraduate,Female,Asian,21,In-state,Yes,Yes,5117.0,33,33,100.0,68.9,67.8,3,1,0,3.35,Medium,0.607,Yes,0.542,Yes
S02963,2025,Fall,Data Science,BS Health Data Science,Undergraduate,Female,Hispanic/Latino,18,International,Yes,Yes,8546.0,27,27,98.6,81.0,86.9,2,5,2,3.25,Low,0.719,Yes,0.601,No
S02964,2025,Fall,Nutrition,BS Nutrition,Undergraduate,Male,Black,24,Out-of-state,No,Yes,2130.0,30,30,100.0,100.0,73.9,1,3,1,3.78,Low,0.845,No,0.777,Yes
S02965,2023,Fall,Social Work,BSW,Undergraduate,Male,Hispanic/Latino,22,In-state,No,Yes,5116.0,30,25,84.1,87.1,60.8,5,2,0,2.32,Medium,0.558,No,0.358,Yes
S02966,2022,Spring,Health Administration,MHA,Graduate,Female,White,22,International,No,Yes,9266.0,24,22,90.5,59.0,66.8,1,5,2,2.79,Medium,0.401,No,0.25,No
S02967,2024,Spring,Public Health,MS Epidemiology,Graduate,Female,Hispanic/Latino,31,In-state,Yes,Yes,1987.0,30,24,80.8,54.2,66.6,2,1,0,2.94,Medium,0.489,Yes,0.28,No
S02968,2026,Fall,Data Science,BS Health Data Science,Undergraduate,Female,Black,19,In-state,No,No,8987.0,30,27,90.1,66.9,71.3,0,1,0,3.56,Medium,0.547,Yes,0.503,Yes
S02969,2023,Fall,Data Science,BS Health Data Science,Undergraduate,Female,White,19,In-state,Yes,Yes,6101.0,27,19,68.5,67.6,31.1,1,0,2,2.49,High,0.212,No,0.085,No
S02970,2025,Spring,Nutrition,BS Nutrition,Undergraduate,Female,White,20,In-state,No,Yes,6710.0,27,25,94.0,73.2,100.0,2,0,2,2.89,Medium,0.632,Yes,0.494,No
S02971,2025,Fall,Data Science,BS Health Data Science,Undergraduate,Female,White,18,International,No,Yes,11355.0,32,32,100.0,85.3,82.7,0,0,3,2.06,High,0.316,No,0.193,No
S02972,2024,Fall,Public Health,BS Public Health,Undergraduate,Nonbinary,White,23,In-state,No,No,6572.0,33,33,100.0,94.7,71.1,3,2,3,3.63,Low,0.806,Yes,0.761,Yes
S02973,2024,Fall,Health Administration,BS Health Administration,Undergraduate,Male,White,22,In-state,No,Yes,1927.0,32,32,100.0,95.1,100.0,2,1,2,3.99,Low,0.898,Yes,0.863,Yes
S02974,2023,Spring,Social Work,MSW,Graduate,Male,White,27,In-state,No,Yes,8983.0,27,27,100.0,60.2,27.2,1,1,1,3.37,Medium,0.367,No,0.288,No
S02975,2026,Spring,Health Administration,BS Health Administration,Undergraduate,Male,White,23,In-state,No,No,4025.0,31,31,100.0,79.4,95.7,1,0,0,3.22,Low,0.751,Yes,0.616,Yes
S02976,2023,Spring,Social Work,BSW,Undergraduate,Female,Black,18,In-state,No,Yes,6627.0,27,27,100.0,94.8,65.8,2,2,3,3.39,Low,0.753,No,0.648,Yes
S02977,2024,Fall,Health Administration,BS Health Administration,Undergraduate,Male,Hispanic/Latino,21,International,No,Yes,10917.0,30,29,95.6,61.7,54.5,2,2,2,3.41,Medium,0.456,No,0.425,No
S02978,2024,Spring,Social Work,BSW,Undergraduate,Male,Black,24,In-state,Yes,No,9619.0,32,32,100.0,85.2,100.0,5,2,4,3.89,Low,0.861,Yes,0.85,Yes
S02979,2023,Spring,Health Administration,BS Health Administration,Undergraduate,Female,White,19,In-state,No,No,3407.0,30,28,93.0,84.0,57.8,4,0,0,2.61,Low,0.634,Yes,0.399,No
S02980,2025,Spring,Public Health,BS Public Health,Undergraduate,Female,Hispanic/Latino,25,In-state,No,Yes,4238.0,30,30,100.0,60.6,73.2,2,2,0,3.05,Medium,0.523,No,0.394,No
S02981,2023,Fall,Health Administration,BS Health Administration,Undergraduate,Female,White,21,In-state,No,Yes,5515.0,24,20,84.6,78.0,63.5,1,0,1,2.44,Medium,0.452,No,0.251,Yes
S02982,2024,Spring,Public Health,BS Public Health,Undergraduate,Female,Hispanic/Latino,23,In-state,Yes,Yes,7451.0,33,31,92.8,75.2,61.3,2,1,3,1.97,High,0.263,No,0.126,No
S02983,2024,Fall,Data Science,MS Health Data Science,Graduate,Female,Multiracial,22,In-state,Yes,Yes,3197.0,18,18,97.6,100.0,81.6,5,3,1,3.41,Low,0.872,Yes,0.732,No
S02984,2026,Spring,Social Work,BSW,Undergraduate,Male,Hispanic/Latino,20,In-state,No,Yes,7163.0,32,31,97.7,88.4,61.9,3,2,0,3.34,Low,0.72,Yes,0.626,No
S02985,2024,Fall,Nutrition,BS Nutrition,Undergraduate,Female,White,22,In-state,Yes,Yes,3861.0,33,32,96.8,92.9,51.7,2,2,2,3.44,Low,0.735,Yes,0.632,Yes
S02986,2025,Fall,Nutrition,MS Nutrition,Graduate,Female,White,27,In-state,Yes,Yes,4516.0,24,24,100.0,75.6,78.5,4,1,1,3.33,Low,0.761,Yes,0.582,No
S02987,2025,Spring,Nutrition,BS Nutrition,Undergraduate,Female,White,22,In-state,No,Yes,6812.0,24,24,99.2,87.4,67.1,3,2,0,2.95,Low,0.681,Yes,0.496,No
S02988,2024,Fall,Social Work,MSW,Graduate,Female,White,36,In-state,No,No,6723.0,21,20,93.1,83.6,91.8,0,3,2,3.23,Low,0.74,No,0.549,Yes
S02989,2025,Spring,Public Health,BS Public Health,Undergraduate,Female,Asian,23,Out-of-state,Yes,Yes,12105.0,27,27,98.9,85.5,41.4,4,4,0,3.56,Medium,0.591,No,0.592,No
S02990,2022,Fall,Social Work,MSW,Graduate,Nonbinary,Multiracial,37,In-state,No,Yes,6183.0,24,24,100.0,95.5,77.1,1,3,0,3.05,Low,0.748,Yes,0.569,Yes
S02991,2025,Spring,Social Work,BSW,Undergraduate,Female,White,23,Out-of-state,No,No,6610.0,33,33,100.0,88.5,80.9,4,2,0,3.47,Low,0.802,Yes,0.741,Yes
S02992,2023,Fall,Social Work,BSW,Undergraduate,Female,Hispanic/Latino,19,Out-of-state,Yes,No,9741.0,32,29,91.8,84.4,93.0,4,0,3,2.82,Medium,0.664,No,0.583,Yes
S02993,2024,Fall,Health Administration,BS Health Administration,Undergraduate,Female,Black,25,In-state,No,Yes,0.0,33,33,100.0,100.0,75.7,1,0,0,3.97,Low,0.873,Yes,0.825,Yes
S02994,2023,Spring,Data Science,MS Health Data Science,Graduate,Male,White,35,Out-of-state,No,Yes,6267.0,27,26,96.4,71.3,78.2,4,1,3,3.57,Low,0.758,Yes,0.627,Yes
S02995,2025,Fall,Data Science,BS Health Data Science,Undergraduate,Female,White,19,In-state,No,No,7585.0,31,31,100.0,87.3,97.9,6,2,1,3.84,Low,0.878,Yes,0.853,Yes
S02996,2026,Spring,Social Work,BSW,Undergraduate,Male,White,22,In-state,Yes,Yes,7771.0,24,24,100.0,92.4,88.0,4,1,1,3.7,Low,0.844,No,0.782,No
S02997,2022,Spring,Public Health,BS Public Health,Undergraduate,Female,Multiracial,20,In-state,No,Yes,6881.0,24,24,100.0,87.3,66.8,1,3,1,3.5,Low,0.721,Yes,0.599,Yes
S02998,2024,Fall,Data Science,BS Health Data Science,Undergraduate,Male,Black,20,Out-of-state,Yes,Yes,6614.0,31,31,100.0,87.9,65.6,1,0,0,3.72,Low,0.749,No,0.688,Yes
S02999,2026,Fall,Data Science,BS Health Data Science,Undergraduate,Female,Asian,19,In-state,Yes,Yes,5483.0,33,29,89.3,87.6,37.7,3,3,4,2.59,Medium,0.479,No,0.336,Yes
S03000,2026,Fall,Nutrition,BS Nutrition,Undergraduate,Male,Hispanic/Latino,18,Out-of-state,No,No,10932.0,30,30,100.0,67.0,69.2,0,2,1,3.51,High,0.401,No,0.354,No
S03001,2025,Fall,Data Science,BS Health Data Science,Undergraduate,Male,White,18,In-state,No,No,7032.0,27,25,91.9,66.9,58.7,4,0,3,2.58,Medium,0.443,Yes,0.283,No
S03002,2025,Spring,Public Health,MPH,Graduate,Female,White,32,In-state,Yes,Yes,5194.0,24,24,100.0,95.5,88.0,2,2,2,3.2,Low,0.811,Yes,0.66,No
S03003,2022,Fall,Nutrition,MS Nutrition,Graduate,Male,Black,48,In-state,No,Yes,2659.0,24,24,100.0,89.4,68.6,1,2,2,3.97,Low,0.828,Yes,0.726,No
S03004,2023,Spring,Social Work,BSW,Undergraduate,Female,White,18,In-state,No,Yes,969.0,27,27,100.0,93.0,54.7,1,3,1,2.35,Medium,0.536,No,0.319,No
S03005,2022,Fall,Nutrition,BS Nutrition,Undergraduate,Female,Hispanic/Latino,24,In-state,No,No,12212.0,24,23,97.1,85.5,81.6,3,0,0,3.2,Low,0.704,No,0.594,Yes
S03006,2025,Fall,Health Administration,BS Health Administration,Undergraduate,Male,Black,22,In-state,No,Yes,5327.0,27,27,100.0,87.1,75.5,3,0,2,3.16,Low,0.743,Yes,0.595,Yes
S03007,2026,Spring,Public Health,BS Public Health,Undergraduate,Nonbinary,Multiracial,20,In-state,Yes,No,8805.0,27,23,84.6,65.8,64.2,2,0,2,2.56,High,0.296,No,0.155,No
S03008,2023,Spring,Data Science,BS Health Data Science,Undergraduate,Female,White,24,In-state,Yes,No,8369.0,31,31,100.0,76.5,78.0,4,0,3,2.98,Low,0.67,Yes,0.537,Yes
S03009,2025,Spring,Health Administration,MHA,Graduate,Male,Other/Unknown,38,In-state,Yes,No,9794.0,27,27,99.2,71.3,64.8,3,0,3,3.16,Medium,0.554,Yes,0.461,Yes
S03010,2023,Fall,Social Work,BSW,Undergraduate,Male,White,24,In-state,Yes,Yes,4609.0,31,29,94.4,84.1,51.3,3,3,2,2.69,Low,0.595,Yes,0.385,Yes
S03011,2024,Spring,Public Health,MPH,Graduate,Female,Black,25,In-state,Yes,Yes,11077.0,21,19,89.3,83.2,59.0,3,0,3,3.55,Low,0.7,Yes,0.569,Yes
S03012,2022,Spring,Health Administration,BS Health Administration,Undergraduate,Female,Hispanic/Latino,21,In-state,Yes,Yes,10524.0,33,33,100.0,100.0,83.0,5,1,0,3.87,Low,0.866,Yes,0.866,Yes
S03013,2022,Spring,Health Administration,BS Health Administration,Undergraduate,Female,White,21,Out-of-state,No,Yes,5084.0,31,31,100.0,75.2,74.3,2,1,2,3.65,Low,0.738,No,0.647,Yes
S03014,2025,Fall,Nutrition,BS Nutrition,Undergraduate,Female,Black,21,In-state,Yes,Yes,2921.0,24,24,100.0,75.7,64.2,3,0,2,3.21,Low,0.686,No,0.482,Yes
S03015,2023,Fall,Health Administration,MHA,Graduate,Female,Hispanic/Latino,29,In-state,No,Yes,3371.0,30,29,98.2,100.0,74.6,2,2,1,2.98,Low,0.785,Yes,0.617,No
S03016,2024,Spring,Health Administration,BS Health Administration,Undergraduate,Female,White,22,Out-of-state,No,Yes,4094.0,30,30,100.0,96.9,73.4,3,3,0,3.57,Low,0.827,Yes,0.752,No
S03017,2026,Spring,Health Administration,BS Health Administration,Undergraduate,Female,White,23,In-state,Yes,No,10420.0,32,32,100.0,92.2,99.2,3,2,1,3.54,Low,0.825,Yes,0.796,Yes
S03018,2023,Spring,Health Administration,BS Health Administration,Undergraduate,Female,Black,21,In-state,No,Yes,8434.0,31,28,91.8,92.1,79.1,3,4,0,3.11,Low,0.744,Yes,0.631,Yes
S03019,2026,Fall,Data Science,MS Health Data Science,Graduate,Female,Hispanic/Latino,27,In-state,Yes,Yes,6407.0,24,24,98.5,90.7,48.8,7,2,4,4.0,Low,0.842,Yes,0.775,Yes
S03020,2026,Spring,Public Health,BS Public Health,Undergraduate,Male,Black,19,Out-of-state,Yes,No,6090.0,27,25,93.0,88.0,63.3,1,0,0,3.08,Low,0.662,Yes,0.488,No
S03021,2022,Fall,Data Science,BS Health Data Science,Undergraduate,Male,Black,23,In-state,No,Yes,7031.0,24,24,100.0,83.9,31.6,2,0,2,3.73,Low,0.646,No,0.536,No
S03022,2023,Spring,Social Work,MSW,Graduate,Female,Hispanic/Latino,31,International,No,Yes,7964.0,27,27,100.0,96.7,88.5,0,2,1,4.0,Low,0.85,No,0.811,No
S03023,2023,Spring,Nutrition,MS Nutrition,Graduate,Female,Asian,29,In-state,No,Yes,9190.0,18,18,100.0,73.6,78.5,1,1,2,4.0,Low,0.754,Yes,0.646,No
S03024,2023,Fall,Public Health,BS Public Health,Undergraduate,Female,Multiracial,19,In-state,Yes,Yes,857.0,32,28,88.2,79.1,48.4,3,1,2,3.31,Low,0.687,No,0.498,No
S03025,2023,Fall,Data Science,BS Health Data Science,Undergraduate,Female,Asian,21,Out-of-state,No,No,7318.0,24,22,91.7,73.2,76.4,1,2,1,3.33,Low,0.656,No,0.49,Yes
S03026,2023,Spring,Social Work,BSW,Undergraduate,Female,Hispanic/Latino,18,In-state,No,No,10595.0,27,24,89.6,87.0,65.8,2,3,2,3.14,Low,0.65,Yes,0.519,No
S03027,2026,Spring,Public Health,BS Public Health,Undergraduate,Male,Hispanic/Latino,19,In-state,No,Yes,3960.0,27,27,100.0,71.2,73.1,4,0,3,2.41,Medium,0.519,No,0.321,No
S03028,2024,Spring,Health Administration,MHA,Graduate,Female,Multiracial,29,In-state,No,Yes,6895.0,24,24,100.0,86.6,86.3,4,4,1,4.0,Low,0.864,Yes,0.805,Yes
S03029,2026,Fall,Health Administration,MHA,Graduate,Female,Black,38,International,No,Yes,12888.0,21,21,100.0,83.4,80.7,3,3,1,3.83,Low,0.78,Yes,0.717,Yes
S03030,2026,Fall,Nutrition,BS Nutrition,Undergraduate,Male,Hispanic/Latino,22,In-state,No,No,9553.0,32,32,100.0,100.0,69.4,2,2,2,2.92,Low,0.702,No,0.602,Yes
S03031,2025,Spring,Health Administration,BS Health Administration,Undergraduate,Female,White,24,In-state,No,No,9443.0,31,30,97.5,84.7,73.7,1,4,1,3.37,Low,0.69,Yes,0.609,Yes
S03032,2022,Spring,Health Administration,BS Health Administration,Undergraduate,Female,Other/Unknown,21,In-state,No,Yes,8071.0,32,32,100.0,72.7,71.5,0,2,0,4.0,Medium,0.654,Yes,0.675,No
S03033,2024,Fall,Public Health,BS Public Health,Undergraduate,Female,White,20,In-state,No,No,7673.0,30,28,92.1,83.9,66.8,1,0,2,3.55,Low,0.705,Yes,0.614,No
S03034,2023,Fall,Data Science,BS Health Data Science,Undergraduate,Male,White,22,In-state,No,Yes,3675.0,30,30,100.0,76.0,39.6,4,0,2,2.84,Medium,0.502,Yes,0.361,No
S03035,2025,Spring,Data Science,BS Health Data Science,Undergraduate,Male,Hispanic/Latino,20,In-state,No,Yes,3176.0,32,31,95.8,77.8,72.5,5,4,1,3.15,Low,0.742,Yes,0.59,Yes
S03036,2023,Spring,Nutrition,BS Nutrition,Undergraduate,Male,White,21,In-state,No,No,5139.0,24,24,100.0,92.8,46.1,1,2,0,3.29,Low,0.67,Yes,0.506,No
S03037,2022,Fall,Health Administration,BS Health Administration,Undergraduate,Male,White,22,In-state,Yes,No,10268.0,31,28,91.6,92.4,55.8,3,2,0,3.03,Low,0.651,Yes,0.534,No
S03038,2025,Fall,Social Work,BSW,Undergraduate,Female,Black,21,Out-of-state,Yes,No,12287.0,32,32,100.0,97.9,92.3,3,2,1,3.37,Low,0.801,No,0.775,Yes
S03039,2024,Fall,Nutrition,MS Nutrition,Graduate,Female,Hispanic/Latino,22,In-state,Yes,Yes,3126.0,24,24,100.0,79.8,56.4,0,3,4,3.03,Medium,0.558,Yes,0.376,Yes
S03040,2023,Spring,Data Science,MS Health Data Science,Graduate,Female,Other/Unknown,35,In-state,No,No,4834.0,24,24,100.0,100.0,74.8,1,1,1,3.28,Low,0.795,Yes,0.646,No
S03041,2024,Fall,Nutrition,BS Nutrition,Undergraduate,Female,Multiracial,22,International,No,Yes,4090.0,32,29,90.9,88.6,73.7,0,1,1,2.21,Medium,0.504,Yes,0.314,Yes
S03042,2022,Fall,Social Work,BSW,Undergraduate,Male,Hispanic/Latino,20,In-state,Yes,No,7103.0,33,33,99.3,100.0,58.1,1,4,3,3.92,Low,0.797,Yes,0.778,Yes
S03043,2022,Fall,Health Administration,BS Health Administration,Undergraduate,Female,White,21,Out-of-state,Yes,No,6775.0,30,30,100.0,96.4,73.4,0,3,2,3.12,Low,0.714,Yes,0.594,Yes
S03044,2026,Fall,Nutrition,MS Nutrition,Graduate,Male,Hispanic/Latino,24,In-state,Yes,No,3426.0,24,24,100.0,100.0,68.2,4,0,0,3.8,Low,0.87,Yes,0.785,Yes
S03045,2026,Spring,Social Work,MSW,Graduate,Female,Black,30,Out-of-state,Yes,Yes,5540.0,18,18,99.0,81.6,49.4,0,0,0,3.36,Low,0.631,Yes,0.41,No
S03046,2025,Spring,Health Administration,MHA,Graduate,Male,White,26,Out-of-state,No,No,8129.0,27,27,100.0,82.0,75.7,4,0,1,3.43,Low,0.764,No,0.651,No
S03047,2025,Fall,Health Administration,BS Health Administration,Undergraduate,Nonbinary,White,23,International,No,No,6279.0,27,27,100.0,88.6,68.0,2,4,2,3.9,Low,0.795,Yes,0.735,No
S03048,2026,Spring,Health Administration,BS Health Administration,Undergraduate,Male,White,25,Out-of-state,Yes,Yes,6002.0,27,27,100.0,82.4,93.5,2,2,0,3.67,Low,0.808,No,0.728,Yes
S03049,2026,Fall,Nutrition,BS Nutrition,Undergraduate,Female,Asian,25,Out-of-state,Yes,Yes,7023.0,24,21,86.6,71.8,52.4,2,2,2,2.88,Medium,0.457,No,0.304,Yes
S03050,2023,Fall,Public Health,BS Public Health,Undergraduate,Female,White,25,Out-of-state,No,Yes,3959.0,30,24,79.3,67.6,77.7,4,0,1,2.58,High,0.432,Yes,0.22,Yes
S03051,2022,Spring,Nutrition,BS Nutrition,Undergraduate,Nonbinary,White,18,Out-of-state,No,No,10177.0,31,31,100.0,67.9,77.3,3,3,2,3.25,Medium,0.571,No,0.532,Yes
S03052,2022,Spring,Data Science,MS Health Data Science,Graduate,Male,Multiracial,27,In-state,Yes,Yes,7838.0,24,23,95.0,82.6,88.6,2,0,2,2.9,Low,0.707,Yes,0.504,Yes
S03053,2025,Spring,Public Health,MPH,Graduate,Female,Black,38,In-state,No,Yes,5955.0,18,18,99.8,84.0,90.7,5,2,2,3.21,Low,0.811,Yes,0.628,Yes
S03054,2022,Spring,Data Science,MS Health Data Science,Graduate,Female,Asian,27,In-state,No,Yes,1167.0,21,21,100.0,76.3,80.0,3,0,3,3.27,Low,0.77,Yes,0.54,Yes
S03055,2026,Spring,Public Health,BS Public Health,Undergraduate,Male,White,23,In-state,Yes,Yes,9070.0,27,27,100.0,87.4,70.7,2,2,2,3.96,Low,0.785,Yes,0.748,Yes
S03056,2026,Spring,Nutrition,BS Nutrition,Undergraduate,Male,White,23,In-state,No,Yes,7523.0,30,25,83.4,94.2,81.3,2,2,0,1.85,Medium,0.509,Yes,0.3,No
S03057,2026,Spring,Public Health,BS Public Health,Undergraduate,Male,Black,22,In-state,No,Yes,914.0,32,32,100.0,88.9,89.1,5,0,1,2.93,Low,0.815,Yes,0.66,Yes
S03058,2025,Fall,Data Science,BS Health Data Science,Undergraduate,Male,Asian,23,In-state,No,Yes,5130.0,24,22,92.1,81.3,48.5,0,1,0,2.72,Medium,0.448,Yes,0.278,No
S03059,2024,Fall,Health Administration,MHA,Graduate,Female,White,22,Out-of-state,No,Yes,6010.0,24,24,100.0,83.7,60.9,0,3,2,2.96,Low,0.615,Yes,0.397,Yes
S03060,2025,Spring,Nutrition,BS Nutrition,Undergraduate,Male,Hispanic/Latino,22,Out-of-state,No,Yes,738.0,33,33,100.0,100.0,100.0,3,3,1,3.22,Low,0.872,Yes,0.78,Yes
S03061,2023,Fall,Nutrition,BS Nutrition,Undergraduate,Female,Hispanic/Latino,24,In-state,No,Yes,2129.0,30,30,100.0,93.4,96.1,4,2,2,4.0,Low,0.904,Yes,0.866,Yes
S03062,2024,Fall,Social Work,MSW,Graduate,Male,White,36,In-state,No,No,11431.0,27,26,97.2,81.2,66.6,4,1,1,3.79,Low,0.756,Yes,0.697,Yes
S03063,2026,Spring,Health Administration,MHA,Graduate,Female,White,32,In-state,No,Yes,7486.0,27,27,99.3,73.4,85.4,7,0,3,3.18,Low,0.773,Yes,0.629,Yes
S03064,2024,Spring,Nutrition,BS Nutrition,Undergraduate,Female,Hispanic/Latino,20,Out-of-state,Yes,No,8563.0,27,27,100.0,79.5,75.0,4,2,3,2.82,Medium,0.591,Yes,0.478,Yes
S03065,2026,Fall,Health Administration,MHA,Graduate,Male,Other/Unknown,35,In-state,No,Yes,0.0,27,27,100.0,85.8,84.5,1,1,1,4.0,Low,0.863,No,0.769,Yes
S03066,2024,Spring,Public Health,BS Public Health,Undergraduate,Female,Asian,24,International,No,No,16156.0,30,30,100.0,82.0,94.0,2,0,0,2.29,Medium,0.47,No,0.401,No
S03067,2026,Spring,Data Science,MS Health Data Science,Graduate,Male,Multiracial,28,In-state,No,Yes,6514.0,18,16,89.8,70.9,65.2,1,0,2,3.7,Low,0.688,Yes,0.497,Yes
S03068,2024,Spring,Nutrition,BS Nutrition,Undergraduate,Male,White,23,In-state,No,Yes,6521.0,27,23,86.8,96.2,63.8,1,2,1,3.55,Low,0.758,No,0.647,Yes
S03069,2026,Fall,Nutrition,BS Nutrition,Undergraduate,Male,White,18,In-state,Yes,Yes,0.0,31,29,94.3,95.8,43.9,1,4,1,3.5,Low,0.748,Yes,0.601,Yes
S03070,2023,Fall,Nutrition,BS Nutrition,Undergraduate,Male,White,20,In-state,No,Yes,8595.0,32,32,100.0,95.1,59.7,2,1,3,4.0,Low,0.795,No,0.784,Yes
S03071,2022,Spring,Public Health,BS Public Health,Undergraduate,Male,White,19,Out-of-state,No,Yes,1969.0,27,24,89.3,80.7,69.2,0,1,0,2.83,Medium,0.565,Yes,0.373,No
S03072,2025,Spring,Health Administration,MHA,Graduate,Female,Asian,37,In-state,No,Yes,1089.0,18,18,100.0,86.7,75.4,2,2,1,3.72,Low,0.83,Yes,0.662,No
S03073,2026,Fall,Health Administration,BS Health Administration,Undergraduate,Female,Hispanic/Latino,21,In-state,No,Yes,6401.0,31,31,99.5,76.2,70.0,3,0,0,2.89,Medium,0.569,No,0.464,No
S03074,2025,Spring,Health Administration,BS Health Administration,Undergraduate,Female,White,20,Out-of-state,No,Yes,4191.0,24,19,80.7,63.1,49.8,0,3,4,2.32,High,0.22,No,0.077,No
S03075,2024,Spring,Public Health,MS Epidemiology,Graduate,Female,Other/Unknown,30,In-state,No,No,9537.0,21,20,96.5,80.2,100.0,2,3,1,3.09,Low,0.739,No,0.56,Yes
S03076,2023,Fall,Health Administration,MHA,Graduate,Female,Black,34,In-state,Yes,No,8183.0,24,23,95.1,81.2,55.0,4,4,2,3.8,Low,0.752,Yes,0.649,Yes
S03077,2025,Fall,Health Administration,BS Health Administration,Undergraduate,Female,White,20,Out-of-state,No,Yes,3970.0,32,32,100.0,86.5,87.1,2,2,2,3.91,Low,0.842,No,0.796,Yes
S03078,2024,Fall,Data Science,BS Health Data Science,Undergraduate,Male,Multiracial,19,In-state,Yes,Yes,7509.0,31,30,95.2,100.0,73.1,3,3,1,3.37,Low,0.797,Yes,0.726,Yes
S03079,2022,Fall,Public Health,BS Public Health,Undergraduate,Female,Multiracial,19,In-state,No,No,13982.0,31,28,90.3,78.2,59.7,2,2,1,2.4,Medium,0.373,No,0.288,No
S03080,2026,Spring,Data Science,BS Health Data Science,Undergraduate,Female,Black,24,In-state,No,Yes,1517.0,32,32,100.0,99.3,79.7,4,2,1,3.69,Low,0.877,Yes,0.819,Yes
S03081,2023,Spring,Public Health,BS Public Health,Undergraduate,Male,White,24,In-state,Yes,No,6339.0,27,27,100.0,92.3,61.5,3,0,0,3.11,Low,0.713,Yes,0.567,Yes
S03082,2025,Spring,Data Science,MS Health Data Science,Graduate,Nonbinary,Multiracial,31,In-state,No,Yes,4042.0,21,21,99.7,81.7,62.2,2,5,3,3.2,Low,0.698,Yes,0.472,No
S03083,2026,Spring,Health Administration,BS Health Administration,Undergraduate,Female,White,18,In-state,Yes,Yes,467.0,31,31,100.0,92.7,87.1,3,4,4,4.0,Low,0.89,Yes,0.842,Yes
S03084,2023,Fall,Nutrition,BS Nutrition,Undergraduate,Male,Black,20,Out-of-state,Yes,Yes,2514.0,27,27,100.0,75.5,91.4,1,0,2,3.98,Low,0.82,Yes,0.736,Yes
S03085,2024,Fall,Health Administration,BS Health Administration,Undergraduate,Male,Hispanic/Latino,20,In-state,No,No,3962.0,27,27,100.0,89.1,82.4,2,0,0,3.07,Low,0.754,Yes,0.589,Yes
S03086,2024,Spring,Data Science,BS Health Data Science,Undergraduate,Male,Black,21,In-state,Yes,No,7798.0,31,26,82.8,93.1,44.0,2,1,0,2.8,Medium,0.522,No,0.404,Yes
S03087,2025,Fall,Social Work,BSW,Undergraduate,Female,Black,21,In-state,No,Yes,7823.0,31,31,100.0,100.0,73.8,4,1,1,3.94,Low,0.859,Yes,0.843,Yes
S03088,2024,Spring,Data Science,BS Health Data Science,Undergraduate,Female,White,24,In-state,Yes,Yes,6728.0,31,27,87.4,76.9,83.2,3,3,3,3.03,Low,0.692,Yes,0.528,Yes
S03089,2023,Fall,Social Work,BSW,Undergraduate,Female,Hispanic/Latino,19,International,Yes,No,9774.0,30,27,89.3,81.5,52.2,0,0,2,2.91,Medium,0.446,Yes,0.359,No
S03090,2025,Spring,Data Science,BS Health Data Science,Undergraduate,Female,White,21,Out-of-state,Yes,Yes,7981.0,32,32,100.0,89.8,71.3,5,1,3,3.95,Low,0.836,Yes,0.819,Yes
S03091,2026,Fall,Public Health,BS Public Health,Undergraduate,Male,White,21,In-state,Yes,Yes,3477.0,31,28,91.4,73.4,80.0,0,0,1,3.18,Medium,0.603,No,0.478,Yes
S03092,2025,Fall,Public Health,BS Public Health,Undergraduate,Male,White,20,Out-of-state,Yes,No,10266.0,27,27,100.0,98.6,86.5,4,0,1,3.47,Low,0.826,Yes,0.775,Yes
S03093,2026,Spring,Social Work,BSW,Undergraduate,Male,Multiracial,23,In-state,Yes,Yes,6193.0,31,31,100.0,81.6,39.2,1,3,2,3.41,Low,0.599,Yes,0.485,No
S03094,2025,Fall,Social Work,BSW,Undergraduate,Female,Asian,25,In-state,Yes,Yes,6013.0,24,24,100.0,100.0,88.2,4,3,1,3.0,Low,0.814,Yes,0.675,Yes
S03095,2026,Fall,Social Work,BSW,Undergraduate,Male,White,23,Out-of-state,No,Yes,0.0,27,24,90.5,91.0,71.6,5,2,0,3.26,Low,0.823,Yes,0.652,No
S03096,2026,Spring,Health Administration,BS Health Administration,Undergraduate,Nonbinary,Black,19,In-state,Yes,Yes,0.0,24,24,100.0,69.6,72.6,0,1,1,2.57,High,0.384,No,0.165,No
S03097,2022,Spring,Data Science,BS Health Data Science,Undergraduate,Female,Multiracial,18,In-state,No,Yes,4538.0,32,26,81.2,60.5,49.3,1,1,0,2.09,High,0.196,Yes,0.073,No
S03098,2026,Fall,Social Work,BSW,Undergraduate,Female,Multiracial,20,Out-of-state,No,No,7508.0,32,30,93.0,90.0,46.5,0,1,0,3.18,Low,0.601,Yes,0.478,No
S03099,2025,Fall,Social Work,MSW,Graduate,Female,Black,35,In-state,No,No,11018.0,24,22,93.7,82.1,76.4,2,1,4,3.97,Low,0.78,Yes,0.716,Yes
S03100,2023,Fall,Data Science,MS Health Data Science,Graduate,Female,White,27,International,No,Yes,13574.0,30,30,100.0,72.9,66.2,2,0,2,3.1,Medium,0.5,No,0.458,Yes
S03101,2025,Spring,Nutrition,MS Nutrition,Graduate,Male,White,30,International,Yes,Yes,8490.0,30,30,100.0,80.8,60.3,1,1,2,3.12,Low,0.618,Yes,0.473,Yes
S03102,2026,Fall,Public Health,BS Public Health,Undergraduate,Male,White,22,In-state,No,Yes,3298.0,32,32,100.0,78.4,46.5,1,4,2,3.56,Low,0.657,Yes,0.538,No
S03103,2023,Spring,Data Science,BS Health Data Science,Undergraduate,Male,Black,21,International,No,Yes,3396.0,32,30,93.0,91.8,75.6,3,0,1,2.89,Low,0.744,Yes,0.573,No
S03104,2025,Spring,Nutrition,BS Nutrition,Undergraduate,Female,Black,19,International,Yes,Yes,9827.0,33,32,96.3,93.2,69.0,0,2,0,3.01,Medium,0.583,Yes,0.542,Yes
S03105,2026,Fall,Nutrition,BS Nutrition,Undergraduate,Female,White,24,In-state,Yes,Yes,3823.0,32,32,100.0,94.5,100.0,5,0,0,4.0,Low,0.912,Yes,0.889,Yes
S03106,2026,Spring,Public Health,MS Epidemiology,Graduate,Female,White,34,In-state,Yes,Yes,4348.0,24,18,75.5,55.0,71.2,3,0,0,2.97,Medium,0.511,Yes,0.292,No
S03107,2024,Spring,Social Work,MSW,Graduate,Female,White,27,International,No,No,11185.0,21,21,100.0,95.6,67.3,4,2,3,4.0,Low,0.833,Yes,0.787,No
S03108,2025,Fall,Nutrition,BS Nutrition,Undergraduate,Female,Black,21,International,Yes,Yes,6361.0,31,31,100.0,90.6,50.6,0,3,0,4.0,Low,0.742,Yes,0.704,Yes
S03109,2024,Spring,Data Science,MS Health Data Science,Graduate,Male,White,28,International,No,Yes,8888.0,21,21,100.0,85.5,57.6,0,4,2,3.64,Low,0.688,Yes,0.556,No
S03110,2024,Spring,Public Health,BS Public Health,Undergraduate,Female,White,20,In-state,No,Yes,1633.0,33,33,100.0,91.3,79.7,2,4,1,3.43,Low,0.811,No,0.711,No
S03111,2022,Spring,Health Administration,MHA,Graduate,Female,White,37,Out-of-state,No,Yes,7871.0,21,21,100.0,71.4,64.3,0,1,1,4.0,Medium,0.645,Yes,0.584,No
S03112,2024,Fall,Public Health,BS Public Health,Undergraduate,Female,Hispanic/Latino,18,International,Yes,No,7521.0,27,24,87.8,88.3,67.0,1,2,0,3.07,Low,0.66,Yes,0.493,Yes
S03113,2025,Spring,Data Science,BS Health Data Science,Undergraduate,Female,Black,24,In-state,Yes,No,11849.0,33,33,100.0,81.9,63.1,0,0,2,3.34,Medium,0.535,No,0.543,No
S03114,2022,Fall,Public Health,BS Public Health,Undergraduate,Female,Black,26,Out-of-state,No,Yes,9346.0,27,27,100.0,87.2,76.3,6,0,1,3.58,Low,0.807,Yes,0.748,Yes
S03115,2022,Spring,Health Administration,MHA,Graduate,Male,Black,42,In-state,No,Yes,3183.0,30,28,92.2,86.5,74.1,4,0,2,3.41,Low,0.808,Yes,0.673,Yes
S03116,2022,Fall,Public Health,BS Public Health,Undergraduate,Female,White,20,In-state,Yes,Yes,948.0,30,27,91.3,65.2,67.7,3,1,4,3.47,Medium,0.645,No,0.515,No
S03117,2024,Spring,Public Health,BS Public Health,Undergraduate,Male,White,22,In-state,Yes,Yes,6056.0,24,22,90.6,65.3,63.8,2,1,2,2.3,High,0.28,No,0.117,No
S03118,2024,Spring,Nutrition,BS Nutrition,Undergraduate,Female,Asian,18,In-state,No,Yes,3019.0,31,29,94.6,77.3,59.0,3,2,2,3.59,Low,0.729,Yes,0.602,No
S03119,2023,Spring,Social Work,MSW,Graduate,Male,White,22,In-state,No,Yes,6893.0,18,18,100.0,74.0,75.8,0,0,1,3.13,Medium,0.571,No,0.396,Yes
S03120,2025,Spring,Public Health,MPH,Graduate,Female,Black,27,Out-of-state,No,No,11310.0,18,18,99.4,90.6,58.0,5,3,3,3.11,Low,0.704,Yes,0.532,No
S03121,2023,Fall,Public Health,MS Epidemiology,Graduate,Female,White,24,Out-of-state,No,Yes,7484.0,24,22,93.7,78.0,51.3,2,2,1,3.43,Low,0.649,No,0.476,No
S03122,2026,Fall,Data Science,BS Health Data Science,Undergraduate,Female,White,21,Out-of-state,Yes,Yes,4222.0,24,22,90.7,69.3,62.3,5,2,0,2.5,High,0.392,No,0.183,No
S03123,2022,Fall,Social Work,BSW,Undergraduate,Female,Hispanic/Latino,19,Out-of-state,Yes,Yes,6896.0,32,28,87.5,90.8,63.4,0,3,0,2.55,Medium,0.507,Yes,0.368,No
S03124,2022,Fall,Public Health,BS Public Health,Undergraduate,Female,Other/Unknown,24,In-state,No,Yes,5017.0,30,26,87.6,71.9,72.5,2,1,1,3.29,Low,0.67,Yes,0.501,Yes
S03125,2024,Fall,Nutrition,BS Nutrition,Undergraduate,Female,Asian,22,In-state,No,Yes,7469.0,31,30,95.8,87.4,65.6,4,1,0,2.07,Medium,0.492,Yes,0.324,Yes
S03126,2022,Spring,Nutrition,BS Nutrition,Undergraduate,Male,Multiracial,21,In-state,No,No,6171.0,32,32,100.0,91.8,67.3,3,2,2,3.27,Low,0.748,Yes,0.651,No
S03127,2022,Spring,Data Science,MS Health Data Science,Graduate,Female,White,34,In-state,No,Yes,5788.0,21,21,100.0,82.0,75.6,2,0,2,3.1,Low,0.71,Yes,0.494,Yes
S03128,2022,Fall,Public Health,MPH,Graduate,Nonbinary,Asian,28,International,No,No,5368.0,24,22,92.5,78.0,54.0,2,1,0,3.24,Low,0.648,Yes,0.435,Yes
S03129,2026,Spring,Data Science,MS Health Data Science,Graduate,Female,Hispanic/Latino,33,In-state,Yes,Yes,5061.0,24,21,86.4,73.0,45.1,2,2,3,2.82,Medium,0.468,Yes,0.276,No
S03130,2023,Fall,Nutrition,BS Nutrition,Undergraduate,Male,Hispanic/Latino,21,In-state,No,Yes,4434.0,27,22,82.7,80.5,66.4,3,0,3,1.72,Medium,0.412,Yes,0.178,No
S03131,2025,Fall,Public Health,BS Public Health,Undergraduate,Male,White,20,In-state,No,No,10049.0,33,32,97.6,90.8,36.7,0,0,2,3.81,Medium,0.586,Yes,0.623,No
S03132,2026,Fall,Public Health,MPH,Graduate,Female,Multiracial,32,In-state,Yes,Yes,460.0,27,26,96.5,92.2,65.4,2,1,3,4.0,Low,0.855,Yes,0.76,Yes
S03133,2024,Fall,Data Science,BS Health Data Science,Undergraduate,Male,Hispanic/Latino,20,In-state,No,Yes,5052.0,30,30,100.0,83.9,74.0,2,2,1,3.09,Low,0.703,Yes,0.552,Yes
S03134,2024,Fall,Data Science,BS Health Data Science,Undergraduate,Male,White,21,In-state,Yes,Yes,3707.0,30,26,85.5,90.1,64.0,1,1,2,2.48,Low,0.607,Yes,0.357,Yes
S03135,2024,Spring,Nutrition,MS Nutrition,Graduate,Female,White,28,In-state,No,Yes,5934.0,18,18,100.0,87.8,66.7,4,0,1,3.17,Low,0.75,No,0.541,Yes
S03136,2024,Spring,Health Administration,BS Health Administration,Undergraduate,Male,White,20,In-state,No,Yes,0.0,31,31,100.0,76.7,90.7,3,2,2,3.04,Low,0.765,Yes,0.577,Yes
S03137,2026,Fall,Data Science,BS Health Data Science,Undergraduate,Male,Hispanic/Latino,18,Out-of-state,No,Yes,4438.0,27,27,100.0,86.2,83.4,3,2,2,3.25,Low,0.777,Yes,0.64,Yes
S03138,2025,Spring,Social Work,MSW,Graduate,Nonbinary,White,26,In-state,No,Yes,446.0,24,23,96.0,90.7,50.3,3,2,2,3.35,Low,0.767,Yes,0.558,Yes
S03139,2022,Spring,Data Science,BS Health Data Science,Undergraduate,Male,Black,23,Out-of-state,Yes,Yes,9481.0,33,32,96.7,81.5,54.0,3,1,4,3.28,Low,0.634,No,0.548,No
S03140,2026,Spring,Social Work,BSW,Undergraduate,Male,White,22,In-state,Yes,Yes,5127.0,30,26,87.2,72.9,87.3,5,3,2,2.79,Medium,0.645,Yes,0.488,Yes
S03141,2025,Spring,Public Health,BS Public Health,Undergraduate,Male,Hispanic/Latino,25,In-state,No,No,10725.0,30,30,100.0,84.7,80.1,2,3,1,4.0,Low,0.79,No,0.78,Yes
S03142,2022,Spring,Public Health,BS Public Health,Undergraduate,Male,Multiracial,20,In-state,Yes,Yes,277.0,30,26,85.3,86.4,77.5,1,2,2,2.45,Low,0.659,No,0.372,No
S03143,2026,Spring,Social Work,BSW,Undergraduate,Female,White,21,International,No,No,11770.0,32,32,100.0,83.5,98.3,3,2,1,2.16,Medium,0.537,No,0.423,No
S03144,2022,Spring,Health Administration,BS Health Administration,Undergraduate,Female,White,22,In-state,No,No,10291.0,31,25,79.8,74.7,93.2,1,1,3,2.51,High,0.391,Yes,0.238,Yes
S03145,2026,Fall,Social Work,MSW,Graduate,Female,White,25,In-state,No,No,2876.0,27,27,100.0,86.6,47.2,1,1,0,3.8,Low,0.749,Yes,0.622,Yes
S03146,2023,Fall,Public Health,BS Public Health,Undergraduate,Male,White,19,In-state,No,Yes,1454.0,31,30,96.7,77.3,88.2,2,0,0,3.09,Low,0.742,Yes,0.56,No
S03147,2026,Spring,Social Work,MSW,Graduate,Male,White,29,In-state,No,No,11780.0,30,30,100.0,92.4,72.7,2,2,1,3.31,Low,0.727,Yes,0.653,Yes
S03148,2022,Fall,Nutrition,BS Nutrition,Undergraduate,Female,Black,22,In-state,Yes,Yes,5400.0,24,24,100.0,86.8,86.1,1,4,2,3.0,Low,0.718,Yes,0.532,Yes
S03149,2023,Fall,Data Science,BS Health Data Science,Undergraduate,Female,Hispanic/Latino,23,In-state,No,Yes,2799.0,32,32,100.0,84.1,83.4,0,3,2,2.38,Medium,0.553,Yes,0.374,Yes
S03150,2025,Spring,Public Health,BS Public Health,Undergraduate,Male,Hispanic/Latino,21,Out-of-state,Yes,Yes,8108.0,30,27,89.0,84.7,77.7,3,1,0,2.17,Medium,0.509,Yes,0.337,No
S03151,2022,Fall,Social Work,BSW,Undergraduate,Male,Hispanic/Latino,23,In-state,Yes,Yes,9883.0,27,26,96.0,93.6,75.0,4,3,2,2.99,Low,0.728,Yes,0.603,Yes
S03152,2024,Spring,Data Science,BS Health Data Science,Undergraduate,Male,White,18,In-state,No,Yes,6832.0,33,32,97.3,79.8,59.2,5,0,1,2.86,Medium,0.582,Yes,0.486,No
S03153,2022,Spring,Data Science,BS Health Data Science,Undergraduate,Female,Black,18,In-state,Yes,Yes,1123.0,30,30,100.0,93.4,72.0,2,2,2,3.57,Low,0.819,Yes,0.715,Yes
S03154,2024,Spring,Social Work,BSW,Undergraduate,Female,Asian,21,Out-of-state,No,No,11864.0,27,27,100.0,67.1,66.9,0,1,2,2.87,High,0.292,No,0.202,No
S03155,2026,Fall,Data Science,MS Health Data Science,Graduate,Male,Black,29,In-state,No,No,15787.0,27,27,100.0,97.8,100.0,1,6,1,3.49,Low,0.795,Yes,0.766,Yes
S03156,2025,Fall,Nutrition,BS Nutrition,Undergraduate,Female,White,19,In-state,Yes,Yes,6916.0,27,27,100.0,61.1,31.3,0,0,2,2.91,High,0.215,No,0.121,No
S03157,2025,Fall,Public Health,MS Epidemiology,Graduate,Female,Black,33,International,No,Yes,10701.0,21,21,100.0,98.0,65.2,3,3,1,3.92,Low,0.82,Yes,0.763,Yes
S03158,2024,Fall,Data Science,MS Health Data Science,Graduate,Female,Asian,28,In-state,No,Yes,6256.0,18,18,100.0,85.0,71.9,2,0,1,3.37,Low,0.745,No,0.554,Yes
S03159,2022,Fall,Health Administration,BS Health Administration,Undergraduate,Female,White,22,In-state,No,No,7253.0,24,22,91.4,79.7,85.6,3,3,2,2.62,Medium,0.59,Yes,0.415,No
S03160,2022,Fall,Nutrition,BS Nutrition,Undergraduate,Female,White,20,In-state,Yes,Yes,5760.0,31,23,75.3,80.7,54.4,3,1,2,3.14,Low,0.646,Yes,0.456,Yes
S03161,2026,Spring,Social Work,BSW,Undergraduate,Female,Black,23,Out-of-state,No,No,8360.0,31,31,100.0,89.9,84.3,4,1,0,3.54,Low,0.81,Yes,0.76,Yes
S03162,2024,Fall,Nutrition,MS Nutrition,Graduate,Female,White,34,Out-of-state,No,Yes,8683.0,18,18,100.0,95.9,77.6,1,2,0,4.0,Low,0.835,Yes,0.759,Yes
S03163,2023,Fall,Nutrition,MS Nutrition,Graduate,Female,Black,24,In-state,Yes,No,7244.0,24,24,100.0,77.8,90.6,5,1,2,4.0,Low,0.856,Yes,0.793,Yes
S03164,2022,Fall,Public Health,MS Epidemiology,Graduate,Female,White,44,International,No,Yes,9512.0,27,27,100.0,93.2,54.3,2,2,2,3.59,Low,0.733,Yes,0.649,No
S03165,2024,Fall,Data Science,BS Health Data Science,Undergraduate,Male,White,21,In-state,No,Yes,4664.0,27,27,100.0,80.3,98.8,3,4,3,3.89,Low,0.851,Yes,0.788,Yes
S03166,2025,Fall,Public Health,BS Public Health,Undergraduate,Male,Hispanic/Latino,19,Out-of-state,Yes,Yes,7631.0,24,24,100.0,82.7,56.1,4,2,0,3.44,Low,0.703,No,0.576,No
S03167,2023,Fall,Nutrition,BS Nutrition,Undergraduate,Male,White,22,In-state,No,Yes,618.0,33,33,100.0,67.6,71.6,4,3,2,3.48,Medium,0.691,Yes,0.6,No
S03168,2023,Fall,Nutrition,MS Nutrition,Graduate,Male,Hispanic/Latino,28,Out-of-state,No,No,3990.0,30,30,100.0,83.7,53.8,0,1,2,3.62,Low,0.707,Yes,0.579,No
S03169,2026,Fall,Nutrition,MS Nutrition,Graduate,Female,Multiracial,38,In-state,Yes,Yes,8957.0,27,24,89.0,74.6,63.3,3,1,2,2.34,High,0.337,Yes,0.165,Yes
S03170,2026,Spring,Data Science,MS Health Data Science,Graduate,Female,White,36,In-state,Yes,Yes,8619.0,30,30,99.2,90.2,58.7,4,5,1,3.96,Low,0.809,Yes,0.773,Yes
S03171,2025,Spring,Nutrition,BS Nutrition,Undergraduate,Female,White,18,In-state,No,Yes,6413.0,30,30,100.0,92.5,80.8,1,5,3,3.4,Low,0.77,Yes,0.682,No
S03172,2022,Fall,Nutrition,BS Nutrition,Undergraduate,Female,Multiracial,24,In-state,Yes,No,11400.0,31,27,87.0,82.3,54.2,1,2,0,2.71,Medium,0.43,No,0.342,No
S03173,2026,Spring,Social Work,MSW,Graduate,Male,Other/Unknown,32,In-state,No,No,2806.0,21,21,100.0,79.5,67.2,4,1,3,3.8,Low,0.811,Yes,0.667,Yes
S03174,2026,Spring,Public Health,BS Public Health,Undergraduate,Male,Multiracial,20,In-state,Yes,No,9738.0,31,24,77.7,83.2,58.8,3,3,3,2.71,Medium,0.506,No,0.38,Yes
S03175,2022,Spring,Nutrition,MS Nutrition,Graduate,Female,Black,28,Out-of-state,Yes,Yes,0.0,27,23,86.5,61.0,88.0,3,3,1,3.9,Medium,0.767,Yes,0.645,Yes
S03176,2023,Spring,Social Work,MSW,Graduate,Female,Hispanic/Latino,25,Out-of-state,No,No,9037.0,30,26,86.9,74.7,30.8,2,1,3,3.23,Medium,0.453,Yes,0.36,No
S03177,2025,Fall,Public Health,BS Public Health,Undergraduate,Male,Black,20,In-state,No,Yes,8395.0,27,19,70.8,42.5,28.3,0,0,3,2.69,High,0.125,No,0.052,No
S03178,2024,Spring,Health Administration,BS Health Administration,Undergraduate,Male,Hispanic/Latino,23,Out-of-state,No,No,8770.0,30,29,96.9,97.7,67.6,3,2,0,3.83,Low,0.815,Yes,0.785,Yes
S03179,2022,Spring,Nutrition,BS Nutrition,Undergraduate,Female,Black,21,In-state,No,No,7734.0,24,24,100.0,77.8,72.0,3,0,1,3.9,Low,0.767,Yes,0.692,Yes
S03180,2024,Spring,Data Science,MS Health Data Science,Graduate,Female,Hispanic/Latino,25,Out-of-state,No,Yes,3569.0,18,17,94.4,83.0,57.5,6,0,3,3.06,Low,0.74,No,0.482,Yes
S03181,2024,Fall,Health Administration,BS Health Administration,Undergraduate,Male,Black,24,Out-of-state,No,No,9850.0,33,33,100.0,86.6,44.3,2,0,0,3.47,Medium,0.576,Yes,0.582,Yes
S03182,2025,Fall,Nutrition,BS Nutrition,Undergraduate,Female,Multiracial,19,International,Yes,Yes,8954.0,30,22,72.9,91.5,65.7,1,4,2,2.8,Medium,0.558,Yes,0.427,No
S03183,2026,Spring,Nutrition,BS Nutrition,Undergraduate,Female,Black,19,International,No,Yes,9102.0,27,27,100.0,87.7,82.6,3,1,3,3.61,Low,0.789,Yes,0.726,Yes
S03184,2025,Spring,Public Health,BS Public Health,Undergraduate,Male,Black,21,In-state,No,No,7695.0,31,28,89.8,83.9,75.7,2,2,2,2.7,Low,0.628,No,0.445,No
S03185,2022,Fall,Social Work,BSW,Undergraduate,Male,Black,24,Out-of-state,Yes,Yes,9081.0,32,29,90.2,79.8,80.4,3,4,1,2.42,Medium,0.522,Yes,0.388,No
S03186,2026,Spring,Nutrition,MS Nutrition,Graduate,Male,Asian,31,In-state,No,No,6019.0,18,18,100.0,84.5,100.0,0,4,3,3.34,Low,0.783,Yes,0.6,Yes
S03187,2025,Fall,Public Health,MPH,Graduate,Female,Asian,25,In-state,No,Yes,0.0,27,24,90.1,70.1,61.5,4,1,3,3.14,Low,0.701,Yes,0.438,No
S03188,2025,Fall,Health Administration,BS Health Administration,Undergraduate,Female,Black,23,In-state,No,No,5967.0,31,30,97.1,89.4,52.8,1,3,2,3.65,Low,0.717,Yes,0.636,Yes
S03189,2023,Fall,Public Health,MS Epidemiology,Graduate,Female,White,26,In-state,No,Yes,5067.0,27,27,100.0,90.9,63.3,0,2,2,3.13,Low,0.692,Yes,0.511,No
S03190,2023,Spring,Nutrition,MS Nutrition,Graduate,Male,White,26,In-state,Yes,Yes,4436.0,30,30,100.0,69.1,54.6,1,2,2,3.79,Medium,0.621,No,0.556,No
S03191,2026,Fall,Data Science,BS Health Data Science,Undergraduate,Male,Asian,23,In-state,No,Yes,3176.0,33,30,91.6,70.5,74.0,2,0,3,2.46,Medium,0.495,No,0.313,No
S03192,2023,Spring,Social Work,BSW,Undergraduate,Male,Other/Unknown,22,International,No,Yes,5619.0,32,32,100.0,98.5,55.6,1,1,0,3.72,Low,0.773,Yes,0.72,Yes
S03193,2022,Fall,Social Work,BSW,Undergraduate,Female,Other/Unknown,18,Out-of-state,No,Yes,4339.0,31,27,86.1,89.5,58.6,4,0,2,2.65,Low,0.661,Yes,0.439,No
S03194,2022,Spring,Public Health,BS Public Health,Undergraduate,Female,White,20,In-state,Yes,No,3748.0,32,32,100.0,94.5,63.2,2,2,0,3.05,Low,0.724,Yes,0.58,Yes
S03195,2022,Spring,Data Science,BS Health Data Science,Undergraduate,Male,Black,18,In-state,No,Yes,0.0,31,31,100.0,90.3,69.2,4,1,0,3.66,Low,0.841,Yes,0.748,No
S03196,2023,Fall,Public Health,BS Public Health,Undergraduate,Male,Hispanic/Latino,22,In-state,No,Yes,0.0,24,19,78.6,69.7,35.8,3,0,1,2.28,High,0.282,No,0.09,No
S03197,2023,Spring,Public Health,MPH,Graduate,Male,Hispanic/Latino,30,Out-of-state,Yes,No,9088.0,30,28,92.9,81.3,71.3,1,2,1,3.07,Low,0.643,Yes,0.488,No
S03198,2026,Fall,Social Work,BSW,Undergraduate,Female,White,25,In-state,No,Yes,5520.0,30,25,82.8,87.3,78.2,1,2,0,1.92,Medium,0.471,No,0.254,No
S03199,2024,Fall,Health Administration,MHA,Graduate,Female,White,22,In-state,No,Yes,4448.0,21,21,100.0,59.0,62.8,2,0,3,2.69,Medium,0.437,Yes,0.23,Yes
S03200,2024,Fall,Public Health,MPH,Graduate,Female,Asian,28,In-state,No,Yes,8600.0,21,21,100.0,100.0,58.3,3,3,2,3.49,Low,0.781,Yes,0.663,No
S03201,2024,Fall,Social Work,BSW,Undergraduate,Female,Black,20,In-state,Yes,Yes,2161.0,33,29,88.9,86.8,72.2,2,2,1,2.97,Low,0.718,Yes,0.526,Yes
S03202,2024,Spring,Social Work,BSW,Undergraduate,Female,Multiracial,22,International,No,No,15198.0,33,32,95.5,81.5,42.6,0,1,2,3.52,Medium,0.457,Yes,0.512,Yes
S03203,2022,Fall,Health Administration,BS Health Administration,Undergraduate,Male,Black,22,In-state,Yes,Yes,4541.0,27,27,100.0,94.7,72.6,2,4,0,3.02,Low,0.742,Yes,0.579,Yes
S03204,2023,Spring,Public Health,BS Public Health,Undergraduate,Male,Black,18,In-state,No,Yes,6060.0,31,28,91.1,87.4,63.8,3,3,0,2.33,Medium,0.522,Yes,0.352,Yes
S03205,2022,Fall,Nutrition,BS Nutrition,Undergraduate,Female,Multiracial,18,Out-of-state,No,No,11242.0,30,30,99.1,80.4,69.1,1,3,1,3.53,Low,0.661,Yes,0.606,Yes
S03206,2025,Fall,Public Health,BS Public Health,Undergraduate,Female,Hispanic/Latino,21,In-state,Yes,Yes,7158.0,32,27,83.8,73.9,62.4,1,3,0,1.71,High,0.216,Yes,0.083,No
S03207,2022,Fall,Data Science,BS Health Data Science,Undergraduate,Male,Asian,27,In-state,No,No,11512.0,27,23,86.3,70.1,83.1,4,1,0,2.71,Medium,0.522,No,0.398,No
S03208,2025,Fall,Data Science,MS Health Data Science,Graduate,Male,White,24,In-state,No,No,11146.0,21,21,100.0,97.4,89.6,4,4,1,3.94,Low,0.872,Yes,0.832,Yes
S03209,2026,Fall,Data Science,MS Health Data Science,Graduate,Female,Black,40,In-state,No,Yes,7868.0,24,24,100.0,91.7,38.9,2,0,2,3.48,Low,0.681,Yes,0.543,No
S03210,2024,Spring,Data Science,BS Health Data Science,Undergraduate,Male,White,18,In-state,No,Yes,6756.0,27,23,84.9,87.5,53.1,1,2,2,2.71,Low,0.562,Yes,0.345,No
S03211,2024,Spring,Data Science,BS Health Data Science,Undergraduate,Female,Black,22,In-state,No,Yes,10349.0,27,22,82.2,79.0,51.5,2,1,1,2.47,Medium,0.394,Yes,0.255,No
S03212,2025,Fall,Health Administration,MHA,Graduate,Female,Multiracial,28,In-state,No,Yes,7975.0,27,27,100.0,100.0,91.0,3,1,3,3.68,Low,0.867,Yes,0.813,Yes
S03213,2023,Fall,Nutrition,BS Nutrition,Undergraduate,Female,Multiracial,19,In-state,No,Yes,4780.0,30,30,100.0,81.5,89.3,4,3,0,3.01,Low,0.757,No,0.607,No
S03214,2025,Fall,Public Health,MPH,Graduate,Male,Asian,29,In-state,No,No,5630.0,27,27,100.0,92.4,85.7,1,3,2,3.63,Low,0.822,Yes,0.73,Yes
S03215,2022,Spring,Health Administration,BS Health Administration,Undergraduate,Female,White,20,Out-of-state,No,Yes,5796.0,33,33,100.0,83.3,67.1,2,0,2,3.87,Low,0.773,Yes,0.729,Yes
S03216,2024,Spring,Nutrition,BS Nutrition,Undergraduate,Female,Asian,22,In-state,Yes,Yes,7767.0,27,27,100.0,81.7,77.3,0,4,0,3.18,Low,0.657,Yes,0.517,Yes
S03217,2024,Fall,Data Science,BS Health Data Science,Undergraduate,Male,Black,22,International,No,Yes,6556.0,31,28,88.9,95.7,70.8,1,1,1,3.66,Low,0.787,Yes,0.717,Yes
S03218,2025,Fall,Health Administration,BS Health Administration,Undergraduate,Female,White,22,In-state,No,Yes,6857.0,33,33,100.0,93.2,52.1,1,2,0,4.0,Low,0.768,Yes,0.747,Yes
S03219,2022,Fall,Health Administration,BS Health Administration,Undergraduate,Female,White,19,International,Yes,Yes,8967.0,33,33,100.0,75.7,54.6,4,0,1,3.6,Low,0.678,No,0.623,No
S03220,2026,Fall,Social Work,BSW,Undergraduate,Female,Hispanic/Latino,23,In-state,No,Yes,6074.0,24,24,98.2,88.6,82.3,3,2,0,3.42,Low,0.791,Yes,0.674,Yes
S03221,2024,Fall,Data Science,BS Health Data Science,Undergraduate,Male,White,19,In-state,No,No,12246.0,33,32,97.3,76.4,53.2,4,2,3,2.15,High,0.261,No,0.161,No
S03222,2026,Fall,Social Work,MSW,Graduate,Male,Asian,27,International,No,Yes,4849.0,30,30,100.0,84.4,64.9,3,2,2,3.66,Low,0.782,Yes,0.683,Yes
S03223,2026,Spring,Social Work,BSW,Undergraduate,Female,White,18,In-state,No,Yes,10242.0,31,23,73.4,67.5,91.9,4,0,0,2.78,High,0.45,No,0.293,Yes
S03224,2023,Spring,Social Work,BSW,Undergraduate,Female,White,23,In-state,Yes,Yes,5942.0,30,28,91.9,79.3,44.2,0,2,2,3.26,High,0.391,No,0.279,Yes
S03225,2024,Spring,Data Science,BS Health Data Science,Undergraduate,Male,White,22,Out-of-state,No,No,7979.0,32,31,96.1,82.7,100.0,4,0,1,3.0,Low,0.765,Yes,0.653,Yes
S03226,2026,Fall,Health Administration,BS Health Administration,Undergraduate,Female,White,20,Out-of-state,Yes,No,14631.0,31,30,96.3,94.3,56.7,3,0,3,4.0,Low,0.757,Yes,0.779,Yes
S03227,2023,Fall,Data Science,MS Health Data Science,Graduate,Female,Multiracial,24,In-state,Yes,Yes,3626.0,24,24,100.0,94.1,40.2,5,2,2,3.45,Low,0.772,Yes,0.614,Yes
S03228,2025,Spring,Data Science,BS Health Data Science,Undergraduate,Female,White,21,In-state,Yes,Yes,954.0,27,24,90.6,74.8,49.8,2,0,3,3.26,Low,0.644,No,0.419,No
S03229,2022,Spring,Public Health,BS Public Health,Undergraduate,Female,White,22,Out-of-state,Yes,No,13126.0,33,31,93.9,81.7,100.0,3,2,1,3.27,Low,0.74,Yes,0.691,Yes
S03230,2023,Fall,Social Work,MSW,Graduate,Male,Hispanic/Latino,33,In-state,No,No,10753.0,24,24,100.0,94.9,67.3,7,2,2,3.77,Low,0.846,No,0.796,Yes
S03231,2025,Fall,Data Science,BS Health Data Science,Undergraduate,Female,Asian,23,In-state,Yes,Yes,3686.0,33,29,89.4,91.7,60.2,1,0,1,2.44,Low,0.596,No,0.359,Yes
S03232,2024,Fall,Health Administration,MHA,Graduate,Nonbinary,White,37,Out-of-state,No,Yes,5995.0,30,30,100.0,83.5,59.5,3,2,0,3.28,Low,0.709,Yes,0.567,Yes
S03233,2024,Fall,Health Administration,MHA,Graduate,Female,Black,31,International,Yes,No,11638.0,27,27,99.3,77.2,50.1,1,0,4,3.15,Medium,0.476,Yes,0.406,No
S03234,2022,Fall,Social Work,BSW,Undergraduate,Male,White,20,International,No,Yes,12673.0,24,24,100.0,92.1,61.5,3,2,2,4.0,Low,0.774,No,0.756,Yes
S03235,2023,Spring,Social Work,BSW,Undergraduate,Female,White,24,In-state,No,Yes,5548.0,24,22,90.8,75.4,67.3,1,1,2,2.91,Low,0.589,Yes,0.364,No
S03236,2022,Fall,Nutrition,MS Nutrition,Graduate,Female,Black,22,Out-of-state,No,Yes,3994.0,24,22,90.3,83.7,71.4,3,2,4,3.21,Low,0.75,Yes,0.546,No
S03237,2026,Fall,Nutrition,MS Nutrition,Graduate,Female,White,36,In-state,Yes,Yes,10487.0,30,30,100.0,96.0,62.1,0,3,3,3.62,Medium,0.681,Yes,0.678,Yes
S03238,2025,Spring,Nutrition,BS Nutrition,Undergraduate,Male,Multiracial,23,In-state,Yes,Yes,6708.0,30,29,96.9,79.5,78.0,4,5,0,2.98,Low,0.699,No,0.545,No
S03239,2025,Spring,Social Work,MSW,Graduate,Nonbinary,White,26,Out-of-state,No,Yes,4468.0,30,30,100.0,95.9,96.4,6,2,3,3.75,Low,0.908,Yes,0.862,Yes
S03240,2023,Fall,Data Science,BS Health Data Science,Undergraduate,Nonbinary,Hispanic/Latino,19,In-state,Yes,Yes,416.0,30,30,100.0,92.6,59.9,6,0,4,3.98,Low,0.874,Yes,0.815,Yes
S03241,2022,Spring,Health Administration,MHA,Graduate,Male,Asian,32,In-state,Yes,No,6612.0,18,15,82.7,61.5,84.2,3,1,2,2.62,High,0.401,No,0.17,No
S03242,2024,Spring,Social Work,BSW,Undergraduate,Female,White,24,In-state,No,Yes,4856.0,27,27,99.7,75.6,74.8,2,1,2,3.17,Low,0.679,Yes,0.507,Yes
S03243,2022,Fall,Data Science,MS Health Data Science,Graduate,Male,Multiracial,27,In-state,No,Yes,1698.0,18,18,100.0,87.7,76.6,2,0,0,3.57,Low,0.818,Yes,0.634,No
S03244,2024,Fall,Data Science,BS Health Data Science,Undergraduate,Female,Black,19,In-state,Yes,No,7573.0,30,26,88.2,86.0,73.9,1,3,3,3.0,Low,0.661,No,0.498,No
S03245,2026,Spring,Health Administration,BS Health Administration,Undergraduate,Female,White,20,In-state,Yes,Yes,6046.0,31,31,100.0,100.0,77.2,1,3,0,4.0,Low,0.849,Yes,0.826,Yes
S03246,2022,Spring,Public Health,MS Epidemiology,Graduate,Male,Black,38,Out-of-state,Yes,Yes,10267.0,18,16,89.9,89.5,42.0,1,2,5,3.54,Medium,0.591,Yes,0.489,No
S03247,2022,Fall,Health Administration,BS Health Administration,Undergraduate,Male,White,22,International,Yes,Yes,8964.0,32,29,91.5,100.0,69.0,5,2,1,3.81,Low,0.845,Yes,0.819,Yes
S03248,2025,Fall,Public Health,MS Epidemiology,Graduate,Female,Black,28,In-state,No,No,9455.0,18,17,95.6,62.4,73.0,3,1,2,3.21,Medium,0.546,Yes,0.39,No
S03249,2026,Fall,Social Work,MSW,Graduate,Female,White,29,In-state,No,Yes,0.0,24,23,97.5,94.0,71.5,1,3,1,2.91,Low,0.756,No,0.498,No
S03250,2022,Fall,Social Work,BSW,Undergraduate,Female,White,22,Out-of-state,No,No,13274.0,24,18,75.3,80.6,64.0,0,3,0,2.56,High,0.292,Yes,0.165,No
S03251,2023,Spring,Data Science,BS Health Data Science,Undergraduate,Male,White,19,In-state,Yes,Yes,2851.0,27,24,90.7,83.9,79.6,0,3,1,3.0,Low,0.691,Yes,0.471,No
S03252,2023,Fall,Social Work,BSW,Undergraduate,Female,Hispanic/Latino,22,In-state,Yes,No,6134.0,30,30,100.0,77.4,97.9,4,3,3,3.44,Low,0.801,No,0.712,Yes
S03253,2024,Spring,Nutrition,BS Nutrition,Undergraduate,Female,Hispanic/Latino,21,International,No,No,11381.0,24,24,100.0,91.9,72.1,2,0,2,3.19,Low,0.694,Yes,0.584,Yes
S03254,2022,Spring,Social Work,BSW,Undergraduate,Female,White,24,In-state,No,No,8775.0,32,32,100.0,90.5,100.0,4,2,2,4.0,Low,0.878,No,0.87,Yes
S03255,2022,Spring,Health Administration,BS Health Administration,Undergraduate,Male,Multiracial,20,International,No,Yes,7335.0,27,26,95.7,88.1,70.0,4,1,0,3.04,Low,0.718,Yes,0.568,Yes
S03256,2025,Spring,Nutrition,BS Nutrition,Undergraduate,Male,Hispanic/Latino,20,In-state,No,Yes,9902.0,27,24,90.5,86.2,57.6,3,2,0,3.24,Low,0.66,No,0.533,No
S03257,2022,Spring,Nutrition,BS Nutrition,Undergraduate,Female,White,21,In-state,Yes,Yes,7062.0,33,31,92.7,75.0,97.8,2,1,2,3.21,Low,0.73,No,0.616,No
S03258,2022,Fall,Data Science,MS Health Data Science,Graduate,Female,Hispanic/Latino,25,In-state,No,Yes,5037.0,24,24,100.0,100.0,83.8,3,3,4,3.73,Low,0.872,Yes,0.794,Yes
S03259,2023,Spring,Data Science,MS Health Data Science,Graduate,Male,White,30,In-state,Yes,Yes,2548.0,30,26,87.9,90.0,81.0,3,1,3,2.76,Low,0.757,Yes,0.524,Yes
S03260,2022,Fall,Nutrition,BS Nutrition,Undergraduate,Male,Multiracial,21,In-state,No,Yes,6429.0,24,24,98.8,91.2,80.7,3,2,0,3.02,Low,0.749,No,0.586,No
S03261,2022,Fall,Nutrition,MS Nutrition,Graduate,Female,Hispanic/Latino,26,Out-of-state,No,Yes,10691.0,27,26,96.2,72.6,76.0,2,2,2,2.67,Medium,0.493,No,0.359,No
S03262,2024,Spring,Social Work,BSW,Undergraduate,Female,Black,22,Out-of-state,No,Yes,9331.0,27,25,93.8,100.0,69.0,2,1,4,2.85,Low,0.693,No,0.542,Yes
S03263,2026,Spring,Public Health,MPH,Graduate,Female,Black,34,In-state,No,Yes,1279.0,18,17,96.7,100.0,70.1,3,0,3,3.97,Low,0.885,No,0.777,Yes
S03264,2023,Spring,Health Administration,MHA,Graduate,Female,Black,22,In-state,Yes,Yes,7565.0,30,30,100.0,95.4,78.9,0,1,0,3.83,Low,0.815,Yes,0.765,Yes
S03265,2022,Spring,Health Administration,BS Health Administration,Undergraduate,Male,Black,23,In-state,No,No,13753.0,32,28,86.5,84.1,52.9,2,2,4,3.23,Low,0.576,No,0.503,No
S03266,2024,Fall,Health Administration,BS Health Administration,Undergraduate,Female,White,22,In-state,No,No,8585.0,30,30,100.0,83.0,75.5,3,0,2,3.96,Low,0.796,No,0.769,Yes
S03267,2022,Spring,Public Health,BS Public Health,Undergraduate,Male,White,22,In-state,Yes,Yes,3628.0,27,24,88.0,78.7,96.9,5,1,1,2.44,Medium,0.666,Yes,0.453,Yes
S03268,2023,Spring,Social Work,BSW,Undergraduate,Male,White,18,Out-of-state,No,Yes,6872.0,24,23,97.1,75.6,91.7,3,0,0,3.14,Low,0.723,Yes,0.552,Yes
S03269,2026,Spring,Social Work,MSW,Graduate,Female,White,36,In-state,Yes,No,11888.0,30,30,99.3,86.3,68.9,2,3,2,3.24,Low,0.677,Yes,0.587,Yes
S03270,2026,Fall,Public Health,MPH,Graduate,Male,Black,26,International,No,Yes,5379.0,30,28,94.1,87.9,41.5,3,1,3,2.98,Low,0.638,Yes,0.443,No
S03271,2026,Fall,Public Health,BS Public Health,Undergraduate,Male,White,23,In-state,Yes,Yes,6346.0,33,27,81.7,72.5,73.8,1,1,3,3.17,Medium,0.569,Yes,0.464,No
S03272,2025,Spring,Nutrition,BS Nutrition,Undergraduate,Male,Hispanic/Latino,19,In-state,No,No,4419.0,31,30,98.2,77.8,78.7,2,1,2,2.95,Low,0.673,Yes,0.493,No
S03273,2023,Fall,Health Administration,MHA,Graduate,Female,White,25,International,No,Yes,4763.0,27,27,100.0,68.4,44.8,2,0,3,3.98,Medium,0.63,Yes,0.569,Yes
S03274,2024,Fall,Public Health,BS Public Health,Undergraduate,Female,Asian,21,In-state,Yes,No,3852.0,33,33,100.0,88.3,69.8,3,2,1,3.01,Low,0.726,Yes,0.582,Yes
S03275,2022,Fall,Public Health,BS Public Health,Undergraduate,Female,Other/Unknown,21,Out-of-state,No,Yes,6344.0,32,32,100.0,81.6,74.1,3,0,0,3.53,Low,0.754,No,0.677,Yes
S03276,2026,Fall,Data Science,BS Health Data Science,Undergraduate,Male,White,22,In-state,No,Yes,3195.0,27,27,100.0,90.7,84.6,2,3,2,4.0,Low,0.861,Yes,0.804,Yes
S03277,2024,Spring,Public Health,BS Public Health,Undergraduate,Female,Hispanic/Latino,23,In-state,No,No,10267.0,27,27,100.0,99.4,68.2,1,1,0,2.81,Medium,0.598,Yes,0.516,Yes
S03278,2025,Spring,Data Science,BS Health Data Science,Undergraduate,Female,Other/Unknown,22,International,No,Yes,11744.0,33,33,100.0,90.1,74.4,4,0,1,2.54,Medium,0.571,No,0.507,No
S03279,2026,Fall,Health Administration,BS Health Administration,Undergraduate,Female,White,20,In-state,No,Yes,3243.0,32,32,100.0,97.1,57.1,4,1,0,3.21,Low,0.772,Yes,0.653,No
S03280,2024,Spring,Nutrition,BS Nutrition,Undergraduate,Female,White,20,In-state,No,Yes,5500.0,27,27,100.0,84.9,69.8,0,2,0,4.0,Low,0.775,Yes,0.71,Yes
S03281,2024,Fall,Social Work,MSW,Graduate,Female,Black,35,In-state,Yes,No,11020.0,21,21,100.0,81.7,64.9,1,1,0,3.53,Low,0.674,Yes,0.546,Yes
S03282,2025,Spring,Social Work,MSW,Graduate,Male,White,35,Out-of-state,No,No,11217.0,30,30,100.0,80.8,86.8,2,3,2,4.0,Low,0.801,Yes,0.78,Yes
S03283,2026,Spring,Public Health,BS Public Health,Undergraduate,Female,White,22,Out-of-state,No,No,13061.0,31,31,100.0,100.0,75.0,3,1,1,4.0,Low,0.829,Yes,0.844,Yes
S03284,2022,Fall,Social Work,BSW,Undergraduate,Female,Hispanic/Latino,20,In-state,No,Yes,2585.0,24,18,75.4,64.4,63.3,2,3,0,2.61,High,0.347,No,0.14,No
S03285,2026,Fall,Public Health,MPH,Graduate,Female,White,26,In-state,Yes,No,10585.0,18,18,100.0,89.0,100.0,4,4,1,3.49,Low,0.834,No,0.73,No
S03286,2022,Spring,Public Health,BS Public Health,Undergraduate,Female,White,23,In-state,No,Yes,3022.0,24,24,100.0,90.8,63.6,4,3,0,3.79,Low,0.826,Yes,0.728,No
S03287,2023,Spring,Health Administration,BS Health Administration,Undergraduate,Female,White,22,Out-of-state,No,No,6830.0,31,26,82.7,74.2,56.7,0,0,1,2.57,Medium,0.397,No,0.254,No
S03288,2022,Fall,Public Health,BS Public Health,Undergraduate,Male,White,25,In-state,Yes,Yes,0.0,30,27,90.5,88.7,85.7,1,0,2,3.38,Low,0.808,No,0.655,Yes
S03289,2025,Spring,Public Health,MPH,Graduate,Male,White,29,Out-of-state,No,No,14574.0,18,18,100.0,74.8,68.0,1,0,4,3.22,Medium,0.507,Yes,0.417,No
S03290,2026,Fall,Public Health,BS Public Health,Undergraduate,Female,White,21,Out-of-state,No,No,3213.0,30,29,97.1,93.2,63.5,3,0,0,2.63,Low,0.684,Yes,0.468,Yes
S03291,2026,Spring,Health Administration,BS Health Administration,Undergraduate,Male,White,20,In-state,No,No,9461.0,27,27,100.0,90.0,85.2,1,0,2,4.0,Low,0.815,Yes,0.789,Yes
S03292,2022,Fall,Social Work,MSW,Graduate,Female,Hispanic/Latino,34,Out-of-state,No,Yes,7259.0,24,24,100.0,86.8,56.6,2,0,3,3.06,Low,0.658,Yes,0.467,No
S03293,2022,Spring,Health Administration,MHA,Graduate,Female,Multiracial,30,In-state,Yes,Yes,959.0,30,30,100.0,89.2,62.0,3,1,1,3.29,Low,0.779,Yes,0.614,No
S03294,2025,Fall,Data Science,BS Health Data Science,Undergraduate,Male,Asian,21,In-state,No,No,7189.0,27,22,81.2,68.7,64.8,6,2,0,2.84,High,0.443,No,0.263,No
S03295,2025,Fall,Data Science,BS Health Data Science,Undergraduate,Male,Other/Unknown,20,In-state,No,Yes,5643.0,33,33,100.0,99.4,84.9,0,2,0,3.54,Low,0.812,Yes,0.757,Yes
S03296,2022,Spring,Data Science,BS Health Data Science,Undergraduate,Female,Hispanic/Latino,20,In-state,Yes,Yes,7979.0,24,24,99.4,81.9,50.9,0,0,2,2.46,Medium,0.39,No,0.244,No
S03297,2022,Fall,Nutrition,BS Nutrition,Undergraduate,Male,White,18,Out-of-state,No,No,14194.0,30,28,92.1,90.2,67.2,1,1,1,3.07,Low,0.609,Yes,0.53,Yes
S03298,2024,Fall,Nutrition,BS Nutrition,Undergraduate,Female,Black,20,In-state,Yes,No,6990.0,30,28,92.4,77.6,67.5,2,4,1,3.05,Low,0.629,No,0.469,Yes
S03299,2026,Spring,Social Work,BSW,Undergraduate,Female,White,21,In-state,No,Yes,6791.0,30,25,84.0,75.1,92.2,5,0,1,2.11,Medium,0.551,Yes,0.339,Yes
S03300,2026,Spring,Health Administration,BS Health Administration,Undergraduate,Male,White,24,In-state,No,Yes,9157.0,27,27,100.0,62.5,90.0,1,1,3,3.24,Medium,0.553,No,0.475,Yes
S03301,2026,Spring,Health Administration,MHA,Graduate,Female,White,24,In-state,No,Yes,2534.0,24,24,100.0,74.9,76.8,3,0,1,3.36,Low,0.757,Yes,0.56,No
S03302,2025,Fall,Health Administration,BS Health Administration,Undergraduate,Female,Asian,20,In-state,Yes,No,8285.0,30,27,91.0,75.8,50.0,1,0,1,1.87,High,0.205,No,0.086,No
S03303,2023,Fall,Nutrition,BS Nutrition,Undergraduate,Female,Hispanic/Latino,22,Out-of-state,No,Yes,4058.0,32,31,96.2,93.1,77.7,3,1,4,2.56,Low,0.708,Yes,0.508,No
S03304,2022,Spring,Social Work,BSW,Undergraduate,Male,Hispanic/Latino,24,Out-of-state,No,No,12764.0,33,33,100.0,95.6,50.7,0,2,0,3.59,Medium,0.597,Yes,0.648,Yes
S03305,2024,Fall,Social Work,MSW,Graduate,Male,Hispanic/Latino,37,In-state,Yes,Yes,0.0,21,19,89.5,83.3,85.0,0,3,1,2.58,Medium,0.631,No,0.351,No
S03306,2026,Fall,Public Health,MS Epidemiology,Graduate,Female,Multiracial,38,In-state,No,No,10509.0,21,21,100.0,86.7,75.9,0,2,1,2.89,Medium,0.568,No,0.431,No
S03307,2022,Fall,Nutrition,BS Nutrition,Undergraduate,Female,White,19,In-state,No,No,8014.0,31,27,85.7,81.4,74.3,1,2,0,2.81,Low,0.604,Yes,0.425,No
S03308,2024,Fall,Health Administration,MHA,Graduate,Male,White,22,In-state,No,No,4470.0,21,21,100.0,81.9,90.5,0,0,1,3.74,Low,0.804,Yes,0.667,Yes
S03309,2022,Spring,Data Science,MS Health Data Science,Graduate,Female,White,25,In-state,No,No,7919.0,27,27,100.0,83.4,97.3,5,2,1,4.0,Low,0.878,Yes,0.838,No
S03310,2023,Spring,Social Work,BSW,Undergraduate,Female,Other/Unknown,21,International,No,Yes,7879.0,32,28,88.3,89.7,71.4,1,0,2,2.59,Low,0.607,No,0.418,Yes
S03311,2025,Spring,Public Health,BS Public Health,Undergraduate,Female,Multiracial,25,In-state,Yes,Yes,3739.0,24,23,97.8,80.6,55.6,3,2,2,3.07,Low,0.656,Yes,0.439,Yes
S03312,2026,Fall,Health Administration,BS Health Administration,Undergraduate,Male,White,20,International,No,No,15849.0,30,28,92.3,81.2,94.8,3,2,4,1.92,Medium,0.432,Yes,0.317,No
S03313,2022,Fall,Public Health,BS Public Health,Undergraduate,Male,White,23,Out-of-state,No,Yes,2800.0,33,31,94.7,72.7,57.5,0,4,2,2.91,Medium,0.486,No,0.347,No
S03314,2026,Spring,Nutrition,BS Nutrition,Undergraduate,Female,White,20,In-state,No,Yes,8060.0,30,28,91.7,95.8,66.8,5,0,2,2.7,Low,0.709,Yes,0.548,No
S03315,2022,Spring,Health Administration,BS Health Administration,Undergraduate,Male,White,18,In-state,Yes,No,11942.0,31,31,100.0,89.9,95.0,5,3,2,2.78,Medium,0.689,No,0.643,Yes
S03316,2023,Fall,Data Science,BS Health Data Science,Undergraduate,Female,Hispanic/Latino,22,In-state,Yes,Yes,6508.0,30,30,100.0,90.6,67.5,2,4,2,2.98,Low,0.687,No,0.543,Yes
S03317,2025,Spring,Health Administration,BS Health Administration,Undergraduate,Female,White,24,In-state,No,Yes,1443.0,31,30,96.2,94.7,80.4,2,1,3,2.39,Medium,0.651,Yes,0.457,No
S03318,2024,Spring,Data Science,BS Health Data Science,Undergraduate,Female,Hispanic/Latino,23,Out-of-state,No,Yes,4104.0,31,30,97.9,87.6,97.2,0,3,2,2.37,Medium,0.605,No,0.428,Yes
S03319,2022,Spring,Data Science,MS Health Data Science,Graduate,Female,Other/Unknown,28,International,Yes,Yes,5032.0,21,21,100.0,92.5,72.3,4,3,1,3.53,Low,0.825,Yes,0.692,Yes
S03320,2023,Fall,Data Science,BS Health Data Science,Undergraduate,Female,Black,21,International,No,Yes,5936.0,30,30,100.0,74.9,44.6,3,2,3,3.67,Medium,0.603,No,0.564,Yes
S03321,2022,Spring,Public Health,BS Public Health,Undergraduate,Male,White,21,In-state,Yes,Yes,3703.0,24,24,100.0,72.8,56.0,4,1,1,3.01,Low,0.629,Yes,0.405,No
S03322,2026,Fall,Data Science,MS Health Data Science,Graduate,Female,Black,35,In-state,No,Yes,2477.0,30,30,100.0,75.2,39.7,4,0,2,3.55,Medium,0.64,Yes,0.537,Yes
S03323,2025,Fall,Data Science,MS Health Data Science,Graduate,Female,Hispanic/Latino,42,In-state,No,Yes,3697.0,21,20,97.3,88.8,100.0,3,0,0,3.73,Low,0.876,Yes,0.769,No
S03324,2023,Spring,Nutrition,MS Nutrition,Graduate,Female,Black,32,Out-of-state,No,Yes,11034.0,18,18,100.0,84.9,64.4,2,2,1,4.0,Low,0.765,Yes,0.683,Yes
S03325,2023,Fall,Health Administration,BS Health Administration,Undergraduate,Female,White,24,In-state,No,Yes,7545.0,30,30,99.7,66.6,79.9,2,2,1,2.92,Medium,0.525,Yes,0.421,No
S03326,2026,Spring,Nutrition,BS Nutrition,Undergraduate,Female,White,20,In-state,Yes,No,7879.0,33,33,100.0,92.0,48.4,2,1,1,3.61,Low,0.711,No,0.661,Yes
S03327,2026,Spring,Nutrition,MS Nutrition,Graduate,Female,White,30,In-state,No,No,3276.0,30,30,100.0,93.1,86.9,4,7,3,3.99,Low,0.895,Yes,0.849,Yes
S03328,2023,Spring,Data Science,BS Health Data Science,Undergraduate,Male,Asian,20,In-state,No,No,7552.0,27,27,100.0,84.9,64.6,6,3,0,3.19,Low,0.737,Yes,0.611,Yes
S03329,2025,Spring,Public Health,BS Public Health,Undergraduate,Male,Hispanic/Latino,19,In-state,No,No,5222.0,30,28,94.8,84.9,56.8,2,1,2,2.87,Low,0.62,No,0.429,No
S03330,2022,Spring,Public Health,BS Public Health,Undergraduate,Female,Other/Unknown,22,Out-of-state,Yes,Yes,3252.0,27,27,100.0,96.5,76.9,0,1,2,3.85,Low,0.829,No,0.755,Yes
S03331,2026,Fall,Health Administration,MHA,Graduate,Male,White,31,International,Yes,No,11486.0,30,28,93.7,82.0,71.3,0,4,3,2.16,High,0.297,Yes,0.16,No
S03332,2024,Spring,Public Health,BS Public Health,Undergraduate,Female,White,24,Out-of-state,No,Yes,3948.0,32,32,100.0,92.1,71.5,2,1,0,4.0,Low,0.837,No,0.799,Yes
S03333,2025,Fall,Nutrition,BS Nutrition,Undergraduate,Male,White,19,Out-of-state,Yes,Yes,0.0,32,31,97.7,75.5,47.9,0,0,2,3.26,Medium,0.553,No,0.42,No
S03334,2023,Fall,Data Science,BS Health Data Science,Undergraduate,Female,Hispanic/Latino,21,Out-of-state,Yes,Yes,11948.0,31,28,89.1,75.5,43.0,2,0,1,2.66,High,0.266,No,0.178,No
S03335,2025,Spring,Health Administration,BS Health Administration,Undergraduate,Male,White,20,International,No,No,14245.0,24,24,100.0,98.2,80.4,5,4,1,3.32,Low,0.783,Yes,0.729,Yes
S03336,2026,Spring,Data Science,MS Health Data Science,Graduate,Nonbinary,Hispanic/Latino,29,In-state,Yes,Yes,3656.0,27,27,99.5,79.0,79.8,1,3,1,3.6,Low,0.772,Yes,0.634,Yes
S03337,2023,Fall,Data Science,BS Health Data Science,Undergraduate,Female,White,19,In-state,No,No,6385.0,32,28,87.4,73.4,79.0,2,1,1,2.65,Medium,0.526,Yes,0.378,No
S03338,2024,Spring,Health Administration,BS Health Administration,Undergraduate,Female,White,20,Out-of-state,No,No,11410.0,31,31,100.0,78.0,82.3,3,2,3,3.43,Medium,0.655,Yes,0.655,No
S03339,2024,Spring,Social Work,BSW,Undergraduate,Nonbinary,White,23,In-state,Yes,Yes,10532.0,30,29,97.5,79.5,53.1,5,1,2,3.82,Medium,0.672,No,0.688,No
S03340,2022,Fall,Social Work,BSW,Undergraduate,Female,Asian,23,In-state,No,No,3280.0,31,22,70.9,51.9,69.9,0,1,1,2.02,High,0.2,No,0.061,No
S03341,2024,Fall,Health Administration,BS Health Administration,Undergraduate,Male,White,19,Out-of-state,No,No,6514.0,32,30,93.6,66.9,79.7,0,2,1,3.76,Medium,0.629,Yes,0.599,Yes
S03342,2025,Spring,Nutrition,BS Nutrition,Undergraduate,Male,White,22,In-state,Yes,Yes,3207.0,27,27,100.0,89.8,90.5,2,0,1,2.9,Low,0.762,Yes,0.577,Yes
S03343,2022,Spring,Nutrition,BS Nutrition,Undergraduate,Male,Black,20,Out-of-state,Yes,Yes,9029.0,31,31,100.0,73.6,53.4,0,2,1,2.85,High,0.304,Yes,0.211,No
S03344,2022,Spring,Social Work,BSW,Undergraduate,Female,White,18,Out-of-state,No,No,8145.0,24,24,100.0,81.7,93.9,2,2,1,3.22,Low,0.74,Yes,0.603,Yes
S03345,2024,Spring,Data Science,MS Health Data Science,Graduate,Female,White,22,In-state,Yes,Yes,4602.0,18,16,88.3,90.6,46.9,2,0,1,2.64,Low,0.606,Yes,0.307,Yes
S03346,2026,Spring,Nutrition,BS Nutrition,Undergraduate,Male,White,21,International,No,No,16377.0,33,33,100.0,80.2,98.3,2,0,1,3.37,Low,0.699,Yes,0.694,Yes
S03347,2026,Fall,Social Work,BSW,Undergraduate,Female,White,22,In-state,No,No,10916.0,31,24,77.6,68.5,62.2,3,1,1,2.34,High,0.272,No,0.143,No
S03348,2023,Fall,Nutrition,BS Nutrition,Undergraduate,Female,Hispanic/Latino,23,In-state,No,Yes,1777.0,32,31,98.1,93.5,77.7,0,0,0,3.7,Low,0.816,Yes,0.733,Yes
S03349,2023,Spring,Social Work,MSW,Graduate,Female,Hispanic/Latino,30,In-state,Yes,Yes,8512.0,24,24,100.0,83.0,83.1,3,2,2,3.47,Low,0.775,Yes,0.658,Yes
S03350,2023,Fall,Social Work,MSW,Graduate,Female,White,29,International,No,Yes,6742.0,24,24,98.8,100.0,100.0,2,2,3,3.92,Low,0.894,Yes,0.846,Yes
S03351,2023,Spring,Data Science,MS Health Data Science,Graduate,Male,Black,28,Out-of-state,No,Yes,5674.0,27,27,100.0,93.3,69.8,1,3,1,3.18,Low,0.739,Yes,0.581,No
S03352,2022,Fall,Public Health,MPH,Graduate,Male,Black,25,In-state,No,No,7617.0,24,22,93.6,70.7,42.7,3,1,2,2.95,Medium,0.461,No,0.305,No
S03353,2026,Fall,Nutrition,MS Nutrition,Graduate,Male,White,29,In-state,Yes,Yes,4628.0,18,16,90.9,71.9,69.5,1,0,0,2.61,Medium,0.497,Yes,0.255,No
S03354,2023,Fall,Social Work,BSW,Undergraduate,Male,Multiracial,20,In-state,No,No,2886.0,31,31,100.0,97.9,81.5,4,3,1,3.72,Low,0.873,Yes,0.819,No
S03355,2023,Spring,Public Health,BS Public Health,Undergraduate,Female,Black,21,International,No,Yes,3493.0,30,30,100.0,91.7,96.5,3,3,1,3.42,Low,0.846,No,0.759,No
S03356,2026,Fall,Public Health,MS Epidemiology,Graduate,Male,Multiracial,26,In-state,No,Yes,6588.0,18,18,100.0,84.4,77.4,3,1,2,3.64,Low,0.798,No,0.654,No
S03357,2024,Fall,Nutrition,MS Nutrition,Graduate,Male,Asian,22,In-state,No,No,2399.0,21,19,92.4,90.4,70.0,0,1,2,3.88,Low,0.815,Yes,0.673,No
S03358,2026,Spring,Social Work,BSW,Undergraduate,Male,Black,24,In-state,Yes,No,7129.0,30,30,100.0,81.2,67.3,5,3,2,3.41,Low,0.745,Yes,0.652,Yes
S03359,2023,Fall,Health Administration,BS Health Administration,Undergraduate,Female,White,20,In-state,Yes,No,6960.0,27,26,94.8,59.8,48.3,0,3,2,3.56,High,0.34,Yes,0.247,No
S03360,2022,Spring,Data Science,MS Health Data Science,Graduate,Male,Asian,37,In-state,No,Yes,3444.0,18,18,100.0,84.7,67.9,2,3,1,4.0,Low,0.821,Yes,0.692,Yes
S03361,2023,Fall,Public Health,BS Public Health,Undergraduate,Female,White,22,In-state,No,No,6153.0,32,32,100.0,71.2,72.4,2,2,3,3.36,Low,0.665,No,0.549,No
S03362,2026,Fall,Health Administration,BS Health Administration,Undergraduate,Female,Black,21,In-state,No,No,4104.0,33,33,100.0,93.5,100.0,2,1,2,4.0,Low,0.887,No,0.863,Yes
S03363,2022,Fall,Social Work,BSW,Undergraduate,Female,Hispanic/Latino,25,In-state,No,Yes,4532.0,32,31,98.2,76.4,77.8,1,1,2,2.9,Low,0.638,Yes,0.456,No
S03364,2022,Fall,Health Administration,BS Health Administration,Undergraduate,Male,White,22,In-state,No,No,7170.0,33,29,87.2,88.7,75.2,3,1,2,2.93,Low,0.705,Yes,0.557,Yes
S03365,2023,Spring,Health Administration,MHA,Graduate,Female,Black,33,In-state,No,No,6725.0,30,30,100.0,100.0,100.0,5,0,1,3.4,Low,0.884,Yes,0.823,Yes
S03366,2025,Fall,Health Administration,BS Health Administration,Undergraduate,Female,Multiracial,21,In-state,No,Yes,3602.0,30,30,99.4,59.9,85.3,4,3,2,3.09,Medium,0.612,Yes,0.482,No
S03367,2022,Spring,Nutrition,BS Nutrition,Undergraduate,Male,White,21,In-state,Yes,Yes,2578.0,30,22,72.4,73.3,56.7,3,2,3,1.7,High,0.261,Yes,0.078,No
S03368,2026,Fall,Nutrition,BS Nutrition,Undergraduate,Female,White,20,In-state,No,No,9744.0,24,24,99.2,76.5,59.3,5,0,1,2.92,Medium,0.544,Yes,0.433,Yes
S03369,2025,Fall,Public Health,BS Public Health,Undergraduate,Female,Black,25,In-state,Yes,Yes,501.0,33,33,100.0,80.6,58.8,4,1,0,3.43,Low,0.756,Yes,0.621,No
S03370,2026,Spring,Health Administration,BS Health Administration,Undergraduate,Female,White,18,Out-of-state,Yes,Yes,6506.0,32,27,83.6,61.1,78.6,0,1,0,2.58,High,0.304,No,0.159,No
S03371,2025,Fall,Nutrition,BS Nutrition,Undergraduate,Male,White,20,In-state,No,No,6715.0,24,24,98.5,71.4,66.5,2,1,2,3.11,Low,0.605,No,0.418,Yes
S03372,2025,Fall,Social Work,BSW,Undergraduate,Nonbinary,White,21,In-state,Yes,Yes,8521.0,32,28,89.0,76.3,82.9,4,1,3,3.18,Low,0.71,Yes,0.587,Yes
S03373,2024,Fall,Health Administration,MHA,Graduate,Female,White,30,In-state,Yes,Yes,7163.0,21,21,100.0,87.0,100.0,2,0,2,3.74,Low,0.847,Yes,0.753,Yes
S03374,2023,Spring,Social Work,BSW,Undergraduate,Male,Black,22,In-state,No,Yes,2481.0,30,26,87.5,70.4,95.8,1,0,0,2.84,Medium,0.618,Yes,0.436,No
S03375,2023,Fall,Data Science,BS Health Data Science,Undergraduate,Male,Asian,22,In-state,No,Yes,4463.0,24,22,92.7,72.7,61.3,3,1,0,3.37,Low,0.672,No,0.483,Yes
S03376,2023,Fall,Nutrition,BS Nutrition,Undergraduate,Female,Asian,18,In-state,No,No,2773.0,27,26,95.8,72.8,53.6,3,1,3,2.7,Medium,0.499,Yes,0.314,No
S03377,2025,Spring,Social Work,BSW,Undergraduate,Female,White,19,In-state,No,No,10163.0,32,32,100.0,75.9,73.2,5,4,2,2.98,Medium,0.595,No,0.543,No
S03378,2025,Fall,Nutrition,MS Nutrition,Graduate,Male,Asian,26,Out-of-state,Yes,Yes,559.0,18,18,98.8,69.3,89.0,3,1,2,3.46,Medium,0.746,Yes,0.558,No
S03379,2024,Spring,Health Administration,BS Health Administration,Undergraduate,Nonbinary,Hispanic/Latino,22,In-state,Yes,Yes,2392.0,33,33,100.0,87.3,54.0,0,3,1,3.05,Low,0.64,Yes,0.472,No
S03380,2026,Fall,Health Administration,BS Health Administration,Undergraduate,Female,White,20,Out-of-state,Yes,No,12491.0,31,28,89.2,69.6,37.7,4,2,2,2.89,High,0.283,No,0.205,No
S03381,2025,Spring,Nutrition,MS Nutrition,Graduate,Female,Hispanic/Latino,38,International,No,Yes,5373.0,30,30,100.0,81.9,86.0,3,2,2,2.83,Low,0.723,Yes,0.533,No
S03382,2025,Fall,Nutrition,BS Nutrition,Undergraduate,Male,Hispanic/Latino,19,Out-of-state,No,Yes,10171.0,32,32,100.0,95.5,98.1,0,0,1,4.0,Medium,0.807,Yes,0.843,Yes
S03383,2022,Fall,Public Health,MS Epidemiology,Graduate,Female,Hispanic/Latino,39,In-state,No,No,3917.0,21,21,100.0,89.5,54.2,4,1,1,3.16,Low,0.737,Yes,0.521,No
S03384,2026,Fall,Nutrition,MS Nutrition,Graduate,Male,White,29,Out-of-state,No,Yes,10152.0,18,18,100.0,100.0,87.7,1,1,2,4.0,Low,0.857,Yes,0.8,Yes
S03385,2026,Spring,Public Health,BS Public Health,Undergraduate,Female,White,23,Out-of-state,No,No,13074.0,24,21,88.9,79.6,47.5,5,3,0,3.04,Medium,0.508,Yes,0.426,No
S03386,2022,Fall,Social Work,MSW,Graduate,Female,Hispanic/Latino,30,In-state,No,Yes,2599.0,24,23,94.6,90.3,100.0,5,3,1,3.37,Low,0.877,Yes,0.749,Yes
S03387,2025,Spring,Social Work,MSW,Graduate,Male,White,36,In-state,Yes,Yes,4582.0,18,18,100.0,73.6,73.0,3,2,4,4.0,Low,0.8,No,0.665,Yes
S03388,2023,Fall,Nutrition,BS Nutrition,Undergraduate,Female,White,21,In-state,No,Yes,7902.0,27,26,97.8,76.1,95.2,1,1,0,2.26,Medium,0.5,Yes,0.324,No
S03389,2022,Spring,Public Health,MS Epidemiology,Graduate,Male,Hispanic/Latino,27,In-state,No,No,9536.0,24,23,94.1,74.9,63.2,2,1,2,3.07,Medium,0.536,Yes,0.411,Yes
S03390,2022,Spring,Social Work,BSW,Undergraduate,Female,Multiracial,21,In-state,No,Yes,5768.0,31,31,100.0,94.0,79.1,2,1,2,3.89,Low,0.838,Yes,0.802,Yes
S03391,2025,Fall,Public Health,BS Public Health,Undergraduate,Female,Hispanic/Latino,22,In-state,No,Yes,9719.0,33,31,92.7,75.4,89.5,5,1,2,3.26,Medium,0.69,No,0.657,Yes
S03392,2026,Fall,Public Health,BS Public Health,Undergraduate,Female,Other/Unknown,22,International,No,Yes,9157.0,31,30,96.1,48.6,63.7,1,2,3,2.94,Medium,0.342,No,0.258,No
S03393,2024,Spring,Public Health,BS Public Health,Undergraduate,Female,White,23,In-state,Yes,Yes,3015.0,31,31,100.0,81.3,59.0,3,2,2,3.02,Low,0.669,Yes,0.49,No
S03394,2022,Fall,Nutrition,MS Nutrition,Graduate,Female,Asian,24,In-state,Yes,Yes,0.0,24,22,89.8,81.7,58.1,3,0,2,2.94,Low,0.7,No,0.415,Yes
S03395,2023,Fall,Social Work,BSW,Undergraduate,Female,White,22,Out-of-state,Yes,No,12809.0,32,24,74.5,64.9,68.6,2,2,2,2.37,High,0.247,No,0.137,No
S03396,2024,Spring,Social Work,BSW,Undergraduate,Nonbinary,Asian,24,In-state,No,Yes,5141.0,31,31,100.0,85.8,66.5,3,0,0,3.4,Low,0.745,Yes,0.642,No
S03397,2026,Fall,Data Science,BS Health Data Science,Undergraduate,Male,Asian,22,In-state,No,Yes,4807.0,30,30,100.0,97.3,95.2,2,7,0,3.41,Low,0.841,Yes,0.765,Yes
S03398,2026,Fall,Data Science,BS Health Data Science,Undergraduate,Male,Black,25,In-state,Yes,No,234.0,24,24,100.0,100.0,74.2,3,1,1,4.0,Low,0.889,Yes,0.818,Yes
S03399,2025,Spring,Social Work,BSW,Undergraduate,Female,White,20,In-state,No,Yes,975.0,31,31,100.0,68.7,80.4,3,4,2,3.82,Medium,0.747,Yes,0.688,Yes
S03400,2024,Spring,Data Science,MS Health Data Science,Graduate,Male,Multiracial,23,International,No,Yes,5632.0,27,25,93.1,69.0,91.0,5,0,2,2.4,High,0.479,No,0.244,No
S03401,2022,Fall,Health Administration,MHA,Graduate,Female,White,38,International,Yes,Yes,3667.0,27,27,100.0,67.6,90.1,4,0,1,3.9,Medium,0.785,Yes,0.724,No
S03402,2026,Fall,Nutrition,BS Nutrition,Undergraduate,Nonbinary,Asian,20,In-state,No,Yes,5138.0,31,31,100.0,95.2,93.4,3,0,1,3.68,Low,0.863,Yes,0.815,No
S03403,2024,Fall,Nutrition,BS Nutrition,Undergraduate,Female,White,20,Out-of-state,No,Yes,7387.0,33,33,100.0,75.6,79.3,3,3,2,3.79,Low,0.767,Yes,0.724,Yes
S03404,2026,Fall,Nutrition,BS Nutrition,Undergraduate,Male,Black,22,In-state,Yes,Yes,5652.0,24,24,98.7,80.8,86.8,4,0,0,2.84,Low,0.72,Yes,0.516,No
S03405,2023,Spring,Health Administration,BS Health Administration,Undergraduate,Male,Multiracial,23,International,Yes,No,13184.0,30,30,100.0,90.2,93.1,3,1,1,2.87,Medium,0.651,No,0.617,Yes
S03406,2024,Spring,Public Health,BS Public Health,Undergraduate,Male,White,23,Out-of-state,No,Yes,3189.0,27,27,100.0,77.1,55.2,3,1,2,3.98,Low,0.765,Yes,0.672,Yes
S03407,2025,Fall,Nutrition,MS Nutrition,Graduate,Female,White,23,In-state,No,No,7337.0,30,30,100.0,65.5,66.9,4,1,5,3.12,Medium,0.568,No,0.46,No
S03408,2022,Fall,Data Science,BS Health Data Science,Undergraduate,Female,Hispanic/Latino,19,Out-of-state,Yes,No,11436.0,27,24,90.3,68.8,81.4,0,0,1,3.68,High,0.475,Yes,0.415,No
S03409,2023,Spring,Social Work,BSW,Undergraduate,Male,Asian,26,In-state,No,Yes,6409.0,27,27,100.0,67.3,81.3,2,4,1,3.41,Medium,0.623,No,0.541,No
S03410,2025,Spring,Social Work,BSW,Undergraduate,Female,White,22,In-state,No,No,5791.0,24,24,100.0,55.8,78.4,2,0,2,2.88,Medium,0.471,No,0.31,Yes
S03411,2022,Spring,Data Science,BS Health Data Science,Undergraduate,Nonbinary,Black,20,In-state,Yes,Yes,3961.0,33,30,90.1,86.9,60.0,0,3,2,3.77,Low,0.742,Yes,0.656,Yes
S03412,2026,Fall,Health Administration,BS Health Administration,Undergraduate,Male,Hispanic/Latino,18,Out-of-state,No,Yes,3223.0,27,27,99.3,75.4,60.7,1,3,0,3.18,Low,0.632,No,0.439,No
S03413,2024,Fall,Nutrition,BS Nutrition,Undergraduate,Female,Black,22,In-state,Yes,Yes,1525.0,32,31,97.2,97.3,73.7,0,0,0,3.7,Low,0.822,No,0.74,Yes
S03414,2023,Spring,Social Work,BSW,Undergraduate,Male,White,20,In-state,Yes,No,4287.0,24,24,100.0,63.4,75.0,0,2,2,3.36,High,0.442,Yes,0.287,No
S03415,2026,Fall,Data Science,BS Health Data Science,Undergraduate,Female,White,18,In-state,No,No,11055.0,33,28,84.9,72.4,53.0,2,0,1,2.78,Medium,0.406,No,0.321,No
S03416,2022,Spring,Data Science,BS Health Data Science,Undergraduate,Female,Hispanic/Latino,20,In-state,No,No,5778.0,24,23,97.2,93.7,84.5,3,5,0,3.66,Low,0.838,Yes,0.753,No
S03417,2024,Fall,Nutrition,BS Nutrition,Undergraduate,Female,Asian,21,In-state,No,No,7264.0,33,31,95.2,59.1,75.6,0,0,3,3.14,Medium,0.467,No,0.383,No
S03418,2026,Fall,Health Administration,BS Health Administration,Undergraduate,Male,Hispanic/Latino,19,In-state,Yes,Yes,10394.0,30,27,90.0,78.5,65.6,5,2,2,2.86,Medium,0.562,Yes,0.472,No
S03419,2024,Fall,Public Health,MPH,Graduate,Female,White,41,In-state,Yes,Yes,2722.0,21,20,97.0,85.8,74.1,3,4,0,3.0,Low,0.749,Yes,0.5,Yes
S03420,2026,Spring,Data Science,BS Health Data Science,Undergraduate,Female,White,23,In-state,No,Yes,5737.0,30,30,100.0,78.7,69.4,2,1,2,2.81,Medium,0.555,Yes,0.431,No
S03421,2024,Spring,Data Science,MS Health Data Science,Graduate,Male,Asian,29,In-state,No,Yes,5013.0,30,30,100.0,95.0,72.6,4,2,1,3.59,Low,0.839,Yes,0.76,Yes
S03422,2022,Fall,Nutrition,BS Nutrition,Undergraduate,Male,Other/Unknown,20,Out-of-state,Yes,No,5350.0,32,32,100.0,80.8,100.0,3,3,3,4.0,Low,0.86,Yes,0.829,Yes
S03423,2023,Fall,Data Science,MS Health Data Science,Graduate,Female,White,22,In-state,No,No,10147.0,24,24,100.0,88.1,74.9,4,0,1,2.53,Medium,0.595,Yes,0.438,Yes
S03424,2023,Spring,Social Work,BSW,Undergraduate,Female,Black,18,In-state,Yes,Yes,0.0,24,22,93.6,71.6,61.0,3,2,0,3.45,Low,0.715,Yes,0.496,Yes
S03425,2024,Fall,Nutrition,BS Nutrition,Undergraduate,Female,Hispanic/Latino,18,In-state,Yes,Yes,562.0,32,32,100.0,88.9,87.0,3,2,1,3.11,Low,0.806,Yes,0.661,Yes
S03426,2022,Fall,Social Work,MSW,Graduate,Male,White,46,In-state,Yes,Yes,7132.0,21,21,100.0,100.0,65.4,0,1,3,3.99,Low,0.82,Yes,0.743,Yes
S03427,2024,Spring,Data Science,BS Health Data Science,Undergraduate,Female,White,19,International,No,No,5890.0,30,29,95.4,80.0,48.7,1,1,1,3.56,Low,0.648,Yes,0.537,No
S03428,2023,Fall,Social Work,MSW,Graduate,Female,Hispanic/Latino,31,Out-of-state,Yes,Yes,8706.0,18,17,93.7,77.3,65.2,5,2,4,3.46,Low,0.732,Yes,0.559,Yes
S03429,2023,Spring,Social Work,BSW,Undergraduate,Female,White,23,Out-of-state,Yes,Yes,2105.0,31,31,100.0,88.0,77.7,2,4,4,4.0,Low,0.847,No,0.793,Yes
S03430,2025,Fall,Nutrition,MS Nutrition,Graduate,Female,Asian,22,International,No,No,12860.0,27,27,100.0,85.0,72.1,2,1,1,3.69,Low,0.733,Yes,0.682,No
S03431,2025,Spring,Health Administration,BS Health Administration,Undergraduate,Male,White,23,In-state,Yes,Yes,7335.0,30,30,100.0,86.7,100.0,2,2,2,3.55,Low,0.816,Yes,0.754,No
S03432,2024,Spring,Public Health,MS Epidemiology,Graduate,Female,White,32,In-state,Yes,No,11037.0,30,30,100.0,86.9,64.6,4,1,1,3.67,Low,0.763,Yes,0.715,No
S03433,2026,Spring,Data Science,BS Health Data Science,Undergraduate,Female,Black,20,Out-of-state,No,No,10479.0,24,24,100.0,100.0,94.8,1,2,1,3.85,Low,0.845,Yes,0.814,No
S03434,2025,Fall,Social Work,BSW,Undergraduate,Female,Hispanic/Latino,27,In-state,Yes,Yes,5039.0,24,19,78.1,81.4,72.4,0,2,2,1.87,High,0.295,No,0.101,No
S03435,2023,Spring,Social Work,MSW,Graduate,Female,Asian,32,In-state,No,Yes,2386.0,30,25,82.2,69.7,49.5,0,3,1,2.38,High,0.283,No,0.108,No
S03436,2024,Spring,Health Administration,MHA,Graduate,Female,White,33,In-state,No,Yes,3855.0,21,21,99.6,87.3,90.7,0,2,2,2.9,Medium,0.681,Yes,0.487,Yes
S03437,2023,Fall,Data Science,MS Health Data Science,Graduate,Female,Black,26,International,No,Yes,3928.0,30,30,100.0,85.8,65.0,4,0,1,3.23,Low,0.76,Yes,0.608,No
S03438,2022,Fall,Nutrition,BS Nutrition,Undergraduate,Nonbinary,Asian,25,In-state,Yes,No,10853.0,24,22,91.4,76.5,66.2,1,1,0,2.22,High,0.271,No,0.134,No
S03439,2025,Spring,Nutrition,BS Nutrition,Undergraduate,Female,Asian,21,In-state,No,No,8848.0,27,24,90.2,69.2,62.1,0,2,3,2.71,High,0.291,Yes,0.164,No
S03440,2024,Fall,Nutrition,BS Nutrition,Undergraduate,Male,White,18,International,No,No,14430.0,27,27,98.4,86.9,79.8,4,2,3,2.49,Medium,0.538,Yes,0.456,No
S03441,2024,Fall,Data Science,BS Health Data Science,Undergraduate,Female,Other/Unknown,19,International,No,Yes,7309.0,30,30,99.3,66.1,55.6,1,4,1,3.76,Medium,0.556,No,0.533,Yes
S03442,2022,Spring,Nutrition,BS Nutrition,Undergraduate,Female,Black,19,In-state,Yes,Yes,8332.0,33,33,100.0,65.7,99.1,5,0,2,3.22,Medium,0.68,Yes,0.634,Yes
S03443,2022,Spring,Public Health,MS Epidemiology,Graduate,Male,White,22,In-state,Yes,Yes,0.0,30,28,92.2,85.0,55.2,3,4,1,4.0,Low,0.828,Yes,0.723,Yes
S03444,2022,Spring,Data Science,BS Health Data Science,Undergraduate,Female,Hispanic/Latino,22,In-state,No,Yes,5610.0,27,26,97.3,71.7,100.0,3,2,2,2.7,Medium,0.625,No,0.461,Yes
S03445,2026,Spring,Nutrition,BS Nutrition,Undergraduate,Female,Asian,22,In-state,No,Yes,5815.0,31,31,100.0,90.5,72.1,0,0,3,2.54,Medium,0.545,No,0.41,No
S03446,2024,Fall,Nutrition,BS Nutrition,Undergraduate,Female,Black,22,International,No,Yes,5364.0,30,30,100.0,93.6,94.5,3,0,0,3.8,Low,0.868,Yes,0.826,Yes
S03447,2022,Spring,Nutrition,BS Nutrition,Undergraduate,Male,Black,18,In-state,No,Yes,7627.0,33,33,100.0,75.5,53.0,2,0,3,2.92,Low,0.542,No,0.402,No
S03448,2024,Spring,Social Work,MSW,Graduate,Male,Hispanic/Latino,31,In-state,No,Yes,0.0,24,22,91.4,81.0,37.9,2,1,4,2.82,Medium,0.536,No,0.3,No
S03449,2026,Fall,Data Science,MS Health Data Science,Graduate,Female,Hispanic/Latino,22,In-state,No,No,3018.0,21,20,97.2,66.1,43.1,3,2,2,4.0,Medium,0.65,No,0.532,Yes
S03450,2025,Fall,Health Administration,MHA,Graduate,Female,Asian,24,In-state,Yes,Yes,3418.0,27,27,100.0,97.0,93.3,3,3,4,3.64,Low,0.881,Yes,0.801,Yes
S03451,2025,Fall,Nutrition,BS Nutrition,Undergraduate,Female,Multiracial,25,In-state,Yes,Yes,6843.0,32,29,89.9,87.3,68.9,1,2,2,3.17,Low,0.682,No,0.551,No
S03452,2026,Fall,Public Health,BS Public Health,Undergraduate,Male,White,18,International,No,Yes,7551.0,33,33,100.0,93.2,77.3,2,1,0,3.32,Low,0.761,Yes,0.69,No
S03453,2022,Fall,Health Administration,MHA,Graduate,Male,Multiracial,32,Out-of-state,No,No,9210.0,24,22,89.7,72.4,83.5,1,0,3,3.34,Low,0.676,Yes,0.512,Yes
S03454,2023,Spring,Public Health,MPH,Graduate,Female,Black,32,Out-of-state,No,Yes,8525.0,18,18,100.0,90.0,77.6,4,0,6,3.78,Low,0.831,Yes,0.732,Yes
S03455,2026,Spring,Health Administration,BS Health Administration,Undergraduate,Female,Hispanic/Latino,22,In-state,No,No,6183.0,27,27,100.0,71.2,70.6,2,1,0,2.52,Medium,0.467,Yes,0.305,No
S03456,2022,Spring,Data Science,BS Health Data Science,Undergraduate,Male,White,19,In-state,No,Yes,2643.0,24,22,93.3,68.9,71.9,1,1,0,2.75,Medium,0.51,Yes,0.304,Yes
S03457,2022,Spring,Public Health,BS Public Health,Undergraduate,Female,Black,21,In-state,Yes,Yes,9119.0,24,24,100.0,100.0,39.0,3,2,1,3.65,Low,0.732,Yes,0.656,Yes
S03458,2022,Spring,Nutrition,BS Nutrition,Undergraduate,Female,White,18,In-state,No,No,7115.0,31,29,94.3,85.2,73.4,1,3,2,3.18,Low,0.684,Yes,0.555,Yes
S03459,2024,Fall,Nutrition,BS Nutrition,Undergraduate,Female,White,20,In-state,Yes,No,5239.0,33,32,95.5,84.1,64.3,4,1,3,2.64,Low,0.643,Yes,0.454,Yes
S03460,2022,Spring,Data Science,BS Health Data Science,Undergraduate,Female,White,21,International,No,Yes,3715.0,32,30,94.6,88.3,29.9,2,1,1,3.43,Low,0.648,No,0.514,No
S03461,2026,Fall,Nutrition,BS Nutrition,Undergraduate,Male,White,19,Out-of-state,No,Yes,4614.0,27,27,100.0,77.5,74.7,2,2,0,2.46,Medium,0.522,No,0.338,Yes
S03462,2022,Fall,Data Science,BS Health Data Science,Undergraduate,Male,Multiracial,24,In-state,No,Yes,3992.0,30,28,92.0,84.3,59.7,2,0,1,2.87,Low,0.637,No,0.434,Yes
S03463,2025,Fall,Public Health,BS Public Health,Undergraduate,Male,Hispanic/Latino,21,In-state,Yes,No,6551.0,31,29,93.4,66.5,40.2,0,0,1,2.1,High,0.174,Yes,0.074,No
S03464,2024,Fall,Data Science,BS Health Data Science,Undergraduate,Female,Asian,21,In-state,Yes,Yes,1652.0,33,27,81.6,59.8,52.4,1,0,0,2.32,High,0.247,No,0.095,No
S03465,2024,Spring,Data Science,MS Health Data Science,Graduate,Female,Multiracial,29,In-state,Yes,No,9551.0,21,21,99.7,82.0,52.4,1,2,1,3.01,Low,0.571,Yes,0.374,No
S03466,2025,Fall,Data Science,BS Health Data Science,Undergraduate,Male,White,24,In-state,No,Yes,5593.0,24,19,81.1,100.0,100.0,2,2,4,2.46,Medium,0.71,Yes,0.511,Yes
S03467,2023,Spring,Public Health,BS Public Health,Undergraduate,Female,White,22,Out-of-state,No,Yes,9197.0,31,27,85.6,94.9,75.4,1,0,0,2.87,Low,0.675,No,0.53,Yes
S03468,2026,Fall,Health Administration,BS Health Administration,Undergraduate,Female,Black,25,In-state,No,No,8593.0,24,24,100.0,89.5,69.9,3,3,3,3.12,Low,0.708,Yes,0.565,Yes
S03469,2023,Spring,Public Health,BS Public Health,Undergraduate,Female,White,21,In-state,No,No,15782.0,30,30,100.0,74.9,54.0,4,2,0,3.58,Medium,0.544,Yes,0.592,Yes
S03470,2026,Spring,Nutrition,BS Nutrition,Undergraduate,Female,Black,18,In-state,No,Yes,3967.0,30,30,100.0,92.4,22.3,3,2,1,3.49,Low,0.669,Yes,0.549,Yes
S03471,2023,Spring,Data Science,MS Health Data Science,Graduate,Male,Multiracial,34,Out-of-state,No,No,9164.0,30,30,100.0,73.7,73.8,1,1,2,3.8,Low,0.716,No,0.649,No
S03472,2023,Fall,Data Science,MS Health Data Science,Graduate,Female,Hispanic/Latino,32,In-state,No,No,5546.0,18,17,91.8,71.6,53.1,1,2,0,2.88,Medium,0.472,No,0.268,No
S03473,2022,Spring,Social Work,BSW,Undergraduate,Female,White,21,International,Yes,Yes,9547.0,32,30,93.0,100.0,74.8,0,2,0,2.61,Medium,0.58,No,0.49,Yes
S03474,2025,Fall,Nutrition,BS Nutrition,Undergraduate,Male,White,19,In-state,No,No,5891.0,27,26,96.5,86.7,89.2,6,2,2,3.58,Low,0.85,Yes,0.774,Yes
S03475,2023,Spring,Public Health,BS Public Health,Undergraduate,Female,Hispanic/Latino,22,In-state,Yes,No,10035.0,30,29,95.9,61.7,66.8,2,1,1,2.96,Medium,0.434,Yes,0.352,No
S03476,2025,Fall,Nutrition,MS Nutrition,Graduate,Female,White,28,In-state,No,Yes,0.0,24,24,100.0,82.6,81.8,3,2,3,3.5,Low,0.827,Yes,0.657,No
S03477,2025,Fall,Public Health,BS Public Health,Undergraduate,Male,Black,24,In-state,No,Yes,8770.0,33,33,100.0,94.5,81.9,3,3,2,3.36,Low,0.787,No,0.735,Yes
S03478,2023,Fall,Public Health,MPH,Graduate,Female,Hispanic/Latino,33,Out-of-state,Yes,No,11367.0,21,21,100.0,88.6,93.5,2,0,2,3.58,Low,0.799,Yes,0.71,Yes
S03479,2026,Fall,Nutrition,BS Nutrition,Undergraduate,Female,White,18,International,No,No,9770.0,24,19,80.2,75.2,64.5,0,1,1,2.56,High,0.297,No,0.151,No
S03480,2023,Fall,Public Health,BS Public Health,Undergraduate,Female,Black,21,In-state,No,Yes,725.0,27,22,80.6,91.4,76.6,4,0,0,2.59,Medium,0.694,Yes,0.47,No
S03481,2022,Spring,Social Work,BSW,Undergraduate,Female,Asian,23,International,No,No,8261.0,24,21,85.6,74.4,42.1,0,3,0,2.47,High,0.233,No,0.108,No
S03482,2026,Spring,Public Health,BS Public Health,Undergraduate,Female,White,18,Out-of-state,Yes,Yes,7877.0,31,28,90.9,67.9,59.8,1,0,2,3.04,Medium,0.458,No,0.36,No
S03483,2022,Fall,Social Work,BSW,Undergraduate,Male,White,24,Out-of-state,Yes,No,10940.0,30,27,91.2,82.4,64.2,2,2,2,4.0,Low,0.74,No,0.714,Yes
S03484,2024,Fall,Public Health,BS Public Health,Undergraduate,Female,Multiracial,22,In-state,No,Yes,3613.0,32,32,100.0,88.5,57.4,1,0,2,3.92,Low,0.776,Yes,0.716,Yes
S03485,2024,Fall,Data Science,BS Health Data Science,Undergraduate,Female,Multiracial,20,International,Yes,Yes,6438.0,33,19,58.2,75.8,46.9,0,4,0,2.2,High,0.232,No,0.088,No
S03486,2023,Fall,Social Work,BSW,Undergraduate,Female,Asian,22,In-state,Yes,No,8661.0,24,20,83.0,77.9,55.2,2,1,1,2.68,Medium,0.451,No,0.294,Yes
S03487,2025,Fall,Data Science,MS Health Data Science,Graduate,Nonbinary,Hispanic/Latino,37,International,Yes,Yes,8055.0,24,24,100.0,85.2,59.2,4,2,2,3.25,Low,0.711,Yes,0.553,Yes
S03488,2023,Spring,Health Administration,BS Health Administration,Undergraduate,Female,Asian,20,In-state,Yes,Yes,5879.0,30,29,96.9,99.5,76.8,2,0,2,3.52,Low,0.816,Yes,0.744,Yes
S03489,2024,Fall,Data Science,BS Health Data Science,Undergraduate,Female,Hispanic/Latino,25,In-state,No,No,10280.0,33,29,87.6,75.3,73.1,5,3,0,2.93,Medium,0.582,No,0.507,No
S03490,2026,Fall,Health Administration,MHA,Graduate,Female,Hispanic/Latino,22,In-state,No,Yes,3160.0,27,27,100.0,70.8,76.5,3,4,4,3.69,Low,0.774,Yes,0.635,No
S03491,2024,Spring,Nutrition,MS Nutrition,Graduate,Female,Black,39,In-state,Yes,Yes,9855.0,21,21,100.0,95.2,97.2,5,3,3,3.02,Low,0.819,Yes,0.682,No
S03492,2024,Spring,Health Administration,MHA,Graduate,Male,Asian,35,In-state,No,Yes,3753.0,18,18,100.0,82.9,51.9,4,0,4,3.9,Low,0.793,Yes,0.644,Yes
S03493,2025,Fall,Health Administration,MHA,Graduate,Male,White,22,In-state,No,No,6719.0,27,23,84.2,76.9,99.4,2,0,2,2.78,Medium,0.65,Yes,0.473,No
S03494,2026,Fall,Social Work,BSW,Undergraduate,Male,White,20,In-state,No,No,8939.0,31,27,86.6,96.8,82.1,4,0,3,3.65,Low,0.836,Yes,0.79,Yes
S03495,2023,Spring,Public Health,BS Public Health,Undergraduate,Female,Black,21,In-state,No,No,3492.0,27,27,99.8,65.1,61.3,2,1,4,3.59,Medium,0.6,Yes,0.504,No
S03496,2022,Spring,Data Science,BS Health Data Science,Undergraduate,Nonbinary,Black,20,In-state,No,Yes,2541.0,24,21,88.0,69.6,58.2,2,1,1,2.29,High,0.311,No,0.117,No
S03497,2025,Spring,Public Health,MPH,Graduate,Female,Hispanic/Latino,36,Out-of-state,Yes,No,9090.0,27,25,93.7,87.2,50.3,2,0,0,3.61,Low,0.701,Yes,0.594,Yes
S03498,2026,Fall,Data Science,BS Health Data Science,Undergraduate,Female,Black,19,In-state,Yes,No,2591.0,30,29,97.4,76.3,55.2,3,1,2,2.83,Medium,0.546,Yes,0.386,No
S03499,2025,Fall,Public Health,BS Public Health,Undergraduate,Male,Asian,22,In-state,No,Yes,3371.0,24,18,76.8,95.2,77.2,2,0,3,3.39,Low,0.804,Yes,0.637,Yes
S03500,2025,Fall,Data Science,BS Health Data Science,Undergraduate,Male,Hispanic/Latino,19,Out-of-state,No,No,8764.0,27,25,92.5,81.8,65.4,1,2,1,2.51,Low,0.521,No,0.315,Yes
S03501,2023,Spring,Social Work,BSW,Undergraduate,Male,Black,19,In-state,No,Yes,3708.0,27,26,97.4,70.7,71.7,2,0,0,2.9,Low,0.615,No,0.39,Yes
S03502,2022,Fall,Health Administration,BS Health Administration,Undergraduate,Male,Black,18,Out-of-state,Yes,Yes,7261.0,27,27,98.9,100.0,93.4,3,3,1,2.91,Low,0.796,Yes,0.669,Yes
S03503,2025,Fall,Social Work,BSW,Undergraduate,Male,Black,20,In-state,No,No,4751.0,30,29,96.3,73.5,67.2,0,2,2,3.49,Medium,0.598,Yes,0.523,Yes
S03504,2023,Spring,Public Health,MPH,Graduate,Female,Multiracial,29,In-state,No,Yes,0.0,30,30,100.0,100.0,100.0,0,4,2,3.26,Low,0.859,Yes,0.73,Yes
S03505,2023,Fall,Social Work,BSW,Undergraduate,Female,Black,19,In-state,Yes,Yes,3793.0,30,28,93.5,71.0,59.0,2,1,4,2.52,Medium,0.448,Yes,0.274,No
S03506,2022,Fall,Health Administration,BS Health Administration,Undergraduate,Female,White,23,International,No,Yes,2290.0,33,33,100.0,77.2,76.7,1,2,0,3.82,Low,0.778,Yes,0.698,Yes
S03507,2025,Fall,Nutrition,MS Nutrition,Graduate,Male,Black,29,In-state,Yes,Yes,3630.0,27,26,97.6,87.6,72.3,0,3,4,2.75,Medium,0.603,No,0.416,No
S03508,2024,Fall,Social Work,BSW,Undergraduate,Female,White,19,In-state,No,Yes,10066.0,30,28,94.3,99.3,69.1,0,3,2,3.99,Medium,0.75,Yes,0.779,Yes
S03509,2023,Fall,Social Work,BSW,Undergraduate,Female,Asian,22,In-state,No,Yes,11021.0,32,25,77.4,89.6,77.8,2,2,0,1.88,High,0.335,No,0.17,No
S03510,2024,Fall,Public Health,BS Public Health,Undergraduate,Female,Multiracial,19,In-state,No,Yes,0.0,30,30,100.0,83.4,72.8,1,0,3,3.58,Low,0.781,No,0.648,No
S03511,2025,Fall,Health Administration,BS Health Administration,Undergraduate,Nonbinary,White,19,In-state,No,Yes,0.0,30,28,93.9,86.0,77.0,2,2,2,2.83,Low,0.727,Yes,0.495,Yes
S03512,2025,Spring,Health Administration,BS Health Administration,Undergraduate,Male,White,26,International,No,Yes,13165.0,32,32,100.0,92.9,81.3,0,3,1,4.0,Medium,0.734,No,0.799,Yes
S03513,2023,Spring,Data Science,MS Health Data Science,Graduate,Nonbinary,White,27,In-state,Yes,Yes,2747.0,24,22,92.9,74.5,47.8,2,0,6,2.97,Low,0.594,Yes,0.329,No
S03514,2022,Fall,Data Science,BS Health Data Science,Undergraduate,Female,Hispanic/Latino,22,In-state,No,No,5946.0,27,25,93.0,85.6,63.2,3,0,2,2.69,Low,0.629,Yes,0.41,No
S03515,2024,Fall,Public Health,BS Public Health,Undergraduate,Female,Asian,25,In-state,No,Yes,2838.0,30,30,100.0,88.4,77.7,6,4,4,3.48,Low,0.842,Yes,0.751,No
S03516,2024,Fall,Health Administration,MHA,Graduate,Female,White,35,Out-of-state,No,No,11237.0,18,18,100.0,76.0,81.9,3,0,3,3.45,Medium,0.666,Yes,0.572,No
S03517,2026,Fall,Health Administration,BS Health Administration,Undergraduate,Male,Hispanic/Latino,22,In-state,No,Yes,4181.0,33,31,92.6,88.4,97.0,4,2,2,1.78,Medium,0.592,No,0.366,Yes
S03518,2026,Fall,Data Science,BS Health Data Science,Undergraduate,Male,Black,21,In-state,Yes,Yes,1489.0,30,30,100.0,83.0,100.0,4,0,1,3.46,Low,0.851,Yes,0.75,Yes
S03519,2025,Fall,Public Health,BS Public Health,Undergraduate,Female,Hispanic/Latino,22,In-state,No,Yes,2961.0,30,30,99.2,100.0,82.8,4,2,1,3.34,Low,0.851,Yes,0.76,No
S03520,2023,Spring,Public Health,BS Public Health,Undergraduate,Female,White,23,In-state,No,No,10751.0,33,28,85.4,78.5,49.8,2,1,1,2.55,Medium,0.395,Yes,0.293,No
S03521,2024,Fall,Public Health,BS Public Health,Undergraduate,Nonbinary,White,21,In-state,No,Yes,3924.0,31,25,81.5,70.9,91.0,4,0,0,3.13,Medium,0.688,Yes,0.551,Yes
S03522,2025,Spring,Health Administration,BS Health Administration,Undergraduate,Female,White,19,In-state,No,Yes,1202.0,27,27,100.0,74.4,65.4,3,3,3,2.6,Medium,0.549,Yes,0.342,No
S03523,2025,Spring,Nutrition,BS Nutrition,Undergraduate,Male,Black,19,Out-of-state,No,Yes,0.0,33,29,87.5,69.2,36.1,2,1,0,2.71,High,0.323,Yes,0.153,No
S03524,2023,Fall,Health Administration,BS Health Administration,Undergraduate,Female,White,21,In-state,No,Yes,3643.0,24,24,98.4,83.8,89.8,5,3,0,3.04,Low,0.792,Yes,0.615,No
S03525,2023,Spring,Social Work,BSW,Undergraduate,Male,Multiracial,23,In-state,Yes,Yes,6140.0,31,31,100.0,76.5,69.2,6,0,0,3.42,Low,0.755,Yes,0.657,No
S03526,2024,Fall,Public Health,BS Public Health,Undergraduate,Female,Asian,25,In-state,No,Yes,8602.0,30,29,96.9,92.9,49.9,1,1,3,4.0,Low,0.748,Yes,0.721,Yes
S03527,2022,Fall,Nutrition,MS Nutrition,Graduate,Male,Asian,27,Out-of-state,No,Yes,4309.0,30,30,100.0,90.7,75.2,4,0,0,3.81,Low,0.853,Yes,0.787,Yes
S03528,2025,Fall,Data Science,BS Health Data Science,Undergraduate,Male,Asian,20,In-state,No,No,2880.0,24,24,98.9,87.5,57.8,1,0,0,2.75,Low,0.623,No,0.377,No
S03529,2026,Spring,Data Science,BS Health Data Science,Undergraduate,Male,White,18,In-state,Yes,Yes,322.0,31,31,98.7,70.9,83.5,0,5,2,3.23,Medium,0.64,Yes,0.507,Yes
S03530,2026,Fall,Health Administration,BS Health Administration,Undergraduate,Female,White,21,International,No,Yes,9704.0,30,25,83.3,76.0,55.2,3,0,1,2.19,High,0.275,No,0.137,Yes
S03531,2026,Fall,Social Work,MSW,Graduate,Female,Other/Unknown,40,International,Yes,Yes,3996.0,27,27,100.0,83.7,98.4,2,2,2,4.0,Low,0.871,Yes,0.806,No
S03532,2024,Spring,Social Work,BSW,Undergraduate,Female,White,22,Out-of-state,No,No,12417.0,30,29,98.3,94.9,82.4,5,0,1,3.74,Low,0.83,No,0.818,Yes
S03533,2024,Spring,Data Science,BS Health Data Science,Undergraduate,Female,Black,21,Out-of-state,No,Yes,290.0,27,26,97.6,90.4,44.3,2,0,1,3.54,Low,0.745,Yes,0.583,Yes
S03534,2024,Fall,Data Science,MS Health Data Science,Graduate,Male,Hispanic/Latino,34,In-state,No,Yes,9062.0,24,24,100.0,82.5,90.8,2,3,2,4.0,Low,0.828,Yes,0.772,Yes
S03535,2023,Spring,Nutrition,BS Nutrition,Undergraduate,Female,White,20,In-state,No,Yes,10374.0,33,29,86.5,73.6,86.8,6,3,4,3.01,Medium,0.65,No,0.586,Yes
S03536,2025,Spring,Public Health,BS Public Health,Undergraduate,Female,Black,23,Out-of-state,Yes,No,7160.0,30,27,88.8,100.0,100.0,4,1,3,2.8,Low,0.812,No,0.68,Yes
S03537,2022,Fall,Nutrition,BS Nutrition,Undergraduate,Female,Asian,22,In-state,No,No,7712.0,32,28,88.4,92.2,72.6,3,1,2,3.43,Low,0.771,Yes,0.686,No
S03538,2023,Fall,Social Work,MSW,Graduate,Female,Black,30,In-state,Yes,Yes,3265.0,18,14,78.0,81.0,52.2,1,1,1,1.87,High,0.282,No,0.075,No
S03539,2022,Spring,Public Health,MS Epidemiology,Graduate,Female,White,28,In-state,Yes,Yes,5459.0,18,18,100.0,71.6,53.4,2,0,0,2.99,Low,0.573,Yes,0.313,No
S03540,2022,Spring,Health Administration,MHA,Graduate,Male,Hispanic/Latino,27,In-state,Yes,Yes,0.0,18,18,100.0,48.0,62.5,0,0,2,3.4,High,0.385,Yes,0.172,No
S03541,2025,Spring,Health Administration,BS Health Administration,Undergraduate,Female,White,18,In-state,Yes,Yes,1775.0,31,28,91.8,88.6,41.5,0,2,2,4.0,Medium,0.694,No,0.649,No
S03542,2025,Spring,Public Health,MPH,Graduate,Male,White,40,In-state,Yes,Yes,4406.0,27,25,93.1,80.1,67.9,1,5,2,2.7,Low,0.613,No,0.358,No
S03543,2026,Spring,Social Work,MSW,Graduate,Female,White,28,In-state,No,Yes,4934.0,24,23,96.8,99.2,80.8,2,2,0,3.16,Low,0.805,Yes,0.643,No
S03544,2024,Fall,Data Science,MS Health Data Science,Graduate,Female,White,36,In-state,Yes,Yes,8648.0,30,27,88.8,78.0,89.3,3,3,3,1.85,High,0.366,No,0.165,No
S03545,2026,Fall,Data Science,BS Health Data Science,Undergraduate,Female,Black,18,In-state,No,Yes,7634.0,27,25,90.9,87.7,68.8,2,5,2,3.95,Low,0.79,Yes,0.735,Yes
S03546,2025,Fall,Data Science,MS Health Data Science,Graduate,Female,Black,33,In-state,Yes,Yes,7175.0,30,30,100.0,89.9,100.0,3,1,3,4.0,Low,0.883,Yes,0.853,Yes
S03547,2024,Fall,Social Work,MSW,Graduate,Female,Hispanic/Latino,35,In-state,No,No,5782.0,24,24,100.0,100.0,87.0,4,1,1,3.83,Low,0.89,Yes,0.831,Yes
S03548,2023,Spring,Health Administration,BS Health Administration,Undergraduate,Female,White,26,Out-of-state,No,No,3600.0,27,24,87.4,86.2,61.3,1,1,0,2.72,Low,0.614,Yes,0.371,No
S03549,2025,Spring,Social Work,BSW,Undergraduate,Female,Hispanic/Latino,19,In-state,No,Yes,0.0,27,23,86.9,74.0,50.1,0,2,2,3.27,Medium,0.553,Yes,0.373,No
S03550,2026,Fall,Health Administration,MHA,Graduate,Male,Hispanic/Latino,27,In-state,Yes,Yes,1589.0,30,29,97.1,53.2,46.5,0,2,3,2.88,High,0.273,No,0.125,No
S03551,2026,Fall,Nutrition,BS Nutrition,Undergraduate,Female,Black,23,In-state,Yes,No,10862.0,33,27,83.1,69.5,51.6,1,3,3,2.31,High,0.216,No,0.116,No
S03552,2022,Spring,Health Administration,BS Health Administration,Undergraduate,Female,Asian,20,In-state,No,Yes,770.0,24,23,95.5,66.6,77.2,4,2,2,3.29,Medium,0.675,Yes,0.505,Yes
S03553,2023,Spring,Public Health,MPH,Graduate,Male,Other/Unknown,29,In-state,Yes,Yes,2723.0,27,26,97.4,70.3,73.8,2,1,0,3.14,Low,0.681,Yes,0.455,Yes
S03554,2023,Fall,Health Administration,BS Health Administration,Undergraduate,Male,Black,20,Out-of-state,Yes,No,8416.0,33,30,90.6,74.6,73.6,1,0,0,2.66,Medium,0.476,Yes,0.364,No
S03555,2022,Spring,Data Science,BS Health Data Science,Undergraduate,Female,White,22,In-state,Yes,Yes,3847.0,32,32,100.0,100.0,87.0,3,0,2,2.65,Low,0.775,Yes,0.612,Yes
S03556,2025,Spring,Public Health,BS Public Health,Undergraduate,Nonbinary,Multiracial,22,In-state,No,Yes,0.0,30,30,100.0,80.9,64.2,4,3,1,3.45,Low,0.778,Yes,0.631,Yes
S03557,2022,Spring,Public Health,BS Public Health,Undergraduate,Female,Black,22,In-state,No,No,5942.0,33,33,100.0,79.4,80.5,1,1,1,2.78,Medium,0.57,Yes,0.462,No
S03558,2025,Spring,Nutrition,BS Nutrition,Undergraduate,Male,White,23,Out-of-state,No,No,12740.0,33,33,100.0,97.1,49.1,3,2,2,3.28,Low,0.668,Yes,0.633,Yes
S03559,2024,Spring,Public Health,BS Public Health,Undergraduate,Female,White,23,In-state,No,No,7426.0,33,33,100.0,77.9,66.8,4,3,2,3.43,Low,0.713,No,0.632,Yes
S03560,2023,Spring,Social Work,BSW,Undergraduate,Female,Hispanic/Latino,19,In-state,Yes,Yes,5553.0,33,33,100.0,83.5,89.0,3,1,0,3.05,Low,0.749,Yes,0.626,Yes
S03561,2026,Spring,Social Work,BSW,Undergraduate,Nonbinary,Multiracial,19,Out-of-state,No,Yes,5055.0,24,24,100.0,82.1,48.6,4,0,0,3.06,Low,0.646,Yes,0.447,No
S03562,2023,Fall,Public Health,BS Public Health,Undergraduate,Female,White,22,International,No,No,13705.0,30,29,96.4,88.0,74.3,4,3,0,2.96,Low,0.665,No,0.579,No
S03563,2026,Spring,Health Administration,MHA,Graduate,Male,Black,31,In-state,Yes,Yes,5482.0,24,24,100.0,82.4,74.7,2,2,2,4.0,Low,0.816,Yes,0.73,Yes
S03564,2024,Spring,Nutrition,MS Nutrition,Graduate,Female,Asian,26,In-state,No,Yes,6570.0,27,23,84.5,73.3,62.4,2,1,4,2.65,Medium,0.486,No,0.3,Yes
S03565,2025,Spring,Social Work,MSW,Graduate,Female,White,26,International,No,No,9130.0,24,24,100.0,91.7,53.7,2,1,3,3.33,Low,0.694,Yes,0.556,Yes
S03566,2022,Fall,Public Health,BS Public Health,Undergraduate,Male,White,21,In-state,No,No,10536.0,27,27,99.0,74.8,94.1,3,4,0,3.08,Medium,0.633,No,0.565,No
S03567,2023,Fall,Public Health,BS Public Health,Undergraduate,Female,Hispanic/Latino,22,In-state,No,Yes,1820.0,27,25,93.6,77.1,98.7,1,0,0,2.7,Medium,0.646,Yes,0.445,No
S03568,2026,Spring,Social Work,BSW,Undergraduate,Male,Black,22,In-state,Yes,Yes,3075.0,30,30,100.0,84.0,73.9,2,2,3,3.29,Low,0.744,Yes,0.602,No
S03569,2023,Fall,Nutrition,MS Nutrition,Graduate,Male,Hispanic/Latino,22,In-state,No,No,6887.0,24,24,100.0,72.0,64.1,1,1,1,3.86,Low,0.708,Yes,0.589,Yes
S03570,2026,Spring,Public Health,BS Public Health,Undergraduate,Female,Black,20,In-state,Yes,Yes,3426.0,32,32,100.0,60.9,52.8,2,0,2,2.93,Medium,0.442,No,0.314,Yes
S03571,2025,Fall,Nutrition,BS Nutrition,Undergraduate,Male,Black,21,Out-of-state,No,Yes,8703.0,30,30,100.0,91.2,71.3,2,3,0,3.6,Low,0.762,Yes,0.708,Yes
S03572,2026,Spring,Public Health,MS Epidemiology,Graduate,Female,Asian,32,Out-of-state,Yes,Yes,6722.0,30,30,100.0,100.0,93.3,1,2,1,4.0,Low,0.882,Yes,0.853,Yes
S03573,2022,Fall,Nutrition,BS Nutrition,Undergraduate,Female,Hispanic/Latino,22,In-state,No,Yes,2883.0,31,31,100.0,72.9,79.5,3,0,2,3.67,Low,0.775,No,0.674,Yes
S03574,2024,Spring,Public Health,BS Public Health,Undergraduate,Female,Hispanic/Latino,23,Out-of-state,No,No,9871.0,24,24,99.8,74.6,53.1,2,0,3,3.54,Medium,0.553,No,0.503,Yes
S03575,2024,Spring,Health Administration,BS Health Administration,Undergraduate,Female,White,24,Out-of-state,Yes,Yes,4002.0,27,27,100.0,100.0,85.7,4,0,0,3.43,Low,0.858,Yes,0.771,No
S03576,2026,Fall,Health Administration,BS Health Administration,Undergraduate,Male,Asian,22,Out-of-state,Yes,Yes,5685.0,24,23,97.3,69.8,65.2,2,3,2,3.39,Medium,0.585,Yes,0.469,No
S03577,2022,Spring,Nutrition,BS Nutrition,Undergraduate,Male,Black,21,International,Yes,Yes,11407.0,31,30,96.9,68.2,76.8,1,3,2,3.3,Medium,0.527,Yes,0.5,Yes
S03578,2024,Fall,Data Science,BS Health Data Science,Undergraduate,Female,Hispanic/Latino,23,In-state,No,Yes,3011.0,33,32,98.3,94.6,69.3,3,1,0,3.93,Low,0.85,Yes,0.806,No
S03579,2026,Spring,Health Administration,BS Health Administration,Undergraduate,Male,White,24,In-state,Yes,No,8820.0,30,26,85.2,80.2,58.6,2,0,2,2.52,Low,0.51,No,0.312,No
S03580,2025,Fall,Data Science,BS Health Data Science,Undergraduate,Male,Hispanic/Latino,18,In-state,Yes,No,5511.0,33,31,94.2,62.3,68.0,2,2,1,3.13,Medium,0.515,Yes,0.415,No
S03581,2023,Spring,Data Science,BS Health Data Science,Undergraduate,Female,Black,19,International,No,No,10731.0,31,31,100.0,76.9,58.9,3,0,1,3.46,Medium,0.582,Yes,0.576,Yes
S03582,2024,Fall,Data Science,MS Health Data Science,Graduate,Female,White,29,In-state,No,Yes,4376.0,18,15,82.1,66.3,54.4,1,1,3,2.29,High,0.27,Yes,0.084,No
S03583,2026,Fall,Data Science,MS Health Data Science,Graduate,Male,Hispanic/Latino,32,In-state,No,Yes,3214.0,21,20,95.9,63.0,55.1,2,0,3,2.9,Medium,0.479,No,0.266,No
S03584,2025,Fall,Health Administration,MHA,Graduate,Male,Black,36,In-state,No,Yes,4931.0,21,21,99.6,81.1,76.9,1,0,1,4.0,Low,0.808,Yes,0.698,Yes
S03585,2024,Fall,Data Science,MS Health Data Science,Graduate,Male,White,28,In-state,Yes,Yes,7050.0,18,18,98.1,92.0,67.4,4,3,3,2.68,Low,0.698,Yes,0.44,Yes
S03586,2025,Spring,Nutrition,MS Nutrition,Graduate,Female,Hispanic/Latino,31,International,Yes,No,9927.0,18,18,100.0,97.8,70.4,0,2,2,3.21,Medium,0.66,Yes,0.545,Yes
S03587,2022,Spring,Social Work,BSW,Undergraduate,Female,White,19,In-state,No,Yes,1855.0,24,24,100.0,82.7,77.4,3,1,1,3.35,Low,0.778,Yes,0.607,Yes
S03588,2022,Spring,Public Health,BS Public Health,Undergraduate,Female,Hispanic/Latino,19,In-state,No,No,10239.0,24,21,88.5,94.6,75.2,3,0,2,3.09,Low,0.728,Yes,0.589,No
S03589,2025,Spring,Social Work,BSW,Undergraduate,Male,White,21,International,No,No,9164.0,27,27,99.6,80.3,30.5,0,2,2,3.47,Medium,0.461,No,0.421,Yes
S03590,2025,Spring,Data Science,BS Health Data Science,Undergraduate,Female,Hispanic/Latino,20,In-state,No,Yes,3893.0,30,30,100.0,72.4,72.2,3,1,3,3.68,Low,0.749,Yes,0.645,Yes
S03591,2024,Fall,Public Health,MPH,Graduate,Female,White,22,In-state,Yes,No,3414.0,21,19,91.5,86.9,55.6,1,0,4,3.26,Low,0.7,No,0.466,No
S03592,2025,Spring,Nutrition,BS Nutrition,Undergraduate,Female,Black,19,In-state,No,No,7464.0,32,32,100.0,80.5,45.6,2,4,0,2.94,Low,0.548,No,0.406,No
S03593,2025,Fall,Health Administration,BS Health Administration,Undergraduate,Male,Black,25,In-state,No,Yes,5649.0,31,31,99.6,80.9,38.6,4,1,0,2.95,Low,0.585,No,0.42,No
S03594,2022,Fall,Public Health,BS Public Health,Undergraduate,Male,Asian,25,In-state,No,No,4583.0,27,24,88.1,66.0,74.8,0,0,2,2.34,High,0.299,No,0.128,No
S03595,2026,Fall,Public Health,BS Public Health,Undergraduate,Male,White,24,Out-of-state,No,Yes,1745.0,27,27,100.0,72.7,72.8,2,1,0,2.55,Medium,0.531,No,0.326,No
S03596,2025,Spring,Public Health,BS Public Health,Undergraduate,Female,White,22,In-state,Yes,Yes,3817.0,32,30,92.9,76.0,57.2,3,3,1,2.37,High,0.356,No,0.182,No
S03597,2022,Spring,Health Administration,BS Health Administration,Undergraduate,Female,Hispanic/Latino,18,Out-of-state,No,No,7864.0,31,29,95.1,59.9,62.5,3,2,2,2.57,Medium,0.389,No,0.261,No
S03598,2025,Spring,Social Work,BSW,Undergraduate,Male,Hispanic/Latino,22,In-state,Yes,No,8660.0,33,28,86.0,100.0,87.3,2,0,1,3.33,Low,0.804,No,0.731,Yes
S03599,2025,Spring,Nutrition,BS Nutrition,Undergraduate,Nonbinary,White,19,In-state,No,No,10024.0,30,28,93.7,93.0,73.5,2,2,3,2.94,Low,0.68,Yes,0.555,Yes
S03600,2023,Spring,Social Work,BSW,Undergraduate,Male,White,26,International,Yes,Yes,14721.0,32,32,100.0,100.0,80.5,4,2,1,2.49,Medium,0.608,Yes,0.57,Yes
S03601,2024,Spring,Health Administration,BS Health Administration,Undergraduate,Male,Hispanic/Latino,22,In-state,No,Yes,4604.0,31,31,100.0,84.0,82.4,3,2,3,3.83,Low,0.826,Yes,0.77,Yes
S03602,2026,Fall,Public Health,BS Public Health,Undergraduate,Male,Other/Unknown,27,In-state,No,No,6367.0,33,32,98.3,63.1,71.2,1,0,4,2.42,Medium,0.387,No,0.251,No
S03603,2022,Fall,Nutrition,BS Nutrition,Undergraduate,Female,White,20,Out-of-state,No,Yes,12903.0,27,25,92.4,89.3,55.7,3,1,3,2.53,Medium,0.468,Yes,0.367,Yes
S03604,2024,Fall,Nutrition,BS Nutrition,Undergraduate,Male,Multiracial,23,In-state,No,No,14959.0,31,31,100.0,75.8,40.7,2,3,1,2.72,High,0.246,No,0.194,No
S03605,2024,Fall,Social Work,MSW,Graduate,Male,Other/Unknown,35,Out-of-state,No,No,10044.0,30,30,100.0,100.0,79.6,1,2,3,4.0,Low,0.843,Yes,0.827,Yes
S03606,2025,Fall,Data Science,MS Health Data Science,Graduate,Female,White,22,In-state,No,Yes,6505.0,18,17,95.8,74.3,78.9,2,2,2,3.43,Low,0.723,Yes,0.52,Yes
S03607,2023,Spring,Nutrition,MS Nutrition,Graduate,Male,Black,33,Out-of-state,No,Yes,9919.0,24,22,93.4,88.0,78.1,3,3,2,3.67,Low,0.794,Yes,0.704,Yes
S03608,2026,Fall,Health Administration,BS Health Administration,Undergraduate,Male,Hispanic/Latino,19,In-state,No,No,6862.0,27,27,100.0,94.1,83.8,3,2,2,3.03,Low,0.767,Yes,0.634,Yes
S03609,2022,Spring,Social Work,MSW,Graduate,Male,White,32,In-state,Yes,No,7972.0,27,24,89.5,79.2,65.7,3,0,2,2.37,High,0.382,Yes,0.192,No
S03610,2026,Fall,Health Administration,BS Health Administration,Undergraduate,Female,Black,20,In-state,Yes,Yes,8931.0,24,24,100.0,81.0,81.8,4,0,3,3.59,Low,0.775,Yes,0.688,Yes
S03611,2022,Fall,Data Science,MS Health Data Science,Graduate,Male,White,30,In-state,No,No,9898.0,24,24,100.0,100.0,100.0,5,3,0,3.94,Low,0.905,Yes,0.877,Yes
S03612,2026,Spring,Health Administration,MHA,Graduate,Female,Hispanic/Latino,22,In-state,No,Yes,3125.0,21,21,100.0,100.0,53.6,2,3,2,3.76,Low,0.82,Yes,0.693,Yes
S03613,2026,Spring,Data Science,BS Health Data Science,Undergraduate,Female,Asian,24,In-state,No,Yes,2003.0,33,33,100.0,73.9,72.9,3,2,2,3.41,Low,0.737,Yes,0.606,No
S03614,2022,Spring,Data Science,BS Health Data Science,Undergraduate,Female,White,22,Out-of-state,No,No,10803.0,30,30,100.0,89.4,77.7,2,2,3,3.58,Low,0.754,Yes,0.713,Yes
S03615,2023,Spring,Public Health,BS Public Health,Undergraduate,Female,Other/Unknown,19,Out-of-state,Yes,No,9075.0,24,21,86.4,67.9,94.4,1,0,3,2.99,Medium,0.559,No,0.424,Yes
S03616,2026,Spring,Public Health,MPH,Graduate,Male,White,29,In-state,Yes,Yes,7281.0,18,15,81.9,84.5,80.7,2,2,2,2.18,High,0.416,Yes,0.168,No
S03617,2023,Fall,Nutrition,BS Nutrition,Undergraduate,Male,White,22,In-state,No,No,8710.0,33,33,100.0,94.1,71.1,3,3,1,4.0,Low,0.827,Yes,0.822,Yes
S03618,2022,Fall,Health Administration,BS Health Administration,Undergraduate,Female,White,18,International,Yes,Yes,12909.0,24,20,83.8,68.1,71.2,3,0,1,1.74,High,0.208,No,0.083,No
S03619,2025,Fall,Social Work,MSW,Graduate,Nonbinary,White,23,In-state,Yes,Yes,7614.0,24,24,100.0,92.5,68.7,7,2,2,3.71,Low,0.852,No,0.778,Yes
S03620,2023,Spring,Social Work,BSW,Undergraduate,Female,Hispanic/Latino,24,In-state,No,No,9394.0,30,26,85.8,74.2,61.3,1,1,1,2.84,Medium,0.451,No,0.343,No
S03621,2024,Spring,Data Science,MS Health Data Science,Graduate,Male,Hispanic/Latino,36,Out-of-state,Yes,Yes,9526.0,24,24,100.0,83.2,97.0,2,3,2,4.0,Low,0.84,Yes,0.79,Yes
S03622,2022,Fall,Data Science,MS Health Data Science,Graduate,Male,White,30,In-state,No,No,7667.0,21,21,100.0,78.2,44.9,1,1,4,3.72,Medium,0.594,No,0.506,Yes
S03623,2023,Fall,Data Science,BS Health Data Science,Undergraduate,Female,Hispanic/Latino,20,In-state,No,No,7823.0,31,28,89.9,79.4,55.3,2,0,3,2.69,Medium,0.469,Yes,0.346,No
S03624,2026,Fall,Data Science,BS Health Data Science,Undergraduate,Male,Black,18,Out-of-state,No,Yes,1740.0,33,29,86.9,75.2,55.8,1,2,0,2.73,Medium,0.496,Yes,0.323,Yes
S03625,2023,Fall,Public Health,MPH,Graduate,Male,Black,39,Out-of-state,No,No,10902.0,30,30,100.0,91.3,58.8,0,0,2,3.96,Medium,0.693,Yes,0.719,No
S03626,2024,Fall,Nutrition,MS Nutrition,Graduate,Female,Black,33,Out-of-state,No,No,7059.0,18,17,94.7,81.4,67.1,4,0,2,3.06,Low,0.7,Yes,0.466,No
S03627,2022,Fall,Nutrition,BS Nutrition,Undergraduate,Female,Hispanic/Latino,21,In-state,Yes,No,7566.0,33,29,88.0,75.7,49.2,1,2,2,2.24,High,0.249,No,0.125,No
S03628,2025,Spring,Social Work,BSW,Undergraduate,Male,Black,20,In-state,No,No,7967.0,30,29,95.9,95.2,32.4,3,2,1,2.71,Medium,0.498,No,0.393,No
S03629,2025,Spring,Data Science,BS Health Data Science,Undergraduate,Female,Hispanic/Latino,22,International,No,Yes,7388.0,27,27,100.0,83.7,76.0,1,3,1,4.0,Low,0.786,Yes,0.738,Yes
S03630,2022,Spring,Data Science,MS Health Data Science,Graduate,Female,White,22,International,No,Yes,8452.0,21,21,99.3,60.1,83.6,3,2,2,3.19,Medium,0.576,No,0.428,Yes
S03631,2022,Spring,Data Science,MS Health Data Science,Graduate,Female,Black,29,Out-of-state,No,Yes,4763.0,18,18,100.0,68.0,70.3,4,2,2,4.0,Medium,0.741,Yes,0.642,Yes
S03632,2022,Fall,Public Health,BS Public Health,Undergraduate,Male,White,19,Out-of-state,Yes,Yes,9045.0,33,29,89.0,100.0,79.9,3,0,2,2.41,Low,0.684,Yes,0.509,Yes
S03633,2024,Spring,Nutrition,MS Nutrition,Graduate,Female,Multiracial,22,In-state,No,No,6743.0,27,25,91.8,77.8,83.3,4,2,0,3.17,Low,0.747,Yes,0.578,No
S03634,2025,Spring,Public Health,BS Public Health,Undergraduate,Female,Hispanic/Latino,22,International,No,Yes,5691.0,24,22,91.3,59.9,61.4,0,0,3,2.65,High,0.266,No,0.121,No
S03635,2026,Fall,Health Administration,BS Health Administration,Undergraduate,Male,Black,18,In-state,Yes,Yes,0.0,27,23,84.8,83.2,56.2,3,1,3,2.44,Low,0.611,Yes,0.303,Yes
S03636,2022,Fall,Nutrition,MS Nutrition,Graduate,Male,White,27,In-state,No,No,5197.0,30,30,100.0,88.2,57.1,0,0,1,3.3,Low,0.684,No,0.536,No
S03637,2026,Spring,Nutrition,MS Nutrition,Graduate,Male,Asian,30,In-state,No,No,7406.0,18,16,91.3,72.8,71.3,0,3,2,2.03,High,0.272,No,0.09,Yes
S03638,2023,Spring,Nutrition,MS Nutrition,Graduate,Female,White,24,In-state,Yes,Yes,5953.0,27,27,100.0,87.4,61.3,0,2,2,3.47,Low,0.709,Yes,0.572,Yes
S03639,2026,Spring,Public Health,BS Public Health,Undergraduate,Female,Black,23,In-state,No,No,5265.0,33,32,98.1,78.8,98.5,1,0,1,3.42,Low,0.771,Yes,0.676,No
S03640,2026,Spring,Health Administration,BS Health Administration,Undergraduate,Female,White,19,In-state,No,Yes,5650.0,33,31,93.7,80.9,91.3,0,1,0,2.86,Medium,0.61,Yes,0.499,No
S03641,2024,Spring,Health Administration,MHA,Graduate,Male,White,30,In-state,No,Yes,4363.0,18,16,89.4,66.3,96.8,1,2,3,3.38,Medium,0.68,Yes,0.493,Yes
S03642,2026,Spring,Social Work,BSW,Undergraduate,Male,Multiracial,24,International,Yes,No,12900.0,27,25,94.2,61.0,68.4,1,2,3,2.45,High,0.226,Yes,0.129,No
S03643,2024,Spring,Data Science,BS Health Data Science,Undergraduate,Female,White,21,Out-of-state,No,No,11843.0,32,31,97.9,76.2,48.2,1,1,1,3.31,Medium,0.467,Yes,0.457,Yes
S03644,2022,Fall,Health Administration,BS Health Administration,Undergraduate,Male,Black,23,In-state,No,No,15841.0,24,22,92.5,97.3,100.0,0,3,1,2.66,Medium,0.598,Yes,0.527,Yes
S03645,2026,Fall,Health Administration,BS Health Administration,Undergraduate,Female,Multiracial,22,In-state,No,Yes,7431.0,30,29,97.2,75.2,69.3,2,2,2,3.48,Low,0.68,Yes,0.575,Yes
S03646,2025,Fall,Health Administration,MHA,Graduate,Male,Black,29,In-state,No,Yes,5448.0,24,24,100.0,69.4,90.1,1,2,2,3.32,Medium,0.657,Yes,0.522,Yes
S03647,2026,Fall,Social Work,MSW,Graduate,Female,White,29,In-state,No,Yes,3954.0,30,25,82.3,68.4,59.6,0,0,4,3.27,Medium,0.537,Yes,0.385,Yes
S03648,2025,Spring,Nutrition,MS Nutrition,Graduate,Female,Asian,22,Out-of-state,No,No,10470.0,21,20,97.6,84.8,64.7,3,1,2,2.69,Medium,0.545,Yes,0.383,No
S03649,2025,Spring,Health Administration,BS Health Administration,Undergraduate,Female,Multiracial,22,Out-of-state,No,Yes,11966.0,33,32,95.6,85.2,74.9,4,0,1,2.8,Medium,0.585,Yes,0.539,Yes
S03650,2025,Spring,Social Work,BSW,Undergraduate,Female,Hispanic/Latino,22,In-state,No,No,8445.0,32,30,95.2,72.5,64.7,2,0,1,3.4,Low,0.633,Yes,0.53,No
S03651,2025,Spring,Social Work,MSW,Graduate,Female,White,33,In-state,No,Yes,4649.0,24,22,91.7,64.9,59.5,2,1,4,3.65,Medium,0.611,No,0.483,Yes
S03652,2024,Spring,Public Health,MPH,Graduate,Male,Multiracial,31,In-state,No,Yes,2193.0,30,30,100.0,79.1,86.6,5,2,0,2.98,Low,0.784,No,0.595,No
S03653,2025,Spring,Nutrition,BS Nutrition,Undergraduate,Female,White,24,In-state,Yes,No,8988.0,31,25,79.6,73.1,45.4,1,2,0,1.78,High,0.172,No,0.067,No
S03654,2026,Fall,Social Work,MSW,Graduate,Female,White,25,In-state,Yes,Yes,5794.0,30,30,100.0,87.5,50.7,3,2,2,4.0,Low,0.791,Yes,0.733,No
S03655,2025,Spring,Health Administration,MHA,Graduate,Female,Multiracial,33,International,Yes,Yes,8829.0,24,24,100.0,78.1,83.9,1,4,4,3.46,Low,0.723,No,0.59,No
S03656,2025,Spring,Social Work,BSW,Undergraduate,Male,Hispanic/Latino,22,In-state,No,Yes,7448.0,30,30,100.0,87.2,82.3,2,0,3,3.63,Low,0.786,Yes,0.726,No
S03657,2022,Fall,Social Work,MSW,Graduate,Male,Black,23,In-state,No,No,6978.0,24,21,89.4,88.8,92.6,5,1,0,3.32,Low,0.834,Yes,0.701,No
S03658,2023,Spring,Public Health,BS Public Health,Undergraduate,Female,White,21,Out-of-state,No,No,8862.0,33,33,100.0,78.2,52.1,0,4,0,3.7,Medium,0.565,Yes,0.578,No
S03659,2023,Fall,Nutrition,BS Nutrition,Undergraduate,Female,Black,20,International,No,Yes,14123.0,33,33,100.0,83.4,100.0,6,0,0,3.17,Low,0.772,Yes,0.737,Yes
S03660,2026,Fall,Health Administration,BS Health Administration,Undergraduate,Female,White,23,Out-of-state,No,No,10621.0,24,20,81.8,86.7,100.0,2,4,0,2.41,Medium,0.591,No,0.422,No
S03661,2025,Fall,Social Work,MSW,Graduate,Female,White,34,In-state,No,Yes,2574.0,24,24,100.0,73.3,55.7,2,3,2,3.07,Low,0.632,Yes,0.384,Yes
S03662,2025,Spring,Health Administration,BS Health Administration,Undergraduate,Male,White,23,Out-of-state,Yes,Yes,208.0,24,23,93.8,77.9,54.8,1,1,1,1.81,High,0.277,No,0.083,No
S03663,2024,Fall,Public Health,MPH,Graduate,Female,Black,22,In-state,No,No,5173.0,30,30,100.0,100.0,57.7,3,0,3,3.58,Low,0.811,Yes,0.727,Yes
S03664,2023,Fall,Health Administration,MHA,Graduate,Male,Black,23,International,Yes,Yes,11464.0,18,17,94.6,74.0,79.4,4,1,1,2.87,Medium,0.576,Yes,0.414,Yes
S03665,2025,Spring,Public Health,MPH,Graduate,Female,White,25,In-state,No,Yes,3634.0,24,23,94.7,86.7,93.8,0,3,1,3.71,Low,0.829,Yes,0.706,Yes
S03666,2023,Fall,Data Science,BS Health Data Science,Undergraduate,Female,White,24,In-state,Yes,No,8599.0,33,28,86.2,75.8,76.2,6,3,0,2.53,Medium,0.569,No,0.432,Yes
S03667,2023,Spring,Social Work,BSW,Undergraduate,Female,Hispanic/Latino,22,Out-of-state,No,No,9461.0,30,27,91.0,72.8,49.3,3,0,2,2.21,Medium,0.342,No,0.208,No
S03668,2026,Spring,Social Work,BSW,Undergraduate,Female,White,21,Out-of-state,No,Yes,5592.0,31,31,100.0,80.3,81.4,1,0,2,3.76,Low,0.772,Yes,0.705,Yes
S03669,2024,Spring,Nutrition,BS Nutrition,Undergraduate,Female,White,18,Out-of-state,Yes,Yes,1793.0,27,26,97.2,100.0,78.5,3,0,1,3.57,Low,0.858,Yes,0.762,No
S03670,2025,Fall,Health Administration,BS Health Administration,Undergraduate,Female,White,19,In-state,Yes,No,4297.0,33,32,95.7,79.3,52.3,0,2,0,3.73,Medium,0.621,Yes,0.588,Yes
S03671,2024,Spring,Health Administration,BS Health Administration,Undergraduate,Female,White,21,International,Yes,No,7538.0,24,24,100.0,96.0,82.2,2,2,1,2.9,Low,0.734,Yes,0.569,Yes
S03672,2024,Spring,Public Health,MPH,Graduate,Female,Black,41,Out-of-state,No,Yes,9655.0,18,18,100.0,79.3,69.7,2,0,0,2.73,Medium,0.527,Yes,0.347,No
S03673,2022,Fall,Nutrition,BS Nutrition,Undergraduate,Female,White,20,In-state,No,No,7253.0,32,32,100.0,96.8,89.4,4,0,1,3.54,Low,0.849,Yes,0.807,No
S03674,2022,Fall,Public Health,BS Public Health,Undergraduate,Female,White,20,In-state,No,Yes,8620.0,31,29,93.5,92.4,76.3,2,2,1,2.49,Low,0.632,Yes,0.449,No
S03675,2023,Spring,Health Administration,BS Health Administration,Undergraduate,Female,Black,22,In-state,No,Yes,10606.0,24,19,77.2,91.2,86.4,0,2,1,1.85,High,0.333,No,0.147,No
S03676,2022,Spring,Social Work,BSW,Undergraduate,Female,Black,20,In-state,No,Yes,696.0,32,31,96.5,75.8,70.0,1,0,2,2.8,Medium,0.57,Yes,0.4,Yes
S03677,2024,Fall,Social Work,BSW,Undergraduate,Female,Asian,21,In-state,Yes,No,8836.0,33,33,98.6,83.6,80.0,1,1,1,2.9,Low,0.641,No,0.52,Yes
S03678,2022,Fall,Public Health,BS Public Health,Undergraduate,Male,White,21,In-state,No,No,9462.0,27,27,100.0,97.5,86.0,0,4,0,2.76,Medium,0.628,Yes,0.534,Yes
S03679,2024,Fall,Data Science,MS Health Data Science,Graduate,Female,White,26,Out-of-state,No,Yes,2412.0,24,24,100.0,71.9,74.8,2,2,2,3.33,Low,0.721,Yes,0.508,No
S03680,2023,Spring,Nutrition,BS Nutrition,Undergraduate,Female,Black,22,Out-of-state,No,Yes,9919.0,27,22,83.0,83.9,94.9,2,4,3,2.86,Medium,0.635,Yes,0.516,No
S03681,2025,Fall,Public Health,MS Epidemiology,Graduate,Female,White,22,International,No,No,14395.0,18,18,100.0,83.1,65.9,4,0,2,3.35,Low,0.682,No,0.554,No
S03682,2024,Fall,Social Work,BSW,Undergraduate,Female,Other/Unknown,23,In-state,No,Yes,1998.0,33,33,100.0,72.6,67.4,0,3,2,4.0,Medium,0.694,Yes,0.668,Yes
S03683,2024,Spring,Health Administration,BS Health Administration,Undergraduate,Male,Black,18,In-state,No,No,7789.0,31,31,100.0,100.0,88.6,2,1,3,3.32,Low,0.811,Yes,0.746,No
S03684,2026,Spring,Public Health,BS Public Health,Undergraduate,Female,Other/Unknown,20,International,No,No,10870.0,32,31,97.8,77.5,54.4,1,1,0,3.23,Medium,0.494,No,0.467,No
S03685,2024,Spring,Public Health,BS Public Health,Undergraduate,Female,Black,20,In-state,Yes,Yes,4146.0,27,24,88.9,82.0,94.2,4,2,1,2.96,Low,0.77,No,0.58,Yes
S03686,2022,Fall,Public Health,MS Epidemiology,Graduate,Male,Black,22,Out-of-state,No,No,5647.0,21,21,100.0,100.0,88.2,2,1,3,3.26,Low,0.829,No,0.685,No
S03687,2025,Fall,Social Work,MSW,Graduate,Female,Black,22,Out-of-state,No,Yes,5049.0,21,21,100.0,90.9,63.2,0,1,2,3.5,Low,0.74,Yes,0.571,No
S03688,2026,Spring,Social Work,MSW,Graduate,Female,Hispanic/Latino,30,In-state,No,No,10127.0,18,18,100.0,88.4,94.9,1,3,0,4.0,Low,0.837,No,0.768,No
S03689,2022,Spring,Social Work,BSW,Undergraduate,Female,White,19,Out-of-state,No,Yes,2900.0,31,28,89.9,91.6,56.3,2,4,0,2.9,Low,0.677,Yes,0.476,No
S03690,2025,Spring,Social Work,BSW,Undergraduate,Male,White,20,In-state,No,Yes,3164.0,30,29,95.4,65.9,42.0,4,3,2,2.67,High,0.326,No,0.168,Yes
S03691,2022,Fall,Public Health,BS Public Health,Undergraduate,Female,Black,21,In-state,No,Yes,1631.0,27,27,100.0,80.7,47.6,4,1,2,3.8,Low,0.764,Yes,0.643,Yes
S03692,2026,Spring,Nutrition,BS Nutrition,Undergraduate,Female,White,21,In-state,No,Yes,0.0,31,26,82.6,61.3,74.4,3,1,2,2.2,High,0.347,No,0.129,No
S03693,2026,Fall,Data Science,MS Health Data Science,Graduate,Female,Hispanic/Latino,30,In-state,No,Yes,3930.0,30,28,92.1,82.8,66.4,1,0,0,3.33,Low,0.716,Yes,0.548,Yes
S03694,2022,Fall,Health Administration,BS Health Administration,Undergraduate,Male,Hispanic/Latino,24,In-state,Yes,Yes,4726.0,31,25,81.4,78.5,66.3,4,1,0,2.24,High,0.39,Yes,0.184,Yes
S03695,2026,Fall,Public Health,BS Public Health,Undergraduate,Male,Black,22,International,Yes,Yes,9127.0,31,28,91.5,96.2,75.5,5,0,1,2.98,Low,0.76,No,0.648,Yes
S03696,2025,Spring,Health Administration,BS Health Administration,Undergraduate,Female,White,25,Out-of-state,No,Yes,9592.0,32,29,90.6,95.7,61.5,3,1,1,2.62,Medium,0.571,No,0.473,No
S03697,2024,Fall,Health Administration,BS Health Administration,Undergraduate,Female,White,22,In-state,Yes,Yes,6339.0,32,30,94.7,88.2,84.1,0,5,1,2.39,High,0.432,No,0.261,Yes
S03698,2026,Spring,Data Science,BS Health Data Science,Undergraduate,Female,Multiracial,18,Out-of-state,No,No,7975.0,33,30,89.5,98.4,90.6,2,1,0,3.07,Low,0.782,Yes,0.686,Yes
S03699,2022,Fall,Data Science,BS Health Data Science,Undergraduate,Male,Black,21,In-state,Yes,Yes,1793.0,27,21,77.3,92.3,69.9,4,3,1,1.62,High,0.407,Yes,0.138,No
S03700,2023,Fall,Public Health,BS Public Health,Undergraduate,Male,Other/Unknown,21,Out-of-state,No,Yes,10493.0,31,31,100.0,78.3,74.4,1,1,2,2.94,Medium,0.523,Yes,0.464,No
S03701,2025,Fall,Data Science,MS Health Data Science,Graduate,Male,White,28,In-state,Yes,Yes,5918.0,18,16,90.0,82.0,66.8,4,0,1,3.53,Low,0.769,Yes,0.584,No
S03702,2025,Fall,Nutrition,BS Nutrition,Undergraduate,Female,White,22,In-state,No,Yes,4566.0,24,20,82.3,84.6,55.0,1,4,4,2.8,Low,0.588,No,0.339,Yes
S03703,2025,Fall,Nutrition,MS Nutrition,Graduate,Female,Hispanic/Latino,26,In-state,No,Yes,13267.0,21,21,100.0,100.0,100.0,5,2,1,4.0,Low,0.897,Yes,0.876,Yes
S03704,2026,Fall,Social Work,MSW,Graduate,Female,White,31,In-state,Yes,Yes,253.0,24,22,91.0,82.2,64.8,1,3,3,3.86,Low,0.8,Yes,0.64,Yes
S03705,2024,Fall,Data Science,BS Health Data Science,Undergraduate,Male,Asian,25,In-state,Yes,Yes,2573.0,27,23,85.0,78.7,98.1,3,5,2,2.67,Medium,0.677,Yes,0.473,No
S03706,2022,Spring,Nutrition,BS Nutrition,Undergraduate,Male,Asian,21,In-state,No,No,13972.0,33,28,86.0,90.6,61.9,2,1,3,2.86,Medium,0.52,Yes,0.479,Yes
S03707,2024,Fall,Social Work,MSW,Graduate,Male,Asian,47,International,Yes,No,10416.0,21,21,100.0,74.5,97.1,1,4,3,3.53,Medium,0.69,Yes,0.614,Yes
S03708,2024,Spring,Data Science,MS Health Data Science,Graduate,Female,Black,22,In-state,Yes,No,8629.0,24,24,100.0,94.3,76.4,3,1,1,3.15,Low,0.765,Yes,0.623,No
S03709,2024,Spring,Social Work,BSW,Undergraduate,Male,White,22,In-state,Yes,Yes,2847.0,30,30,100.0,81.9,93.8,1,2,1,3.18,Low,0.761,Yes,0.611,Yes
S03710,2022,Fall,Health Administration,BS Health Administration,Undergraduate,Female,White,21,Out-of-state,Yes,Yes,7162.0,31,30,96.9,77.2,59.2,2,0,2,3.91,Low,0.721,Yes,0.666,Yes
S03711,2022,Spring,Nutrition,BS Nutrition,Undergraduate,Female,White,21,In-state,Yes,Yes,4380.0,30,30,100.0,92.3,86.8,4,2,0,4.0,Low,0.881,Yes,0.847,Yes
S03712,2024,Fall,Data Science,BS Health Data Science,Undergraduate,Male,White,21,In-state,Yes,No,6631.0,24,24,99.6,75.6,100.0,2,5,4,2.53,Medium,0.589,No,0.409,Yes
S03713,2024,Spring,Nutrition,MS Nutrition,Graduate,Male,White,37,In-state,No,No,10438.0,27,27,99.2,65.1,62.1,0,1,3,2.95,High,0.308,No,0.196,No
S03714,2026,Fall,Nutrition,BS Nutrition,Undergraduate,Male,White,24,In-state,Yes,No,9918.0,33,29,86.6,60.5,47.9,2,3,3,2.73,High,0.24,No,0.149,No
S03715,2022,Fall,Social Work,BSW,Undergraduate,Female,White,21,Out-of-state,Yes,Yes,3386.0,33,33,100.0,90.3,81.7,4,1,2,3.51,Low,0.833,Yes,0.759,Yes
S03716,2022,Fall,Public Health,MS Epidemiology,Graduate,Male,White,27,In-state,Yes,Yes,6131.0,21,21,100.0,82.4,75.7,1,0,0,3.58,Low,0.755,Yes,0.602,Yes
S03717,2022,Spring,Nutrition,BS Nutrition,Undergraduate,Female,Hispanic/Latino,21,In-state,Yes,Yes,3793.0,31,31,100.0,98.9,72.1,6,0,2,3.74,Low,0.876,Yes,0.829,Yes
S03718,2025,Fall,Data Science,MS Health Data Science,Graduate,Female,White,29,Out-of-state,No,No,5407.0,24,21,86.5,81.1,58.6,1,2,4,3.54,Low,0.702,No,0.524,Yes
S03719,2025,Spring,Health Administration,BS Health Administration,Undergraduate,Male,Multiracial,22,In-state,No,Yes,3042.0,33,28,85.7,62.5,18.9,1,0,2,2.17,High,0.157,No,0.058,No
S03720,2025,Fall,Health Administration,BS Health Administration,Undergraduate,Female,Asian,20,International,Yes,Yes,10273.0,27,22,80.6,85.2,78.8,1,1,0,2.36,High,0.375,No,0.209,Yes
S03721,2024,Spring,Social Work,BSW,Undergraduate,Male,White,18,In-state,No,No,9794.0,33,33,100.0,78.8,61.8,4,0,0,3.46,Medium,0.63,Yes,0.628,Yes
S03722,2026,Spring,Data Science,BS Health Data Science,Undergraduate,Female,Black,22,In-state,No,No,15843.0,24,20,82.9,79.6,45.3,2,0,0,2.57,Medium,0.341,Yes,0.252,No
S03723,2026,Fall,Public Health,BS Public Health,Undergraduate,Female,White,20,In-state,No,No,7049.0,27,25,94.2,93.3,64.1,0,0,0,4.0,Low,0.782,Yes,0.727,No
S03724,2025,Fall,Nutrition,BS Nutrition,Undergraduate,Nonbinary,Black,21,Out-of-state,No,Yes,5004.0,30,30,100.0,91.1,58.5,4,3,1,3.39,Low,0.76,Yes,0.655,Yes
S03725,2023,Spring,Social Work,BSW,Undergraduate,Male,Asian,18,International,Yes,No,9224.0,24,24,100.0,88.0,53.4,0,0,0,4.0,Low,0.716,Yes,0.663,Yes
S03726,2023,Spring,Data Science,MS Health Data Science,Graduate,Female,Asian,30,In-state,No,Yes,968.0,27,25,92.2,88.5,65.5,3,0,2,4.0,Low,0.853,Yes,0.754,No
S03727,2026,Fall,Public Health,BS Public Health,Undergraduate,Male,Other/Unknown,20,International,No,Yes,8028.0,33,29,89.3,91.5,69.0,3,1,0,3.24,Low,0.734,Yes,0.633,Yes
S03728,2022,Fall,Social Work,BSW,Undergraduate,Female,Other/Unknown,19,Out-of-state,No,No,7898.0,27,23,87.0,84.0,63.4,3,1,2,3.08,Low,0.662,Yes,0.49,Yes
S03729,2025,Fall,Nutrition,BS Nutrition,Undergraduate,Male,White,20,Out-of-state,No,Yes,8124.0,31,30,96.8,69.2,85.3,1,1,2,3.21,Medium,0.578,Yes,0.51,No
S03730,2026,Fall,Data Science,BS Health Data Science,Undergraduate,Male,Hispanic/Latino,23,In-state,No,No,8407.0,32,27,85.1,92.5,78.7,0,2,5,2.71,Medium,0.579,No,0.464,No
S03731,2026,Spring,Data Science,BS Health Data Science,Undergraduate,Female,Black,18,In-state,No,No,3259.0,31,31,100.0,89.8,79.1,3,3,1,3.43,Low,0.808,No,0.71,Yes
S03732,2022,Spring,Health Administration,BS Health Administration,Undergraduate,Male,White,24,In-state,No,No,9305.0,32,32,100.0,74.3,76.3,1,4,0,3.77,Low,0.706,Yes,0.665,No
S03733,2023,Spring,Nutrition,BS Nutrition,Undergraduate,Male,White,21,In-state,No,Yes,2303.0,27,27,100.0,90.0,61.2,3,3,5,3.62,Low,0.794,Yes,0.678,No
S03734,2023,Spring,Nutrition,BS Nutrition,Undergraduate,Male,Black,22,In-state,No,Yes,4929.0,30,30,100.0,85.8,85.5,4,2,1,3.89,Low,0.851,Yes,0.804,Yes
S03735,2023,Fall,Social Work,BSW,Undergraduate,Male,White,18,In-state,No,Yes,2492.0,33,29,89.2,73.1,66.8,2,2,1,2.95,Low,0.63,Yes,0.417,No
S03736,2023,Fall,Nutrition,BS Nutrition,Undergraduate,Female,White,25,In-state,No,Yes,4492.0,32,32,100.0,93.7,89.0,5,0,2,4.0,Low,0.894,Yes,0.871,No
S03737,2022,Spring,Data Science,MS Health Data Science,Graduate,Nonbinary,Hispanic/Latino,29,Out-of-state,Yes,Yes,6795.0,27,25,93.6,87.0,54.8,0,3,2,3.41,Low,0.672,Yes,0.519,Yes
S03738,2023,Spring,Nutrition,MS Nutrition,Graduate,Female,Hispanic/Latino,33,Out-of-state,No,Yes,9359.0,30,30,100.0,66.4,54.1,4,2,2,3.05,Medium,0.497,No,0.405,Yes
S03739,2025,Spring,Data Science,BS Health Data Science,Undergraduate,Male,Black,18,In-state,Yes,Yes,5842.0,33,33,100.0,86.8,65.9,3,1,0,2.96,Low,0.684,Yes,0.545,No
S03740,2025,Fall,Data Science,BS Health Data Science,Undergraduate,Female,White,20,In-state,No,Yes,4220.0,32,32,100.0,100.0,60.2,2,3,1,3.82,Low,0.822,Yes,0.775,Yes
S03741,2023,Fall,Data Science,BS Health Data Science,Undergraduate,Male,Multiracial,22,International,No,Yes,5410.0,30,25,82.0,83.3,74.3,0,1,1,1.98,Medium,0.426,Yes,0.223,Yes
S03742,2022,Fall,Data Science,BS Health Data Science,Undergraduate,Male,White,22,International,Yes,Yes,6056.0,24,23,95.3,87.0,77.3,3,2,3,2.95,Low,0.715,Yes,0.524,No
S03743,2025,Spring,Nutrition,MS Nutrition,Graduate,Female,Other/Unknown,22,Out-of-state,Yes,Yes,8556.0,27,27,100.0,89.0,67.2,4,2,2,3.98,Low,0.826,Yes,0.78,No
S03744,2025,Fall,Public Health,BS Public Health,Undergraduate,Female,White,23,In-state,No,No,7962.0,32,31,98.3,83.5,81.8,2,0,1,4.0,Low,0.807,Yes,0.784,Yes
S03745,2023,Fall,Public Health,BS Public Health,Undergraduate,Female,White,20,In-state,Yes,Yes,5711.0,27,24,89.3,82.3,65.2,1,0,1,2.33,Medium,0.463,No,0.274,No
S03746,2026,Spring,Public Health,MPH,Graduate,Male,Asian,22,Out-of-state,No,Yes,2325.0,24,23,96.1,74.6,52.4,0,3,2,3.22,Medium,0.554,No,0.374,No
S03747,2025,Fall,Public Health,BS Public Health,Undergraduate,Male,White,18,In-state,No,No,7213.0,32,32,100.0,75.7,85.1,2,0,0,3.02,Low,0.668,No,0.533,No
S03748,2026,Fall,Public Health,MS Epidemiology,Graduate,Male,Black,31,Out-of-state,Yes,Yes,4139.0,24,24,98.9,69.4,67.5,1,0,5,2.79,High,0.399,No,0.201,No
S03749,2024,Fall,Data Science,BS Health Data Science,Undergraduate,Female,White,24,In-state,Yes,Yes,6653.0,27,27,100.0,100.0,64.4,4,3,0,3.28,Low,0.785,No,0.681,Yes
S03750,2023,Fall,Social Work,MSW,Graduate,Male,White,34,International,No,No,9844.0,30,30,99.5,81.4,89.2,5,0,2,3.9,Low,0.841,Yes,0.809,Yes
S03751,2025,Fall,Public Health,MS Epidemiology,Graduate,Female,Black,38,International,Yes,Yes,14163.0,24,19,80.3,72.6,46.4,2,0,2,2.4,High,0.229,No,0.114,No
S03752,2026,Spring,Data Science,BS Health Data Science,Undergraduate,Female,Hispanic/Latino,24,International,No,Yes,7089.0,32,32,100.0,86.0,79.4,3,0,4,3.53,Low,0.78,Yes,0.716,Yes
S03753,2022,Fall,Public Health,BS Public Health,Undergraduate,Male,White,18,Out-of-state,No,Yes,5162.0,31,31,100.0,96.6,97.9,4,2,0,3.68,Low,0.882,Yes,0.841,Yes
S03754,2022,Spring,Public Health,MPH,Graduate,Female,White,31,In-state,No,Yes,0.0,27,23,85.4,76.9,55.9,2,1,2,2.65,Medium,0.549,Yes,0.3,No
S03755,2023,Fall,Data Science,BS Health Data Science,Undergraduate,Male,White,19,Out-of-state,No,Yes,12791.0,30,30,100.0,80.2,58.9,2,3,1,3.71,Low,0.659,Yes,0.636,Yes
S03756,2022,Fall,Nutrition,MS Nutrition,Graduate,Female,Black,32,In-state,No,No,4829.0,18,18,100.0,100.0,84.6,2,2,3,3.91,Low,0.879,Yes,0.792,Yes
S03757,2024,Spring,Data Science,BS Health Data Science,Undergraduate,Male,Asian,26,International,Yes,No,10005.0,31,31,100.0,85.1,66.3,1,1,3,3.29,Low,0.652,Yes,0.57,No
S03758,2022,Spring,Social Work,BSW,Undergraduate,Female,White,22,In-state,No,Yes,10546.0,32,31,97.4,100.0,64.7,2,0,1,2.58,Medium,0.57,Yes,0.493,No
S03759,2025,Spring,Public Health,BS Public Health,Undergraduate,Female,Hispanic/Latino,26,Out-of-state,No,Yes,3846.0,32,30,94.1,92.8,85.3,4,2,2,2.93,Low,0.789,Yes,0.641,Yes
S03760,2025,Fall,Nutrition,BS Nutrition,Undergraduate,Male,White,19,In-state,No,Yes,3778.0,27,26,95.9,89.4,58.7,1,0,1,3.56,Low,0.739,No,0.61,No
S03761,2025,Spring,Public Health,BS Public Health,Undergraduate,Male,Black,22,In-state,Yes,Yes,7320.0,32,32,100.0,76.5,94.0,4,2,2,3.39,Low,0.776,Yes,0.696,Yes
S03762,2026,Spring,Health Administration,BS Health Administration,Undergraduate,Female,White,25,In-state,No,Yes,6625.0,32,30,93.5,69.1,60.6,4,3,2,1.91,High,0.264,No,0.117,Yes
S03763,2022,Spring,Social Work,BSW,Undergraduate,Male,Hispanic/Latino,18,In-state,No,No,5715.0,33,27,81.9,80.9,59.8,1,0,0,2.29,Medium,0.43,No,0.258,No
S03764,2022,Spring,Health Administration,BS Health Administration,Undergraduate,Male,White,25,In-state,No,No,7934.0,24,24,100.0,85.2,76.5,4,5,2,4.0,Low,0.826,Yes,0.777,Yes
S03765,2023,Spring,Public Health,MPH,Graduate,Female,White,35,Out-of-state,No,Yes,0.0,30,30,100.0,92.3,96.0,3,2,3,3.54,Low,0.882,Yes,0.783,Yes
S03766,2025,Spring,Data Science,BS Health Data Science,Undergraduate,Female,Asian,18,Out-of-state,Yes,No,3287.0,24,24,100.0,79.1,57.7,1,3,2,2.94,Low,0.603,Yes,0.373,No
S03767,2024,Fall,Health Administration,BS Health Administration,Undergraduate,Female,Hispanic/Latino,18,In-state,No,No,11463.0,24,24,100.0,78.7,68.5,4,1,3,3.5,Medium,0.643,Yes,0.611,Yes
S03768,2025,Fall,Data Science,BS Health Data Science,Undergraduate,Female,Hispanic/Latino,21,In-state,No,Yes,7656.0,24,22,92.0,85.1,79.3,2,2,1,3.07,Low,0.698,No,0.523,Yes
S03769,2025,Spring,Social Work,BSW,Undergraduate,Nonbinary,Black,20,In-state,No,No,8615.0,33,33,100.0,92.7,61.2,0,0,2,3.41,Low,0.685,No,0.621,No
S03770,2023,Spring,Nutrition,BS Nutrition,Undergraduate,Female,White,20,In-state,Yes,Yes,1181.0,24,15,63.2,91.0,56.1,2,0,0,2.29,High,0.425,No,0.159,No
S03771,2022,Fall,Nutrition,BS Nutrition,Undergraduate,Female,White,18,In-state,No,Yes,8465.0,30,29,98.3,85.2,71.6,2,3,1,3.59,Low,0.739,Yes,0.67,No
S03772,2024,Fall,Data Science,BS Health Data Science,Undergraduate,Female,Multiracial,22,Out-of-state,No,No,8305.0,33,31,94.1,92.1,75.5,3,3,0,3.01,Low,0.722,No,0.61,No
S03773,2025,Spring,Health Administration,MHA,Graduate,Male,White,27,In-state,No,Yes,2858.0,24,24,100.0,72.9,85.3,5,2,2,3.83,Low,0.841,Yes,0.724,Yes
S03774,2024,Fall,Social Work,BSW,Undergraduate,Female,Hispanic/Latino,23,In-state,No,No,7101.0,31,31,100.0,86.6,81.6,4,0,2,3.55,Low,0.803,Yes,0.741,Yes
S03775,2023,Spring,Social Work,MSW,Graduate,Female,White,27,In-state,Yes,Yes,7042.0,24,21,86.5,89.5,66.6,3,1,1,3.13,Low,0.728,Yes,0.537,No
S03776,2023,Fall,Data Science,MS Health Data Science,Graduate,Male,Asian,29,In-state,No,Yes,0.0,18,18,100.0,94.3,62.5,3,3,2,3.63,Low,0.837,Yes,0.659,Yes
S03777,2026,Fall,Nutrition,MS Nutrition,Graduate,Male,Hispanic/Latino,32,In-state,No,Yes,5977.0,21,21,100.0,88.9,93.6,3,2,1,4.0,Low,0.876,Yes,0.806,Yes
S03778,2024,Spring,Data Science,BS Health Data Science,Undergraduate,Male,White,22,Out-of-state,No,Yes,1366.0,31,25,81.2,76.4,50.6,2,1,2,2.85,Medium,0.526,Yes,0.336,No
S03779,2022,Fall,Public Health,BS Public Health,Undergraduate,Female,White,25,Out-of-state,No,Yes,2554.0,24,23,96.7,74.5,73.6,1,0,1,2.5,Medium,0.508,No,0.289,Yes
S03780,2022,Spring,Health Administration,MHA,Graduate,Female,White,25,In-state,No,Yes,0.0,18,18,100.0,88.1,53.9,1,0,4,3.08,Low,0.704,No,0.414,Yes
S03781,2023,Spring,Social Work,MSW,Graduate,Male,Asian,27,In-state,Yes,No,11203.0,27,27,100.0,80.5,100.0,5,0,3,4.0,Low,0.86,Yes,0.833,Yes
S03782,2023,Spring,Data Science,BS Health Data Science,Undergraduate,Female,White,22,In-state,Yes,Yes,1848.0,33,33,100.0,97.5,86.3,2,2,1,3.55,Low,0.853,Yes,0.781,Yes
S03783,2024,Fall,Social Work,MSW,Graduate,Female,Hispanic/Latino,36,In-state,Yes,No,10001.0,24,22,93.7,68.3,77.9,1,0,3,2.82,High,0.377,Yes,0.218,No
S03784,2022,Spring,Health Administration,BS Health Administration,Undergraduate,Female,Hispanic/Latino,23,International,No,Yes,12157.0,30,30,100.0,93.9,90.9,3,1,0,4.0,Low,0.846,Yes,0.85,Yes
S03785,2022,Spring,Public Health,BS Public Health,Undergraduate,Female,Asian,21,Out-of-state,No,Yes,3279.0,32,29,89.4,69.8,28.2,0,1,0,2.16,High,0.185,No,0.073,No
S03786,2022,Spring,Nutrition,BS Nutrition,Undergraduate,Female,White,20,Out-of-state,Yes,Yes,12206.0,30,30,100.0,89.9,92.1,2,4,2,2.78,Medium,0.624,No,0.571,No
S03787,2026,Fall,Nutrition,MS Nutrition,Graduate,Female,White,38,Out-of-state,No,Yes,6168.0,24,24,99.2,83.9,75.2,1,1,2,3.42,Low,0.739,Yes,0.585,Yes
S03788,2023,Spring,Nutrition,BS Nutrition,Undergraduate,Male,White,18,In-state,No,Yes,0.0,31,30,97.1,88.7,84.9,1,3,0,3.22,Low,0.789,Yes,0.63,Yes
S03789,2022,Fall,Health Administration,BS Health Administration,Undergraduate,Male,Black,23,In-state,No,Yes,5104.0,33,30,91.1,77.3,57.2,4,1,3,2.52,Medium,0.503,Yes,0.347,Yes
S03790,2026,Spring,Social Work,BSW,Undergraduate,Female,White,24,In-state,No,Yes,6019.0,24,22,90.0,82.9,31.9,0,5,2,3.05,Medium,0.443,Yes,0.309,Yes
S03791,2022,Spring,Social Work,BSW,Undergraduate,Male,Asian,21,Out-of-state,Yes,Yes,3379.0,30,26,86.6,84.9,58.3,0,1,0,2.62,Medium,0.502,Yes,0.323,No
S03792,2026,Fall,Data Science,BS Health Data Science,Undergraduate,Female,Hispanic/Latino,22,In-state,No,Yes,3163.0,27,27,100.0,79.1,78.9,5,0,3,3.85,Low,0.837,Yes,0.755,Yes
S03793,2024,Spring,Health Administration,MHA,Graduate,Male,Black,35,In-state,No,Yes,3019.0,18,17,92.5,74.9,73.7,4,1,2,3.08,Low,0.726,Yes,0.455,No
S03794,2022,Spring,Public Health,BS Public Health,Undergraduate,Female,White,22,Out-of-state,Yes,Yes,332.0,27,27,100.0,89.2,73.2,3,0,4,3.27,Low,0.793,Yes,0.627,Yes
S03795,2023,Spring,Public Health,MPH,Graduate,Male,Asian,27,Out-of-state,Yes,Yes,6457.0,30,30,100.0,82.8,100.0,5,4,2,3.36,Low,0.837,No,0.743,Yes
S03796,2025,Fall,Nutrition,BS Nutrition,Undergraduate,Female,White,22,Out-of-state,No,Yes,10580.0,27,27,100.0,83.5,95.7,4,5,0,4.0,Low,0.843,No,0.824,Yes
S03797,2022,Fall,Nutrition,BS Nutrition,Undergraduate,Female,Black,20,Out-of-state,Yes,Yes,7239.0,33,33,100.0,74.7,65.8,2,3,4,4.0,Low,0.74,No,0.709,No
S03798,2026,Spring,Nutrition,BS Nutrition,Undergraduate,Male,White,21,In-state,Yes,Yes,4044.0,31,31,100.0,79.9,87.7,4,2,3,3.75,Low,0.83,Yes,0.763,Yes
S03799,2022,Spring,Health Administration,MHA,Graduate,Female,Asian,28,Out-of-state,No,Yes,6708.0,21,21,100.0,98.9,98.3,2,3,3,3.71,Low,0.875,Yes,0.795,Yes
S03800,2025,Fall,Public Health,BS Public Health,Undergraduate,Male,Hispanic/Latino,24,Out-of-state,No,Yes,7957.0,33,33,100.0,98.4,48.0,2,1,3,3.48,Low,0.722,Yes,0.666,No
S03801,2025,Spring,Data Science,MS Health Data Science,Graduate,Female,White,33,In-state,Yes,Yes,5033.0,30,27,88.6,59.8,46.9,1,0,2,2.7,High,0.268,No,0.126,No
S03802,2023,Spring,Public Health,BS Public Health,Undergraduate,Female,White,18,In-state,No,No,9819.0,30,30,98.9,100.0,62.1,4,0,0,2.58,Medium,0.606,Yes,0.516,Yes
S03803,2026,Spring,Social Work,BSW,Undergraduate,Female,White,20,International,No,Yes,11705.0,33,31,93.6,76.1,48.9,5,1,1,3.3,Medium,0.548,Yes,0.536,Yes
S03804,2022,Fall,Public Health,BS Public Health,Undergraduate,Female,Black,24,In-state,Yes,Yes,0.0,30,29,97.0,97.4,61.1,0,1,0,2.22,High,0.439,No,0.209,No
S03805,2022,Fall,Public Health,BS Public Health,Undergraduate,Female,White,24,In-state,No,No,6978.0,30,30,100.0,94.1,100.0,2,1,1,3.31,Low,0.819,Yes,0.742,No
S03806,2022,Spring,Data Science,BS Health Data Science,Undergraduate,Male,White,22,In-state,Yes,Yes,2547.0,33,33,100.0,100.0,78.4,3,1,2,3.57,Low,0.854,Yes,0.791,No
S03807,2024,Spring,Data Science,BS Health Data Science,Undergraduate,Female,White,22,In-state,No,No,2194.0,24,24,99.1,67.0,55.6,0,2,0,3.41,Medium,0.534,No,0.391,No
S03808,2025,Spring,Health Administration,BS Health Administration,Undergraduate,Male,White,21,International,Yes,Yes,9394.0,32,32,100.0,86.9,80.2,3,0,3,2.91,Low,0.69,Yes,0.577,Yes
S03809,2024,Spring,Health Administration,MHA,Graduate,Female,White,29,Out-of-state,No,No,3357.0,21,21,100.0,96.7,86.7,3,4,2,3.59,Low,0.867,Yes,0.75,No
S03810,2024,Fall,Health Administration,BS Health Administration,Undergraduate,Female,Asian,24,In-state,No,No,6521.0,31,31,100.0,96.9,57.7,1,0,1,3.57,Low,0.748,Yes,0.679,Yes
S03811,2024,Spring,Health Administration,MHA,Graduate,Female,White,34,In-state,No,No,11345.0,30,30,100.0,64.3,31.4,0,0,0,3.29,High,0.256,No,0.194,Yes
S03812,2022,Fall,Health Administration,MHA,Graduate,Female,White,32,In-state,No,No,10059.0,30,30,100.0,95.8,60.9,2,3,3,3.25,Low,0.715,Yes,0.62,No
S03813,2022,Fall,Data Science,MS Health Data Science,Graduate,Female,White,30,In-state,No,Yes,1552.0,30,28,91.8,82.4,42.8,0,0,1,3.17,Medium,0.562,No,0.403,No
S03814,2024,Fall,Health Administration,BS Health Administration,Undergraduate,Female,Hispanic/Latino,19,International,No,No,10315.0,32,32,100.0,71.7,38.7,0,0,3,3.95,High,0.398,No,0.402,Yes
S03815,2025,Fall,Nutrition,BS Nutrition,Undergraduate,Male,Hispanic/Latino,19,In-state,No,No,4820.0,32,32,100.0,93.8,54.6,0,1,2,3.51,Low,0.716,Yes,0.625,Yes
S03816,2026,Fall,Social Work,BSW,Undergraduate,Female,Multiracial,21,In-state,No,Yes,8174.0,33,33,99.0,83.6,84.4,2,1,1,3.11,Low,0.708,No,0.609,No
S03817,2023,Fall,Nutrition,BS Nutrition,Undergraduate,Female,White,24,In-state,Yes,Yes,8088.0,30,30,100.0,88.5,94.0,7,5,0,3.22,Low,0.832,Yes,0.758,Yes
S03818,2024,Spring,Nutrition,BS Nutrition,Undergraduate,Female,White,18,In-state,Yes,No,12200.0,27,26,95.6,92.1,88.2,4,2,2,2.39,High,0.489,Yes,0.342,Yes
S03819,2022,Fall,Data Science,BS Health Data Science,Undergraduate,Male,White,23,International,Yes,Yes,13429.0,30,30,100.0,84.3,97.7,5,0,0,2.92,Low,0.73,Yes,0.648,Yes
S03820,2023,Spring,Social Work,MSW,Graduate,Male,Multiracial,24,International,Yes,Yes,8145.0,21,21,100.0,90.9,91.8,4,4,1,3.85,Low,0.867,Yes,0.798,No
S03821,2025,Fall,Social Work,BSW,Undergraduate,Female,White,18,In-state,Yes,Yes,3709.0,30,24,80.0,79.1,86.2,4,0,0,2.61,Medium,0.639,No,0.442,Yes
S03822,2023,Fall,Health Administration,BS Health Administration,Undergraduate,Male,Hispanic/Latino,21,In-state,Yes,Yes,8891.0,33,32,97.4,88.1,61.0,2,5,1,4.0,Low,0.77,No,0.756,No
S03823,2024,Spring,Public Health,BS Public Health,Undergraduate,Female,Asian,19,In-state,No,Yes,6425.0,30,30,100.0,98.7,79.5,1,2,2,3.63,Low,0.814,Yes,0.758,Yes
S03824,2025,Fall,Public Health,BS Public Health,Undergraduate,Female,Asian,23,Out-of-state,Yes,Yes,14016.0,24,22,92.3,75.0,50.8,0,2,1,2.42,High,0.211,No,0.12,No
S03825,2024,Fall,Health Administration,BS Health Administration,Undergraduate,Female,Other/Unknown,22,In-state,No,Yes,2931.0,30,30,98.6,88.1,58.0,3,4,0,2.9,Low,0.684,Yes,0.493,Yes
S03826,2025,Fall,Nutrition,BS Nutrition,Undergraduate,Male,Hispanic/Latino,22,In-state,Yes,Yes,10689.0,27,24,87.6,93.8,65.6,5,3,2,2.81,Medium,0.632,Yes,0.536,Yes
S03827,2026,Fall,Nutrition,MS Nutrition,Graduate,Male,Black,24,In-state,No,No,13348.0,30,30,100.0,64.1,35.7,0,2,2,3.63,High,0.295,No,0.267,No
S03828,2025,Spring,Social Work,BSW,Undergraduate,Male,Black,21,In-state,No,No,11656.0,33,32,96.6,95.4,91.0,3,1,2,3.12,Low,0.765,Yes,0.709,Yes
S03829,2022,Spring,Health Administration,BS Health Administration,Undergraduate,Male,Asian,21,In-state,Yes,Yes,6031.0,32,32,100.0,80.7,63.4,3,3,0,3.5,Low,0.72,Yes,0.631,No
S03830,2025,Fall,Data Science,BS Health Data Science,Undergraduate,Female,Black,23,In-state,Yes,No,4007.0,32,32,100.0,89.8,62.6,3,0,1,3.78,Low,0.802,Yes,0.741,No
S03831,2022,Spring,Data Science,BS Health Data Science,Undergraduate,Female,White,23,In-state,No,Yes,4348.0,24,23,97.6,78.8,71.5,1,0,4,3.75,Low,0.748,No,0.619,Yes
S03832,2025,Spring,Social Work,BSW,Undergraduate,Female,White,20,In-state,Yes,Yes,7405.0,32,32,100.0,94.3,73.1,4,1,1,3.94,Low,0.845,Yes,0.826,Yes
S03833,2026,Fall,Data Science,BS Health Data Science,Undergraduate,Male,Hispanic/Latino,22,Out-of-state,No,Yes,10259.0,32,30,95.1,62.3,84.6,0,2,1,2.87,High,0.336,No,0.235,No
S03834,2026,Spring,Health Administration,BS Health Administration,Undergraduate,Female,Hispanic/Latino,20,In-state,No,No,13667.0,30,28,94.4,62.7,69.9,3,1,1,2.27,High,0.239,No,0.141,No
S03835,2025,Spring,Public Health,MS Epidemiology,Graduate,Female,White,27,In-state,No,No,4117.0,21,21,100.0,87.4,74.3,1,3,0,3.6,Low,0.787,Yes,0.632,Yes
S03836,2023,Spring,Nutrition,BS Nutrition,Undergraduate,Female,White,24,In-state,No,No,5976.0,27,23,84.3,90.6,91.7,4,3,1,2.94,Low,0.782,Yes,0.612,Yes
S03837,2026,Spring,Nutrition,MS Nutrition,Graduate,Female,White,26,In-state,Yes,No,7884.0,30,30,100.0,74.8,84.8,4,3,3,4.0,Low,0.822,Yes,0.777,Yes
S03838,2024,Fall,Nutrition,BS Nutrition,Undergraduate,Female,Asian,23,Out-of-state,Yes,Yes,4646.0,32,32,99.3,97.4,48.5,2,0,2,2.01,Medium,0.465,Yes,0.289,Yes
S03839,2026,Fall,Data Science,MS Health Data Science,Graduate,Female,Asian,31,In-state,Yes,No,4272.0,30,29,98.0,78.2,82.1,2,0,2,3.42,Low,0.763,Yes,0.623,No
S03840,2022,Spring,Data Science,MS Health Data Science,Graduate,Male,White,29,In-state,No,No,7711.0,18,17,96.1,83.4,64.9,2,2,3,3.43,Low,0.714,No,0.528,No
S03841,2026,Spring,Data Science,BS Health Data Science,Undergraduate,Female,White,21,Out-of-state,No,Yes,3272.0,24,24,100.0,80.1,92.2,3,0,3,3.43,Low,0.802,Yes,0.658,Yes
S03842,2026,Fall,Data Science,MS Health Data Science,Graduate,Female,White,38,Out-of-state,No,No,9225.0,27,26,97.3,100.0,67.5,2,1,0,3.21,Low,0.752,Yes,0.634,Yes
S03843,2022,Fall,Public Health,BS Public Health,Undergraduate,Female,White,19,International,Yes,Yes,6693.0,31,28,89.3,62.9,57.1,2,1,2,3.43,Medium,0.516,No,0.438,No
S03844,2024,Spring,Nutrition,BS Nutrition,Undergraduate,Female,White,21,International,No,Yes,5242.0,27,24,90.7,55.8,65.6,0,0,1,2.77,High,0.278,No,0.135,No
S03845,2026,Fall,Social Work,BSW,Undergraduate,Female,Multiracial,22,In-state,Yes,Yes,9809.0,24,21,88.7,80.0,64.9,1,4,0,2.4,High,0.315,No,0.162,No
S03846,2023,Fall,Health Administration,MHA,Graduate,Male,White,33,In-state,No,No,5929.0,27,27,100.0,95.8,53.1,0,1,4,3.79,Low,0.762,Yes,0.671,Yes
S03847,2026,Spring,Public Health,MS Epidemiology,Graduate,Male,Hispanic/Latino,30,Out-of-state,Yes,Yes,7598.0,27,25,94.2,70.8,49.8,3,3,2,3.22,Low,0.592,No,0.411,Yes
S03848,2026,Spring,Social Work,BSW,Undergraduate,Male,Hispanic/Latino,21,In-state,No,No,11818.0,33,33,100.0,85.3,58.9,3,3,0,3.53,Low,0.684,Yes,0.656,Yes
S03849,2022,Fall,Public Health,MPH,Graduate,Male,Black,30,In-state,Yes,No,6889.0,27,27,100.0,88.6,55.2,5,1,0,4.0,Low,0.823,Yes,0.766,No
S03850,2022,Spring,Social Work,MSW,Graduate,Male,White,25,In-state,Yes,No,12999.0,27,27,100.0,91.4,91.6,4,0,0,4.0,Low,0.856,Yes,0.844,No
S03851,2023,Spring,Data Science,BS Health Data Science,Undergraduate,Female,Black,18,Out-of-state,No,Yes,0.0,30,30,100.0,96.9,78.0,3,0,2,3.51,Low,0.853,No,0.753,Yes
S03852,2024,Spring,Nutrition,BS Nutrition,Undergraduate,Male,White,22,Out-of-state,No,Yes,5409.0,33,33,100.0,87.3,70.5,6,1,1,3.01,Low,0.757,No,0.634,Yes
S03853,2024,Spring,Health Administration,BS Health Administration,Undergraduate,Female,Hispanic/Latino,19,In-state,Yes,Yes,8878.0,31,31,100.0,76.3,78.3,3,2,1,3.28,Low,0.69,Yes,0.594,No
S03854,2026,Fall,Nutrition,MS Nutrition,Graduate,Female,Asian,44,Out-of-state,No,No,10758.0,21,21,99.2,79.1,70.8,4,3,1,2.92,Medium,0.589,No,0.452,No
S03855,2025,Spring,Nutrition,BS Nutrition,Undergraduate,Female,Multiracial,20,In-state,Yes,Yes,4396.0,31,27,87.8,72.4,90.7,2,0,0,3.09,Low,0.703,Yes,0.52,Yes
S03856,2024,Fall,Social Work,BSW,Undergraduate,Female,White,20,In-state,Yes,Yes,2419.0,27,27,100.0,71.4,69.7,0,3,1,3.47,Medium,0.614,Yes,0.5,Yes
S03857,2022,Spring,Nutrition,BS Nutrition,Undergraduate,Female,White,21,In-state,No,No,9375.0,27,26,95.7,79.2,86.2,2,2,2,3.2,Low,0.695,No,0.57,Yes
S03858,2025,Fall,Social Work,MSW,Graduate,Male,White,22,Out-of-state,Yes,Yes,1046.0,30,29,96.1,86.6,55.7,2,1,0,3.53,Low,0.766,No,0.611,No
S03859,2024,Fall,Health Administration,BS Health Administration,Undergraduate,Male,Black,22,In-state,Yes,Yes,6373.0,33,31,93.7,80.0,64.3,2,3,1,3.1,Low,0.644,No,0.503,No
S03860,2024,Fall,Social Work,BSW,Undergraduate,Female,White,18,Out-of-state,No,No,8122.0,32,32,99.1,77.4,93.9,0,2,2,3.36,Medium,0.653,Yes,0.621,No
S03861,2023,Fall,Data Science,BS Health Data Science,Undergraduate,Male,Asian,21,Out-of-state,Yes,Yes,8393.0,32,32,100.0,93.5,86.5,2,4,1,3.61,Low,0.81,Yes,0.771,Yes
S03862,2023,Fall,Public Health,BS Public Health,Undergraduate,Female,Hispanic/Latino,23,In-state,Yes,No,11557.0,31,31,100.0,82.8,63.9,2,0,0,3.41,Low,0.655,No,0.599,No
S03863,2023,Fall,Data Science,BS Health Data Science,Undergraduate,Female,Other/Unknown,22,In-state,No,No,10361.0,27,27,100.0,79.7,94.4,5,2,1,3.56,Medium,0.757,No,0.741,Yes
S03864,2023,Fall,Nutrition,MS Nutrition,Graduate,Female,White,31,In-state,No,Yes,1303.0,24,24,100.0,80.7,81.9,0,0,0,4.0,Low,0.826,Yes,0.709,Yes
S03865,2026,Spring,Health Administration,BS Health Administration,Undergraduate,Male,Hispanic/Latino,21,In-state,No,Yes,3065.0,27,27,100.0,87.9,54.1,3,0,2,3.57,Low,0.758,Yes,0.633,Yes
S03866,2025,Spring,Data Science,MS Health Data Science,Graduate,Female,White,38,International,Yes,Yes,7051.0,18,18,100.0,93.1,67.0,5,2,4,4.0,Low,0.858,Yes,0.777,Yes
S03867,2026,Spring,Public Health,MPH,Graduate,Female,White,23,In-state,Yes,Yes,6075.0,30,27,89.1,71.1,65.6,2,2,1,3.03,Low,0.613,Yes,0.409,Yes
S03868,2023,Fall,Data Science,BS Health Data Science,Undergraduate,Female,White,23,In-state,No,Yes,2428.0,33,33,100.0,90.4,60.1,3,0,1,4.0,Low,0.83,Yes,0.783,No
S03869,2024,Spring,Nutrition,BS Nutrition,Undergraduate,Male,White,21,Out-of-state,Yes,No,8652.0,27,25,93.9,66.4,41.5,2,1,1,3.49,High,0.362,No,0.272,No
S03870,2025,Fall,Public Health,MS Epidemiology,Graduate,Female,White,30,In-state,Yes,Yes,9173.0,24,24,100.0,91.7,69.7,4,3,2,4.0,Low,0.837,No,0.788,Yes
S03871,2025,Fall,Social Work,BSW,Undergraduate,Nonbinary,White,20,In-state,No,Yes,5756.0,32,32,100.0,100.0,87.3,3,1,1,3.14,Low,0.815,Yes,0.727,Yes
S03872,2026,Spring,Public Health,BS Public Health,Undergraduate,Female,Hispanic/Latino,24,Out-of-state,Yes,No,8671.0,31,30,97.0,81.0,63.8,3,2,2,3.35,Low,0.68,Yes,0.584,No
S03873,2025,Fall,Social Work,BSW,Undergraduate,Female,White,23,In-state,Yes,Yes,3368.0,24,24,100.0,88.7,100.0,4,3,1,3.22,Low,0.837,Yes,0.699,Yes
S03874,2023,Spring,Social Work,BSW,Undergraduate,Female,Asian,22,In-state,No,Yes,3987.0,30,30,100.0,76.5,78.0,2,5,1,3.15,Low,0.696,No,0.534,Yes
S03875,2024,Spring,Public Health,MS Epidemiology,Graduate,Male,Hispanic/Latino,36,In-state,Yes,Yes,5259.0,27,26,97.8,65.0,68.8,2,0,4,3.36,Medium,0.59,Yes,0.462,Yes
S03876,2022,Spring,Data Science,BS Health Data Science,Undergraduate,Male,Hispanic/Latino,20,International,No,No,12852.0,30,26,88.2,77.8,52.7,0,5,2,2.66,High,0.264,Yes,0.175,No
S03877,2025,Fall,Public Health,MS Epidemiology,Graduate,Female,White,32,Out-of-state,No,Yes,5522.0,21,20,93.3,82.3,40.6,4,0,2,3.35,Low,0.678,Yes,0.472,No
S03878,2026,Spring,Social Work,MSW,Graduate,Female,Other/Unknown,30,Out-of-state,Yes,Yes,1630.0,21,21,100.0,69.6,67.7,3,2,2,3.34,Medium,0.66,No,0.472,Yes
S03879,2025,Fall,Data Science,MS Health Data Science,Graduate,Male,White,30,In-state,Yes,No,6704.0,27,27,98.9,67.8,79.0,4,3,3,2.82,High,0.468,No,0.284,Yes
S03880,2025,Fall,Public Health,BS Public Health,Undergraduate,Female,Black,21,In-state,No,Yes,3048.0,32,27,85.9,71.3,52.6,0,0,1,2.08,High,0.239,No,0.091,No
S03881,2024,Spring,Data Science,BS Health Data Science,Undergraduate,Female,Hispanic/Latino,24,Out-of-state,No,No,9187.0,31,28,89.8,79.7,75.6,2,4,1,3.04,Low,0.644,Yes,0.507,Yes
S03882,2026,Spring,Health Administration,MHA,Graduate,Female,Black,28,In-state,No,No,7443.0,30,29,96.3,63.2,51.8,2,2,1,2.67,Medium,0.39,No,0.252,Yes
S03883,2024,Spring,Public Health,BS Public Health,Undergraduate,Female,Black,23,In-state,No,Yes,5642.0,32,31,97.5,78.4,61.2,2,0,0,3.45,Low,0.684,Yes,0.574,No
S03884,2025,Fall,Data Science,BS Health Data Science,Undergraduate,Male,White,22,In-state,Yes,No,7361.0,27,27,100.0,100.0,100.0,3,3,2,3.23,Low,0.839,Yes,0.755,Yes
S03885,2026,Fall,Public Health,MS Epidemiology,Graduate,Female,White,26,In-state,No,Yes,0.0,18,18,100.0,82.7,51.9,3,3,1,4.0,Low,0.814,Yes,0.649,Yes
S03886,2025,Spring,Data Science,BS Health Data Science,Undergraduate,Female,Black,21,In-state,No,Yes,6452.0,33,27,82.9,64.9,57.6,0,0,2,2.52,High,0.254,Yes,0.127,No
S03887,2025,Spring,Data Science,BS Health Data Science,Undergraduate,Male,White,22,Out-of-state,No,Yes,5975.0,33,29,88.4,77.0,88.6,0,2,1,2.95,Medium,0.592,Yes,0.477,No
S03888,2025,Spring,Health Administration,MHA,Graduate,Female,White,26,In-state,Yes,Yes,6534.0,27,26,95.4,81.0,60.5,4,0,1,2.97,Low,0.671,Yes,0.472,Yes
S03889,2024,Fall,Public Health,MPH,Graduate,Female,White,31,In-state,Yes,No,8540.0,21,21,100.0,91.7,75.8,3,4,2,3.94,Low,0.836,Yes,0.766,Yes
S03890,2024,Spring,Nutrition,BS Nutrition,Undergraduate,Female,White,22,In-state,Yes,Yes,0.0,31,31,100.0,93.3,81.7,5,5,1,2.81,Low,0.807,Yes,0.627,Yes
S03891,2022,Spring,Health Administration,BS Health Administration,Undergraduate,Male,White,19,Out-of-state,Yes,Yes,5143.0,30,29,96.3,68.4,71.8,5,0,2,2.8,High,0.459,No,0.289,Yes
S03892,2022,Spring,Health Administration,BS Health Administration,Undergraduate,Female,Other/Unknown,21,In-state,No,Yes,6355.0,30,30,100.0,84.1,78.3,5,1,0,2.69,Low,0.7,Yes,0.522,No
S03893,2025,Fall,Social Work,BSW,Undergraduate,Male,Multiracial,20,In-state,No,No,8298.0,27,27,100.0,79.2,51.0,4,0,1,4.0,Low,0.742,Yes,0.692,No
S03894,2025,Spring,Nutrition,BS Nutrition,Undergraduate,Female,White,18,In-state,No,Yes,1434.0,33,33,100.0,74.3,66.8,4,1,0,3.64,Low,0.771,Yes,0.664,No
S03895,2022,Spring,Data Science,BS Health Data Science,Undergraduate,Male,White,19,Out-of-state,No,Yes,5485.0,33,31,92.6,95.6,64.8,1,2,1,3.35,Low,0.743,Yes,0.644,Yes
S03896,2026,Spring,Nutrition,BS Nutrition,Undergraduate,Female,Black,18,In-state,No,No,12095.0,30,29,96.8,84.7,83.4,3,5,0,3.5,Low,0.745,Yes,0.7,Yes
S03897,2025,Spring,Health Administration,BS Health Administration,Undergraduate,Female,White,24,In-state,No,Yes,2857.0,30,30,100.0,77.8,51.3,0,3,2,3.01,Medium,0.508,No,0.376,Yes
S03898,2022,Fall,Public Health,BS Public Health,Undergraduate,Female,Asian,20,Out-of-state,Yes,Yes,8591.0,24,22,92.6,99.7,87.6,4,1,1,3.44,Low,0.838,Yes,0.756,Yes
S03899,2024,Spring,Data Science,BS Health Data Science,Undergraduate,Female,Hispanic/Latino,19,International,No,No,8634.0,33,33,100.0,81.0,87.7,2,0,2,3.96,Low,0.803,Yes,0.787,Yes
S03900,2026,Fall,Public Health,BS Public Health,Undergraduate,Female,White,25,Out-of-state,No,Yes,5889.0,33,32,97.2,67.7,63.9,3,0,3,3.95,Medium,0.672,Yes,0.667,Yes
S03901,2022,Fall,Public Health,MPH,Graduate,Female,White,26,Out-of-state,No,No,10482.0,24,24,100.0,85.6,63.9,1,0,0,3.5,Low,0.69,No,0.577,Yes
S03902,2022,Spring,Public Health,BS Public Health,Undergraduate,Female,Hispanic/Latino,23,In-state,No,No,8252.0,30,24,79.8,92.2,65.9,2,0,3,2.86,Medium,0.598,No,0.479,No
S03903,2024,Spring,Nutrition,BS Nutrition,Undergraduate,Female,White,22,In-state,No,No,3270.0,33,33,99.6,86.0,65.8,1,0,1,2.56,Low,0.608,Yes,0.398,No
S03904,2022,Fall,Public Health,BS Public Health,Undergraduate,Female,White,20,In-state,No,Yes,6741.0,24,22,91.2,80.9,84.2,3,1,0,2.45,Low,0.63,Yes,0.376,Yes
S03905,2022,Fall,Nutrition,BS Nutrition,Undergraduate,Male,Asian,20,Out-of-state,No,No,7651.0,24,23,96.2,92.6,60.5,2,0,1,3.63,Low,0.752,No,0.654,No
S03906,2022,Fall,Social Work,BSW,Undergraduate,Male,White,18,Out-of-state,No,No,9334.0,24,24,100.0,98.7,84.6,3,1,1,3.4,Low,0.809,Yes,0.728,Yes
S03907,2026,Fall,Data Science,MS Health Data Science,Graduate,Male,White,43,In-state,Yes,Yes,1238.0,27,22,80.8,80.3,55.9,4,0,1,3.33,Low,0.745,No,0.52,Yes
S03908,2024,Spring,Public Health,BS Public Health,Undergraduate,Nonbinary,White,20,In-state,No,Yes,3447.0,31,31,100.0,100.0,80.3,4,1,0,3.47,Low,0.855,Yes,0.784,Yes
S03909,2023,Spring,Social Work,MSW,Graduate,Female,Hispanic/Latino,33,In-state,No,Yes,6698.0,21,20,94.5,75.3,58.9,3,1,3,3.44,Low,0.685,Yes,0.497,Yes
S03910,2025,Fall,Social Work,BSW,Undergraduate,Female,White,21,In-state,No,Yes,3300.0,31,28,90.5,77.1,39.7,0,1,1,2.86,High,0.33,No,0.185,Yes
S03911,2024,Spring,Health Administration,MHA,Graduate,Female,Asian,27,Out-of-state,No,No,10316.0,24,24,100.0,88.2,78.2,3,1,1,3.69,Low,0.795,Yes,0.72,Yes
S03912,2026,Spring,Data Science,BS Health Data Science,Undergraduate,Female,White,21,In-state,No,No,6901.0,24,21,87.6,79.1,27.7,2,2,3,2.86,Medium,0.409,No,0.266,No
S03913,2026,Spring,Nutrition,MS Nutrition,Graduate,Female,Hispanic/Latino,29,In-state,No,No,11138.0,18,17,94.1,68.6,68.1,4,2,1,2.98,Medium,0.529,Yes,0.373,No
S03914,2023,Spring,Nutrition,BS Nutrition,Undergraduate,Female,White,22,In-state,No,Yes,1609.0,33,33,100.0,100.0,100.0,6,1,0,3.85,Low,0.926,Yes,0.897,Yes
S03915,2022,Spring,Social Work,BSW,Undergraduate,Female,Multiracial,22,In-state,No,No,3961.0,27,26,95.5,84.2,70.7,4,0,3,3.16,Low,0.745,Yes,0.577,Yes
S03916,2023,Spring,Public Health,BS Public Health,Undergraduate,Female,Black,23,In-state,Yes,No,6739.0,31,31,100.0,82.8,79.3,2,0,2,3.27,Low,0.723,Yes,0.616,Yes
S03917,2026,Spring,Social Work,MSW,Graduate,Female,Hispanic/Latino,26,In-state,No,Yes,2903.0,24,23,97.1,100.0,52.2,0,2,3,3.35,Low,0.747,Yes,0.562,Yes
S03918,2024,Fall,Data Science,BS Health Data Science,Undergraduate,Female,White,19,Out-of-state,Yes,Yes,7302.0,31,28,89.3,73.2,81.8,0,0,3,3.23,Medium,0.58,No,0.497,No
S03919,2026,Fall,Social Work,BSW,Undergraduate,Male,White,18,In-state,Yes,No,6775.0,31,27,86.7,88.9,75.7,0,2,0,2.53,Medium,0.537,Yes,0.386,No
S03920,2022,Fall,Nutrition,MS Nutrition,Graduate,Female,Hispanic/Latino,28,In-state,No,No,9582.0,24,19,78.5,67.1,42.1,2,2,2,2.65,High,0.26,No,0.121,No
S03921,2022,Fall,Health Administration,BS Health Administration,Undergraduate,Male,White,22,International,No,Yes,10800.0,30,29,96.2,70.3,88.3,0,2,1,2.82,High,0.376,Yes,0.269,No
S03922,2026,Fall,Health Administration,MHA,Graduate,Female,White,24,In-state,No,No,7554.0,30,28,94.4,72.6,88.6,3,5,2,3.68,Low,0.778,No,0.686,Yes
S03923,2026,Fall,Social Work,MSW,Graduate,Male,Black,39,Out-of-state,No,Yes,5586.0,27,27,100.0,75.3,76.2,0,4,4,3.82,Medium,0.695,Yes,0.636,Yes
S03924,2023,Spring,Nutrition,BS Nutrition,Undergraduate,Female,White,18,International,Yes,Yes,7062.0,32,32,99.0,83.5,74.2,0,0,2,3.14,Low,0.656,Yes,0.535,Yes
S03925,2024,Fall,Data Science,MS Health Data Science,Graduate,Female,Black,31,Out-of-state,No,Yes,4799.0,24,24,100.0,92.7,91.9,3,3,0,3.64,Low,0.862,Yes,0.767,Yes
S03926,2024,Fall,Data Science,MS Health Data Science,Graduate,Male,Other/Unknown,36,Out-of-state,No,No,9891.0,30,30,100.0,93.6,92.8,6,0,0,4.0,Low,0.894,Yes,0.88,No
S03927,2025,Fall,Data Science,MS Health Data Science,Graduate,Male,Asian,27,In-state,Yes,No,8032.0,21,20,97.6,96.8,42.6,5,0,3,3.74,Low,0.791,Yes,0.685,Yes
S03928,2023,Spring,Public Health,BS Public Health,Undergraduate,Female,Other/Unknown,22,In-state,Yes,Yes,3957.0,24,23,95.4,91.7,46.6,2,3,0,2.72,Low,0.611,Yes,0.37,Yes
S03929,2025,Fall,Public Health,MS Epidemiology,Graduate,Male,White,29,International,No,Yes,6248.0,24,22,92.2,69.9,61.1,4,1,0,3.34,Medium,0.617,Yes,0.478,No
S03930,2025,Spring,Data Science,BS Health Data Science,Undergraduate,Female,White,25,In-state,Yes,Yes,2844.0,27,23,84.3,77.3,60.9,0,1,3,2.33,High,0.324,Yes,0.134,No
S03931,2023,Fall,Data Science,MS Health Data Science,Graduate,Female,White,24,In-state,Yes,No,9313.0,24,20,83.5,81.0,53.0,5,2,2,2.35,Medium,0.48,Yes,0.283,No
S03932,2026,Fall,Nutrition,BS Nutrition,Undergraduate,Female,Asian,22,International,No,Yes,4438.0,31,26,84.0,61.8,72.5,4,2,2,2.49,Medium,0.474,Yes,0.283,No
S03933,2024,Fall,Health Administration,BS Health Administration,Undergraduate,Female,White,20,International,No,No,7278.0,27,27,100.0,76.0,100.0,6,1,0,3.2,Low,0.794,Yes,0.676,Yes
S03934,2024,Spring,Social Work,MSW,Graduate,Female,White,30,In-state,No,No,7814.0,27,24,89.7,90.4,74.7,4,2,2,2.81,Low,0.723,Yes,0.525,No
S03935,2026,Fall,Social Work,BSW,Undergraduate,Male,Asian,24,Out-of-state,Yes,Yes,5052.0,31,25,80.3,60.3,65.5,0,2,2,1.79,High,0.185,No,0.06,No
S03936,2024,Spring,Data Science,MS Health Data Science,Graduate,Female,Multiracial,37,In-state,No,Yes,4052.0,21,21,99.0,86.7,78.1,3,1,3,3.27,Low,0.784,Yes,0.595,Yes
S03937,2026,Spring,Nutrition,MS Nutrition,Graduate,Male,White,35,In-state,Yes,Yes,8444.0,27,27,100.0,85.4,68.3,4,0,2,3.61,Low,0.777,Yes,0.689,No
S03938,2026,Spring,Social Work,BSW,Undergraduate,Male,Asian,19,Out-of-state,No,No,10773.0,24,24,100.0,88.6,50.8,4,0,0,3.01,Low,0.626,Yes,0.483,Yes
S03939,2025,Spring,Data Science,BS Health Data Science,Undergraduate,Female,White,19,Out-of-state,No,No,10111.0,24,24,100.0,99.4,85.8,3,0,0,3.67,Low,0.835,Yes,0.788,Yes
S03940,2024,Fall,Social Work,BSW,Undergraduate,Female,Black,19,Out-of-state,No,Yes,9748.0,24,24,100.0,99.3,59.5,5,2,1,2.79,Medium,0.646,Yes,0.543,Yes
S03941,2023,Fall,Social Work,BSW,Undergraduate,Female,White,19,Out-of-state,No,No,16602.0,32,32,100.0,88.1,70.1,7,1,2,3.34,Low,0.73,Yes,0.724,No
S03942,2026,Spring,Public Health,MPH,Graduate,Female,White,34,In-state,No,Yes,3971.0,18,17,96.1,76.8,72.5,2,3,1,3.81,Low,0.781,Yes,0.61,No
S03943,2023,Spring,Social Work,BSW,Undergraduate,Male,Black,23,In-state,No,Yes,0.0,33,26,79.7,86.6,56.4,1,1,0,1.64,Medium,0.401,Yes,0.158,No
S03944,2024,Spring,Public Health,MS Epidemiology,Graduate,Female,Black,33,In-state,No,Yes,5032.0,27,27,100.0,80.0,75.1,2,0,3,4.0,Low,0.812,Yes,0.733,No
S03945,2023,Spring,Data Science,BS Health Data Science,Undergraduate,Male,White,22,In-state,Yes,Yes,8143.0,27,25,91.7,82.2,59.6,4,2,1,2.96,Low,0.638,No,0.466,No
S03946,2024,Spring,Health Administration,BS Health Administration,Undergraduate,Female,Asian,22,In-state,No,No,4009.0,24,24,99.3,83.1,72.5,2,4,2,3.05,Low,0.697,Yes,0.494,Yes
S03947,2023,Spring,Social Work,BSW,Undergraduate,Male,Hispanic/Latino,18,In-state,No,Yes,6866.0,32,32,100.0,93.2,89.6,3,1,2,3.2,Low,0.796,No,0.711,Yes
S03948,2026,Fall,Nutrition,MS Nutrition,Graduate,Female,Black,35,In-state,Yes,Yes,4821.0,24,23,96.8,75.9,72.5,2,0,4,2.92,Low,0.655,No,0.411,No
S03949,2023,Spring,Nutrition,MS Nutrition,Graduate,Female,Black,26,Out-of-state,Yes,No,14950.0,27,26,96.9,77.2,67.9,1,0,1,2.54,Medium,0.406,Yes,0.309,No
S03950,2023,Spring,Nutrition,BS Nutrition,Undergraduate,Male,Hispanic/Latino,20,Out-of-state,No,Yes,6581.0,24,24,100.0,73.0,71.6,1,2,1,2.85,Medium,0.509,No,0.36,No
S03951,2024,Spring,Social Work,BSW,Undergraduate,Female,Hispanic/Latino,20,In-state,Yes,Yes,4300.0,27,27,98.2,71.9,80.2,2,1,2,3.01,Low,0.659,Yes,0.46,No
S03952,2026,Fall,Health Administration,MHA,Graduate,Male,Hispanic/Latino,27,Out-of-state,Yes,Yes,10777.0,24,24,100.0,86.2,79.7,2,0,3,3.34,Low,0.732,Yes,0.615,Yes
S03953,2025,Fall,Nutrition,MS Nutrition,Graduate,Female,White,30,In-state,Yes,Yes,8395.0,18,18,100.0,100.0,75.0,1,3,2,3.69,Low,0.815,Yes,0.707,Yes
S03954,2025,Spring,Data Science,BS Health Data Science,Undergraduate,Male,Asian,21,In-state,Yes,Yes,5869.0,32,32,100.0,94.5,70.5,2,0,1,2.95,Low,0.715,No,0.58,No
S03955,2025,Fall,Health Administration,BS Health Administration,Undergraduate,Female,Asian,26,In-state,Yes,Yes,3182.0,30,30,100.0,73.4,57.6,2,5,1,3.43,Low,0.666,No,0.518,Yes
S03956,2024,Spring,Health Administration,MHA,Graduate,Female,Multiracial,30,In-state,Yes,Yes,1936.0,27,26,96.6,98.2,85.1,3,2,3,3.17,Low,0.841,Yes,0.687,Yes
S03957,2022,Fall,Nutrition,BS Nutrition,Undergraduate,Male,White,19,In-state,Yes,Yes,2097.0,27,27,100.0,87.3,84.1,5,2,2,3.79,Low,0.869,No,0.793,Yes
S03958,2026,Spring,Nutrition,BS Nutrition,Undergraduate,Female,White,22,In-state,Yes,Yes,5884.0,30,30,100.0,66.5,96.3,0,0,0,2.83,High,0.432,No,0.279,No
S03959,2022,Spring,Public Health,MS Epidemiology,Graduate,Female,Multiracial,34,In-state,No,Yes,2008.0,21,21,100.0,89.4,71.1,3,2,3,3.75,Low,0.838,Yes,0.702,Yes
S03960,2023,Fall,Public Health,BS Public Health,Undergraduate,Female,Black,23,In-state,No,No,2498.0,32,30,93.8,83.0,53.2,2,4,3,3.91,Low,0.766,Yes,0.681,Yes
S03961,2025,Fall,Social Work,BSW,Undergraduate,Female,Hispanic/Latino,21,In-state,No,No,3571.0,33,29,88.4,81.1,60.0,4,3,1,2.49,Low,0.606,Yes,0.365,Yes
S03962,2023,Spring,Nutrition,BS Nutrition,Undergraduate,Male,White,25,In-state,No,Yes,2778.0,30,25,84.6,75.8,59.4,3,3,2,2.86,Medium,0.561,Yes,0.381,No
S03963,2023,Fall,Nutrition,BS Nutrition,Undergraduate,Female,White,23,In-state,Yes,Yes,6142.0,33,32,95.9,100.0,62.9,3,0,2,3.63,Low,0.809,Yes,0.76,Yes
S03964,2022,Spring,Public Health,BS Public Health,Undergraduate,Female,Black,20,In-state,Yes,Yes,0.0,30,23,76.3,71.2,66.9,2,1,1,2.18,High,0.352,No,0.127,No
S03965,2023,Fall,Health Administration,BS Health Administration,Undergraduate,Male,Black,20,In-state,No,No,12808.0,27,26,97.9,98.0,70.6,4,0,1,3.74,Low,0.801,Yes,0.778,Yes
S03966,2025,Spring,Health Administration,BS Health Administration,Undergraduate,Female,Hispanic/Latino,22,In-state,Yes,No,12526.0,30,30,100.0,84.2,96.2,0,4,2,2.84,Medium,0.575,Yes,0.525,No
S03967,2023,Spring,Data Science,BS Health Data Science,Undergraduate,Female,Hispanic/Latino,20,In-state,Yes,Yes,6976.0,32,32,100.0,95.2,78.0,0,0,2,2.13,High,0.402,No,0.236,Yes
S03968,2024,Fall,Health Administration,MHA,Graduate,Female,White,26,In-state,Yes,No,2935.0,24,24,100.0,92.3,80.5,4,2,1,3.35,Low,0.836,Yes,0.691,Yes
S03969,2026,Spring,Social Work,BSW,Undergraduate,Male,White,22,In-state,No,No,3532.0,31,27,86.3,94.0,89.8,1,0,1,2.48,Low,0.709,Yes,0.473,Yes
S03970,2024,Spring,Nutrition,BS Nutrition,Undergraduate,Nonbinary,Black,20,In-state,Yes,No,5518.0,33,33,100.0,91.5,81.2,2,4,0,2.58,Low,0.685,Yes,0.51,No
S03971,2024,Spring,Health Administration,BS Health Administration,Undergraduate,Female,Other/Unknown,21,In-state,No,Yes,11784.0,31,30,95.5,79.0,71.6,3,2,3,2.98,Medium,0.552,No,0.505,Yes
S03972,2025,Fall,Data Science,BS Health Data Science,Undergraduate,Female,White,22,In-state,Yes,Yes,8429.0,32,30,92.7,78.9,92.7,2,0,1,3.06,Low,0.702,Yes,0.579,No
S03973,2026,Spring,Nutrition,BS Nutrition,Undergraduate,Male,Other/Unknown,21,In-state,No,No,9761.0,33,32,97.9,93.1,82.1,3,0,0,3.41,Low,0.782,Yes,0.735,No
S03974,2024,Spring,Data Science,MS Health Data Science,Graduate,Female,Hispanic/Latino,22,In-state,No,No,6843.0,24,24,100.0,84.8,63.1,3,4,1,3.13,Low,0.698,Yes,0.514,No
S03975,2023,Fall,Nutrition,BS Nutrition,Undergraduate,Female,Asian,20,In-state,Yes,Yes,9636.0,27,27,100.0,89.7,87.6,2,0,3,3.58,Low,0.788,Yes,0.728,Yes
S03976,2026,Fall,Social Work,BSW,Undergraduate,Male,White,20,Out-of-state,No,Yes,10487.0,27,25,92.2,97.7,83.4,2,2,0,2.73,Medium,0.643,Yes,0.546,No
S03977,2023,Spring,Public Health,BS Public Health,Undergraduate,Male,Asian,18,In-state,Yes,No,1250.0,32,32,100.0,92.1,74.1,4,2,5,2.99,Low,0.783,Yes,0.626,Yes
S03978,2024,Fall,Health Administration,BS Health Administration,Undergraduate,Male,Hispanic/Latino,19,In-state,No,No,7806.0,27,26,97.3,84.7,59.5,0,1,3,3.2,Low,0.616,No,0.47,Yes
S03979,2026,Spring,Public Health,MS Epidemiology,Graduate,Female,Black,22,In-state,No,Yes,3380.0,27,27,99.4,82.8,41.8,3,0,2,3.97,Low,0.765,Yes,0.659,No
S03980,2024,Spring,Nutrition,BS Nutrition,Undergraduate,Female,White,22,Out-of-state,No,No,7584.0,30,28,94.4,86.0,60.7,4,0,1,2.86,Low,0.653,No,0.487,No
S03981,2024,Fall,Social Work,BSW,Undergraduate,Male,White,19,In-state,No,Yes,2334.0,24,20,84.2,95.0,77.5,2,2,3,2.27,Medium,0.618,Yes,0.363,Yes
S03982,2022,Fall,Social Work,BSW,Undergraduate,Female,White,18,Out-of-state,No,Yes,6016.0,33,31,93.2,58.3,93.8,2,4,2,2.57,Medium,0.485,Yes,0.336,No
S03983,2024,Spring,Data Science,BS Health Data Science,Undergraduate,Female,Multiracial,21,In-state,No,Yes,3031.0,27,27,100.0,65.9,50.1,2,1,2,3.52,Medium,0.558,Yes,0.45,No
S03984,2023,Spring,Social Work,MSW,Graduate,Male,Black,38,In-state,Yes,Yes,333.0,24,23,97.6,86.2,56.8,2,1,2,3.55,Low,0.774,No,0.583,Yes
S03985,2026,Spring,Social Work,BSW,Undergraduate,Female,Black,19,In-state,Yes,Yes,5560.0,32,29,91.0,81.9,49.1,2,0,1,2.28,Medium,0.418,Yes,0.256,No
S03986,2022,Fall,Health Administration,BS Health Administration,Undergraduate,Female,Black,23,In-state,No,No,2637.0,27,27,100.0,83.2,80.7,2,0,1,3.45,Low,0.78,No,0.642,No
S03987,2024,Spring,Social Work,BSW,Undergraduate,Female,Asian,24,In-state,Yes,Yes,5442.0,32,31,97.7,73.2,60.1,1,0,1,3.95,Low,0.709,No,0.643,Yes
S03988,2025,Fall,Public Health,BS Public Health,Undergraduate,Female,Asian,27,In-state,Yes,Yes,5856.0,31,30,96.5,68.7,59.5,3,1,2,3.99,Medium,0.669,Yes,0.658,Yes
S03989,2026,Fall,Social Work,MSW,Graduate,Female,Other/Unknown,27,Out-of-state,No,Yes,9237.0,27,27,100.0,96.5,99.7,3,0,3,4.0,Low,0.889,No,0.864,Yes
S03990,2024,Fall,Public Health,BS Public Health,Undergraduate,Male,Hispanic/Latino,20,Out-of-state,No,No,11061.0,24,21,88.8,95.0,88.5,3,3,1,2.39,Medium,0.609,Yes,0.455,Yes
S03991,2022,Fall,Public Health,BS Public Health,Undergraduate,Male,White,21,In-state,No,No,4816.0,32,31,97.1,93.7,70.5,4,3,4,3.54,Low,0.816,Yes,0.743,Yes
S03992,2024,Spring,Public Health,MPH,Graduate,Female,White,32,International,No,Yes,11375.0,21,21,100.0,76.3,63.3,6,1,4,3.7,Medium,0.698,Yes,0.649,Yes
S03993,2023,Spring,Health Administration,BS Health Administration,Undergraduate,Female,Hispanic/Latino,20,In-state,Yes,No,6360.0,33,33,99.7,81.9,100.0,4,0,3,3.12,Low,0.787,Yes,0.688,Yes
S03994,2022,Fall,Health Administration,BS Health Administration,Undergraduate,Male,Multiracial,21,Out-of-state,No,Yes,6605.0,24,23,94.7,72.5,70.0,0,0,1,3.09,Medium,0.52,Yes,0.387,No
S03995,2026,Fall,Data Science,MS Health Data Science,Graduate,Female,Hispanic/Latino,32,In-state,No,No,12245.0,30,30,100.0,71.5,100.0,1,2,2,3.29,Medium,0.633,No,0.598,No
S03996,2026,Fall,Health Administration,BS Health Administration,Undergraduate,Male,Hispanic/Latino,23,International,No,No,7074.0,24,23,97.6,70.9,66.9,3,2,3,2.96,Low,0.596,No,0.392,Yes
S03997,2022,Spring,Social Work,MSW,Graduate,Female,White,29,Out-of-state,Yes,Yes,7231.0,18,17,95.5,77.9,81.5,2,3,0,3.6,Low,0.761,Yes,0.597,Yes
S03998,2025,Fall,Social Work,BSW,Undergraduate,Female,Multiracial,19,Out-of-state,No,No,9085.0,33,33,100.0,92.4,84.1,3,4,1,3.78,Low,0.825,Yes,0.808,Yes
S03999,2026,Spring,Nutrition,BS Nutrition,Undergraduate,Female,White,21,In-state,No,No,8243.0,24,22,90.3,75.3,77.7,3,2,0,2.19,Medium,0.46,Yes,0.266,No
S04000,2022,Fall,Social Work,MSW,Graduate,Male,White,27,In-state,No,No,7645.0,18,18,100.0,85.5,69.2,4,2,1,3.47,Low,0.77,Yes,0.611,Yes
S04001,2024,Fall,Nutrition,BS Nutrition,Undergraduate,Female,White,20,In-state,Yes,Yes,1114.0,24,23,96.0,78.9,64.8,3,0,0,3.29,Low,0.729,Yes,0.52,Yes
S04002,2024,Fall,Nutrition,BS Nutrition,Undergraduate,Male,White,22,In-state,No,Yes,2742.0,24,21,89.2,84.3,93.2,3,3,1,1.75,Medium,0.547,No,0.259,Yes
S04003,2025,Spring,Health Administration,BS Health Administration,Undergraduate,Female,White,21,International,No,Yes,5352.0,33,31,93.6,86.5,100.0,2,2,3,3.12,Low,0.784,Yes,0.667,No
S04004,2024,Spring,Data Science,MS Health Data Science,Graduate,Male,White,29,International,No,No,11070.0,18,18,100.0,87.9,77.9,3,2,2,3.25,Low,0.735,Yes,0.579,No
S04005,2026,Fall,Public Health,BS Public Health,Undergraduate,Female,White,26,In-state,No,Yes,4937.0,33,27,81.9,71.7,69.3,0,3,2,3.38,Medium,0.577,No,0.478,No
S04006,2025,Fall,Social Work,BSW,Undergraduate,Female,White,20,In-state,No,Yes,2734.0,30,30,100.0,65.5,85.1,3,0,1,3.49,Medium,0.688,Yes,0.6,Yes
S04007,2023,Spring,Social Work,BSW,Undergraduate,Female,Asian,21,In-state,Yes,No,12912.0,24,24,100.0,87.4,88.2,0,2,0,3.43,Medium,0.653,Yes,0.634,Yes
S04008,2022,Fall,Public Health,BS Public Health,Undergraduate,Male,White,18,In-state,Yes,Yes,1703.0,24,24,100.0,79.3,68.2,0,1,2,3.1,Medium,0.599,Yes,0.429,No
S04009,2022,Spring,Data Science,BS Health Data Science,Undergraduate,Nonbinary,Black,21,In-state,No,Yes,8251.0,33,31,93.9,100.0,100.0,6,0,2,2.93,Low,0.841,Yes,0.759,No
S04010,2024,Spring,Health Administration,MHA,Graduate,Male,Black,39,In-state,No,Yes,6324.0,18,15,82.2,92.5,57.6,2,0,0,3.15,Low,0.709,Yes,0.475,No
S04011,2025,Spring,Social Work,BSW,Undergraduate,Female,White,23,Out-of-state,No,No,13729.0,30,30,100.0,75.4,80.7,1,1,0,3.87,Medium,0.645,Yes,0.696,No
S04012,2025,Spring,Health Administration,BS Health Administration,Undergraduate,Female,Asian,22,In-state,Yes,No,10494.0,33,30,89.6,77.8,64.3,0,3,1,2.97,Medium,0.47,Yes,0.409,Yes
S04013,2025,Fall,Data Science,MS Health Data Science,Graduate,Male,White,22,In-state,Yes,Yes,4788.0,18,18,100.0,100.0,68.2,3,0,2,3.58,Low,0.835,Yes,0.697,Yes
S04014,2023,Fall,Social Work,BSW,Undergraduate,Female,White,19,Out-of-state,Yes,Yes,2786.0,24,24,100.0,82.5,85.8,6,3,1,3.69,Low,0.857,Yes,0.758,Yes
S04015,2022,Spring,Health Administration,BS Health Administration,Undergraduate,Female,Hispanic/Latino,20,In-state,Yes,Yes,10621.0,24,22,89.9,88.9,52.1,2,0,2,2.26,High,0.31,Yes,0.163,No
S04016,2026,Spring,Public Health,BS Public Health,Undergraduate,Male,White,21,In-state,No,Yes,5060.0,30,29,95.1,94.1,49.8,3,2,0,3.92,Low,0.796,Yes,0.741,Yes
S04017,2026,Fall,Health Administration,BS Health Administration,Undergraduate,Female,Hispanic/Latino,20,In-state,Yes,Yes,4143.0,31,30,97.9,86.7,84.8,0,0,2,3.69,Low,0.792,Yes,0.711,Yes
S04018,2024,Spring,Nutrition,BS Nutrition,Undergraduate,Nonbinary,Black,20,In-state,No,Yes,5121.0,27,24,87.6,60.9,56.3,1,3,2,3.0,Medium,0.429,Yes,0.283,No
S04019,2024,Spring,Social Work,BSW,Undergraduate,Female,Hispanic/Latino,22,In-state,No,Yes,2193.0,33,33,100.0,82.3,67.9,2,2,2,3.51,Low,0.755,Yes,0.645,No
S04020,2024,Spring,Social Work,BSW,Undergraduate,Female,White,21,In-state,Yes,Yes,1893.0,24,22,90.6,60.6,61.7,2,0,3,2.34,High,0.291,No,0.106,No
S04021,2024,Fall,Data Science,BS Health Data Science,Undergraduate,Female,Black,21,In-state,No,Yes,4277.0,30,29,97.5,76.1,59.9,0,1,2,3.19,Medium,0.544,No,0.435,No
S04022,2025,Spring,Public Health,MS Epidemiology,Graduate,Female,White,28,In-state,No,Yes,9026.0,30,30,100.0,70.7,48.6,4,0,4,3.48,Low,0.634,Yes,0.524,Yes
S04023,2025,Spring,Health Administration,BS Health Administration,Undergraduate,Female,White,20,Out-of-state,Yes,Yes,8526.0,27,26,95.7,94.7,85.5,0,1,0,2.9,Medium,0.641,Yes,0.545,Yes
S04024,2022,Fall,Data Science,BS Health Data Science,Undergraduate,Female,Hispanic/Latino,21,In-state,No,No,9745.0,31,28,90.6,69.4,82.5,1,1,1,2.15,High,0.285,Yes,0.148,No
S04025,2024,Fall,Nutrition,MS Nutrition,Graduate,Male,Multiracial,30,International,Yes,No,10457.0,18,17,95.1,78.2,54.0,3,2,1,3.12,Medium,0.54,Yes,0.396,No
S04026,2026,Spring,Nutrition,BS Nutrition,Undergraduate,Male,White,20,In-state,No,No,6742.0,24,21,89.2,66.1,48.5,0,3,1,2.93,Medium,0.385,No,0.243,No
S04027,2026,Fall,Health Administration,BS Health Administration,Undergraduate,Male,Other/Unknown,18,Out-of-state,No,No,15749.0,32,27,83.2,82.1,62.1,0,1,0,2.91,Medium,0.425,Yes,0.395,No
S04028,2026,Fall,Public Health,MPH,Graduate,Female,Black,38,In-state,Yes,Yes,9605.0,21,20,94.4,82.0,76.5,0,0,2,3.28,Medium,0.614,Yes,0.5,No
S04029,2022,Spring,Data Science,BS Health Data Science,Undergraduate,Male,Hispanic/Latino,22,In-state,Yes,Yes,7364.0,32,32,99.4,80.6,70.5,3,2,3,2.88,Low,0.643,No,0.496,No
S04030,2026,Spring,Nutrition,BS Nutrition,Undergraduate,Male,White,23,In-state,Yes,Yes,3259.0,30,25,84.9,89.6,51.4,0,3,2,3.41,Low,0.688,Yes,0.523,Yes
S04031,2023,Fall,Nutrition,BS Nutrition,Undergraduate,Nonbinary,White,26,In-state,No,Yes,2880.0,32,32,100.0,86.8,83.6,3,1,0,4.0,Low,0.86,Yes,0.817,Yes
S04032,2022,Spring,Public Health,BS Public Health,Undergraduate,Male,Black,21,In-state,No,Yes,3596.0,30,30,100.0,82.4,71.2,0,3,1,3.14,Low,0.671,Yes,0.505,No
S04033,2024,Fall,Nutrition,BS Nutrition,Undergraduate,Female,White,20,Out-of-state,No,No,15403.0,30,25,83.9,93.3,76.1,1,0,0,3.32,Low,0.678,Yes,0.625,Yes
S04034,2024,Fall,Health Administration,BS Health Administration,Undergraduate,Male,White,18,Out-of-state,No,Yes,8133.0,31,31,100.0,58.2,68.0,4,1,1,3.66,Medium,0.591,Yes,0.567,Yes
S04035,2023,Fall,Social Work,MSW,Graduate,Female,White,27,In-state,Yes,No,12218.0,18,17,95.2,77.9,71.9,2,0,2,2.5,Medium,0.465,No,0.29,No
S04036,2026,Spring,Social Work,BSW,Undergraduate,Male,Black,20,In-state,No,No,4837.0,31,24,76.7,80.6,91.7,5,0,2,2.45,Medium,0.649,Yes,0.448,No
S04037,2024,Fall,Public Health,BS Public Health,Undergraduate,Female,White,23,In-state,No,Yes,0.0,32,29,91.1,100.0,92.1,0,2,3,2.72,Medium,0.735,No,0.573,Yes
S04038,2026,Spring,Data Science,BS Health Data Science,Undergraduate,Female,Asian,22,In-state,No,Yes,7376.0,33,33,100.0,78.2,64.4,2,1,1,3.28,Low,0.652,No,0.55,No
S04039,2023,Fall,Data Science,BS Health Data Science,Undergraduate,Female,White,19,Out-of-state,Yes,Yes,7276.0,30,30,100.0,94.4,84.7,5,0,2,3.2,Low,0.812,Yes,0.727,Yes
S04040,2022,Spring,Social Work,BSW,Undergraduate,Female,Hispanic/Latino,21,In-state,No,Yes,10010.0,32,29,92.0,87.4,54.5,0,2,2,3.34,Medium,0.554,No,0.525,Yes
S04041,2023,Spring,Public Health,BS Public Health,Undergraduate,Female,White,22,In-state,No,Yes,6215.0,32,29,91.2,66.2,41.5,3,0,2,2.17,High,0.223,No,0.1,No
S04042,2026,Fall,Nutrition,BS Nutrition,Undergraduate,Nonbinary,Multiracial,22,Out-of-state,No,No,12522.0,32,31,96.7,84.0,70.6,0,3,4,2.6,Medium,0.447,No,0.381,No
S04043,2023,Spring,Social Work,BSW,Undergraduate,Male,White,21,In-state,No,Yes,1335.0,27,27,100.0,71.3,64.2,0,0,2,3.47,Medium,0.605,Yes,0.48,No
S04044,2023,Spring,Nutrition,BS Nutrition,Undergraduate,Female,White,22,Out-of-state,Yes,No,5510.0,27,24,89.7,83.7,63.1,1,2,1,2.98,Low,0.629,Yes,0.427,Yes
S04045,2025,Fall,Health Administration,BS Health Administration,Undergraduate,Female,Hispanic/Latino,19,In-state,Yes,No,7096.0,31,26,83.0,84.4,60.4,6,0,0,3.04,Low,0.708,Yes,0.551,Yes
S04046,2024,Fall,Public Health,BS Public Health,Undergraduate,Male,Hispanic/Latino,22,Out-of-state,Yes,No,8423.0,31,31,100.0,90.2,78.3,4,1,2,2.92,Low,0.725,Yes,0.605,Yes
S04047,2022,Spring,Social Work,BSW,Undergraduate,Male,White,22,In-state,No,Yes,2831.0,27,27,100.0,93.0,82.3,5,0,1,4.0,Low,0.89,Yes,0.842,Yes
S04048,2025,Fall,Data Science,BS Health Data Science,Undergraduate,Female,Hispanic/Latino,22,In-state,Yes,Yes,5355.0,33,31,93.5,75.5,86.7,4,4,2,3.97,Low,0.828,Yes,0.782,Yes
S04049,2022,Spring,Nutrition,MS Nutrition,Graduate,Female,White,26,In-state,No,Yes,8407.0,30,28,94.6,90.0,61.5,2,4,1,3.45,Low,0.731,Yes,0.627,Yes
S04050,2026,Fall,Health Administration,MHA,Graduate,Male,Hispanic/Latino,29,In-state,No,No,10612.0,18,18,100.0,97.6,90.5,1,0,3,4.0,Low,0.853,Yes,0.797,Yes
S04051,2024,Fall,Social Work,MSW,Graduate,Female,Hispanic/Latino,22,International,No,No,6672.0,21,21,100.0,85.9,50.7,2,0,0,3.98,Low,0.763,Yes,0.657,Yes
S04052,2026,Fall,Health Administration,BS Health Administration,Undergraduate,Female,White,23,In-state,No,Yes,3970.0,24,23,96.0,100.0,47.3,3,1,1,3.2,Low,0.737,Yes,0.565,Yes
S04053,2025,Spring,Social Work,BSW,Undergraduate,Male,Hispanic/Latino,19,International,Yes,No,7515.0,33,29,88.2,89.0,68.0,5,3,0,2.32,Medium,0.569,No,0.416,No
S04054,2024,Fall,Health Administration,BS Health Administration,Undergraduate,Female,Black,19,International,No,Yes,12166.0,32,30,95.2,86.7,80.8,4,3,1,3.17,Low,0.72,Yes,0.651,No
S04055,2025,Fall,Public Health,MPH,Graduate,Male,Hispanic/Latino,23,In-state,No,No,7222.0,24,24,99.9,85.4,77.7,0,2,1,3.23,Low,0.705,No,0.536,No
S04056,2022,Spring,Nutrition,MS Nutrition,Graduate,Male,Asian,26,In-state,No,No,6543.0,27,27,100.0,92.6,78.1,1,0,1,3.72,Low,0.811,Yes,0.729,Yes
S04057,2022,Spring,Public Health,MS Epidemiology,Graduate,Female,Other/Unknown,31,In-state,Yes,No,5592.0,30,27,88.4,80.5,70.7,1,3,1,2.9,Low,0.644,Yes,0.431,No
S04058,2023,Spring,Health Administration,BS Health Administration,Undergraduate,Female,White,24,In-state,No,Yes,5284.0,33,31,94.1,94.4,77.1,0,3,1,3.22,Low,0.741,Yes,0.627,Yes
S04059,2022,Spring,Nutrition,BS Nutrition,Undergraduate,Male,Black,18,In-state,No,Yes,0.0,33,33,100.0,81.2,68.1,0,1,0,4.0,Low,0.794,Yes,0.716,No
S04060,2024,Spring,Nutrition,BS Nutrition,Undergraduate,Female,White,18,In-state,No,No,4522.0,31,31,100.0,98.8,72.1,3,2,1,2.92,Low,0.759,Yes,0.617,Yes
S04061,2022,Spring,Social Work,BSW,Undergraduate,Female,Black,21,International,No,Yes,8400.0,24,20,84.3,91.2,50.8,0,0,1,2.49,Medium,0.44,No,0.276,No
S04062,2026,Fall,Health Administration,BS Health Administration,Undergraduate,Male,Black,22,In-state,Yes,Yes,4207.0,31,25,79.4,77.1,70.0,3,0,2,2.58,Medium,0.547,Yes,0.357,No
S04063,2026,Spring,Data Science,BS Health Data Science,Undergraduate,Female,White,19,In-state,No,Yes,4327.0,30,30,100.0,76.0,87.9,4,1,2,4.0,Low,0.84,Yes,0.789,No
S04064,2023,Fall,Public Health,BS Public Health,Undergraduate,Male,White,19,International,No,Yes,10789.0,31,31,100.0,85.0,70.0,2,0,0,4.0,Low,0.766,Yes,0.761,Yes
S04065,2022,Fall,Social Work,BSW,Undergraduate,Female,White,18,In-state,No,Yes,7811.0,24,24,100.0,73.7,76.6,0,0,0,3.53,Medium,0.607,Yes,0.537,No
S04066,2025,Fall,Nutrition,BS Nutrition,Undergraduate,Male,Multiracial,22,In-state,No,Yes,1376.0,33,33,100.0,78.8,73.9,2,2,3,3.73,Low,0.787,Yes,0.695,Yes
S04067,2022,Spring,Data Science,BS Health Data Science,Undergraduate,Male,Hispanic/Latino,21,Out-of-state,No,Yes,8853.0,31,30,95.7,89.3,67.4,3,1,1,3.12,Low,0.696,Yes,0.588,Yes
S04068,2023,Spring,Social Work,BSW,Undergraduate,Male,White,18,In-state,Yes,Yes,7664.0,27,25,91.4,98.9,40.5,3,0,0,3.61,Low,0.737,No,0.649,No
S04069,2023,Fall,Health Administration,BS Health Administration,Undergraduate,Male,White,22,In-state,Yes,Yes,1234.0,32,32,100.0,76.9,74.6,2,4,1,3.77,Low,0.787,Yes,0.691,No
S04070,2024,Fall,Health Administration,BS Health Administration,Undergraduate,Female,Black,20,International,Yes,Yes,10122.0,30,30,100.0,70.9,68.6,4,3,0,2.93,Medium,0.525,Yes,0.45,No
S04071,2023,Fall,Social Work,BSW,Undergraduate,Male,Black,21,International,Yes,Yes,10258.0,30,24,78.7,88.0,85.3,2,3,0,2.78,Medium,0.609,Yes,0.499,Yes
S04072,2023,Fall,Data Science,MS Health Data Science,Graduate,Male,White,27,Out-of-state,Yes,Yes,0.0,21,20,95.1,69.7,78.5,2,1,3,3.33,Medium,0.688,Yes,0.48,Yes
S04073,2022,Fall,Social Work,MSW,Graduate,Female,Hispanic/Latino,29,In-state,Yes,Yes,0.0,30,25,84.3,57.8,59.4,2,5,1,2.71,High,0.358,No,0.146,No
S04074,2023,Spring,Nutrition,BS Nutrition,Undergraduate,Male,Hispanic/Latino,24,In-state,Yes,No,10878.0,33,23,70.1,56.5,81.9,2,1,2,2.4,High,0.265,No,0.134,No
S04075,2022,Spring,Nutrition,BS Nutrition,Undergraduate,Female,White,19,In-state,No,No,8063.0,24,24,100.0,91.9,74.6,1,0,6,3.55,Low,0.758,Yes,0.662,No
S04076,2025,Spring,Data Science,MS Health Data Science,Graduate,Female,White,35,In-state,Yes,Yes,5806.0,21,20,95.6,89.9,80.5,2,1,1,3.79,Low,0.83,Yes,0.719,No
S04077,2025,Fall,Nutrition,MS Nutrition,Graduate,Male,Multiracial,26,In-state,Yes,No,6176.0,18,16,87.8,89.5,74.5,4,3,3,2.53,Low,0.693,Yes,0.398,No
S04078,2023,Fall,Data Science,BS Health Data Science,Undergraduate,Female,White,20,In-state,Yes,No,4938.0,32,30,92.7,86.0,56.2,3,0,0,2.54,Low,0.595,Yes,0.381,No
S04079,2025,Spring,Public Health,MS Epidemiology,Graduate,Male,White,37,In-state,Yes,Yes,4744.0,21,17,80.8,95.2,61.3,0,2,1,3.56,Medium,0.715,No,0.583,No
S04080,2022,Spring,Nutrition,BS Nutrition,Undergraduate,Male,Black,22,Out-of-state,No,No,9860.0,30,30,100.0,95.7,44.3,1,0,0,3.58,Medium,0.621,Yes,0.627,Yes
S04081,2022,Spring,Data Science,MS Health Data Science,Graduate,Male,Multiracial,31,International,No,Yes,8906.0,24,24,98.0,74.1,83.5,4,1,0,4.0,Low,0.81,Yes,0.744,No
S04082,2022,Spring,Health Administration,BS Health Administration,Undergraduate,Male,Asian,19,In-state,Yes,Yes,5700.0,27,27,100.0,100.0,88.8,3,2,2,2.82,Low,0.786,No,0.633,Yes
S04083,2022,Spring,Data Science,BS Health Data Science,Undergraduate,Male,Other/Unknown,19,Out-of-state,Yes,Yes,2584.0,31,29,94.2,62.8,29.2,1,0,3,4.0,High,0.42,Yes,0.333,Yes
S04084,2024,Spring,Nutrition,BS Nutrition,Undergraduate,Female,Hispanic/Latino,25,Out-of-state,No,Yes,3643.0,33,33,100.0,97.8,70.8,3,2,2,3.37,Low,0.808,No,0.722,Yes
S04085,2026,Fall,Nutrition,BS Nutrition,Undergraduate,Male,Hispanic/Latino,21,International,No,Yes,14060.0,32,29,90.4,93.9,48.3,3,3,2,3.39,Low,0.653,Yes,0.614,No
S04086,2022,Fall,Public Health,BS Public Health,Undergraduate,Male,Hispanic/Latino,20,In-state,Yes,Yes,6058.0,24,24,99.7,63.5,51.7,2,0,0,2.94,Medium,0.427,No,0.285,No
S04087,2022,Fall,Social Work,BSW,Undergraduate,Female,White,21,In-state,No,No,12653.0,24,24,98.5,93.5,52.3,3,5,0,3.58,Low,0.703,Yes,0.644,No
S04088,2022,Fall,Nutrition,MS Nutrition,Graduate,Male,Asian,36,International,No,Yes,5768.0,30,30,100.0,69.1,62.4,1,0,2,3.11,Medium,0.526,Yes,0.406,No
S04089,2026,Spring,Public Health,MS Epidemiology,Graduate,Female,White,32,In-state,No,No,5722.0,30,30,100.0,94.6,77.5,0,5,1,4.0,Low,0.836,Yes,0.789,Yes
S04090,2022,Fall,Data Science,MS Health Data Science,Graduate,Male,White,30,Out-of-state,No,No,9526.0,30,26,87.8,79.9,59.8,0,0,3,3.15,Medium,0.526,No,0.43,Yes
S04091,2023,Fall,Social Work,BSW,Undergraduate,Male,White,22,In-state,No,Yes,2101.0,24,24,100.0,100.0,97.7,2,0,1,2.65,Low,0.799,Yes,0.584,Yes
S04092,2024,Spring,Public Health,MS Epidemiology,Graduate,Male,White,22,In-state,No,No,6841.0,27,25,94.2,82.8,86.9,1,3,2,2.53,Low,0.641,Yes,0.395,Yes
S04093,2023,Fall,Public Health,BS Public Health,Undergraduate,Male,Black,19,Out-of-state,No,Yes,9324.0,30,30,100.0,90.7,52.8,0,4,3,2.7,Medium,0.47,Yes,0.381,No
S04094,2024,Spring,Data Science,BS Health Data Science,Undergraduate,Male,Hispanic/Latino,22,In-state,Yes,Yes,3470.0,24,22,91.1,100.0,55.0,5,2,0,2.36,Medium,0.628,No,0.407,No
S04095,2026,Fall,Public Health,BS Public Health,Undergraduate,Female,Black,20,Out-of-state,No,Yes,4326.0,27,26,95.6,73.7,51.8,1,0,2,3.3,Low,0.6,Yes,0.422,No
S04096,2022,Fall,Data Science,MS Health Data Science,Graduate,Female,White,29,International,No,Yes,8747.0,24,23,96.4,66.0,53.7,2,2,3,2.54,Medium,0.379,No,0.219,No
S04097,2025,Fall,Social Work,BSW,Undergraduate,Male,Black,19,In-state,No,Yes,6649.0,27,27,100.0,77.5,73.0,2,2,0,3.01,Low,0.643,Yes,0.471,Yes
S04098,2022,Spring,Nutrition,BS Nutrition,Undergraduate,Male,Asian,21,In-state,Yes,Yes,11965.0,24,24,100.0,98.5,87.3,5,1,1,3.48,Low,0.83,Yes,0.78,Yes
S04099,2026,Fall,Social Work,BSW,Undergraduate,Female,Black,19,In-state,No,No,9014.0,31,31,100.0,74.0,87.8,1,4,1,3.61,Low,0.717,No,0.655,Yes
S04100,2022,Spring,Public Health,BS Public Health,Undergraduate,Male,Asian,19,In-state,No,Yes,4383.0,31,27,87.5,86.5,82.4,2,1,3,3.6,Low,0.8,Yes,0.701,Yes
S04101,2023,Spring,Health Administration,MHA,Graduate,Male,Hispanic/Latino,27,In-state,No,No,12270.0,18,18,100.0,69.5,75.0,3,4,2,3.75,Medium,0.647,No,0.586,No
S04102,2022,Spring,Public Health,BS Public Health,Undergraduate,Male,White,18,In-state,Yes,Yes,4806.0,24,24,100.0,81.7,58.5,1,2,2,4.0,Low,0.753,No,0.661,No
S04103,2022,Spring,Health Administration,BS Health Administration,Undergraduate,Male,Hispanic/Latino,22,In-state,No,Yes,10523.0,30,29,97.7,80.3,67.9,5,0,1,3.54,Low,0.733,Yes,0.673,Yes
S04104,2023,Fall,Public Health,BS Public Health,Undergraduate,Female,White,20,In-state,No,No,9083.0,30,26,87.5,64.3,71.9,1,3,2,3.2,Medium,0.495,No,0.408,Yes
S04105,2024,Fall,Nutrition,BS Nutrition,Undergraduate,Female,White,19,In-state,Yes,Yes,8547.0,32,31,95.8,62.9,83.5,3,1,3,3.49,Medium,0.618,No,0.585,Yes
S04106,2023,Fall,Data Science,MS Health Data Science,Graduate,Female,White,22,Out-of-state,No,Yes,8558.0,30,28,91.9,76.0,43.8,1,0,4,3.28,Medium,0.499,Yes,0.417,Yes
S04107,2026,Fall,Nutrition,BS Nutrition,Undergraduate,Female,Other/Unknown,18,In-state,No,Yes,7112.0,33,33,100.0,97.4,77.2,2,0,1,3.4,Low,0.789,Yes,0.729,Yes
S04108,2022,Fall,Health Administration,BS Health Administration,Undergraduate,Female,White,23,In-state,No,Yes,10104.0,33,33,99.8,85.5,47.6,1,1,2,3.84,Low,0.675,No,0.66,Yes
S04109,2025,Fall,Social Work,BSW,Undergraduate,Male,White,24,Out-of-state,No,No,10240.0,32,28,86.7,77.8,61.9,3,3,0,2.69,Medium,0.479,Yes,0.377,No
S04110,2022,Fall,Data Science,BS Health Data Science,Undergraduate,Female,Multiracial,19,In-state,Yes,No,11805.0,32,32,100.0,98.5,59.3,4,0,2,3.48,Low,0.754,No,0.729,No
S04111,2022,Spring,Health Administration,BS Health Administration,Undergraduate,Nonbinary,Multiracial,23,In-state,Yes,Yes,7087.0,31,29,94.1,75.4,53.6,6,0,1,3.2,Low,0.668,No,0.531,No
S04112,2024,Spring,Public Health,BS Public Health,Undergraduate,Female,White,19,In-state,No,Yes,0.0,27,27,100.0,90.1,77.6,1,3,2,3.67,Low,0.824,No,0.705,Yes
S04113,2026,Spring,Data Science,BS Health Data Science,Undergraduate,Male,White,22,In-state,No,No,7354.0,30,30,100.0,86.4,60.1,4,0,2,3.4,Low,0.729,Yes,0.638,No
S04114,2022,Spring,Data Science,BS Health Data Science,Undergraduate,Male,Hispanic/Latino,19,Out-of-state,No,No,10538.0,30,30,100.0,100.0,100.0,5,1,0,3.7,Low,0.88,Yes,0.864,Yes
S04115,2022,Fall,Public Health,BS Public Health,Undergraduate,Female,Black,21,In-state,Yes,Yes,2496.0,27,22,79.7,78.4,92.6,2,4,2,2.39,High,0.487,No,0.233,No
S04116,2024,Spring,Nutrition,MS Nutrition,Graduate,Male,Multiracial,27,In-state,Yes,No,8627.0,18,17,95.1,90.0,61.0,2,2,5,4.0,Low,0.792,Yes,0.695,Yes
S04117,2023,Fall,Data Science,MS Health Data Science,Graduate,Male,Multiracial,28,Out-of-state,Yes,No,8984.0,24,24,100.0,86.4,72.0,3,2,3,3.18,Low,0.721,Yes,0.569,No
S04118,2025,Spring,Public Health,MS Epidemiology,Graduate,Male,White,33,In-state,Yes,Yes,792.0,30,30,100.0,98.6,61.8,5,0,2,3.91,Low,0.884,Yes,0.818,Yes
S04119,2022,Spring,Public Health,MS Epidemiology,Graduate,Female,Multiracial,25,In-state,Yes,No,7679.0,27,26,94.8,90.1,93.2,0,4,3,3.34,Low,0.776,Yes,0.655,Yes
S04120,2023,Spring,Data Science,MS Health Data Science,Graduate,Female,Hispanic/Latino,25,In-state,No,Yes,4062.0,21,21,100.0,81.2,56.4,3,2,2,2.73,Low,0.627,Yes,0.351,No
S04121,2023,Fall,Social Work,BSW,Undergraduate,Male,Black,21,In-state,Yes,Yes,6834.0,27,26,97.6,72.1,52.3,2,1,2,3.59,Low,0.633,No,0.509,No
S04122,2025,Fall,Social Work,MSW,Graduate,Female,White,25,Out-of-state,No,Yes,2229.0,21,21,100.0,100.0,55.5,2,5,1,3.76,Low,0.83,Yes,0.699,Yes
S04123,2023,Spring,Social Work,BSW,Undergraduate,Female,Black,21,In-state,No,Yes,3257.0,31,31,100.0,84.6,63.0,5,0,1,2.56,Low,0.665,Yes,0.444,No
S04124,2024,Spring,Nutrition,BS Nutrition,Undergraduate,Male,White,22,In-state,No,No,8398.0,24,22,90.2,75.3,69.9,2,3,0,2.46,Medium,0.455,No,0.286,Yes
S04125,2025,Spring,Public Health,MS Epidemiology,Graduate,Female,Hispanic/Latino,27,Out-of-state,No,No,9290.0,18,18,99.5,76.3,56.6,2,1,1,3.26,Low,0.616,No,0.418,Yes
S04126,2024,Spring,Public Health,BS Public Health,Undergraduate,Male,Asian,23,In-state,No,Yes,9091.0,31,23,75.3,76.7,50.7,0,2,0,2.9,Medium,0.421,No,0.305,Yes
S04127,2022,Fall,Nutrition,MS Nutrition,Graduate,Female,Asian,31,In-state,Yes,No,8826.0,24,24,98.9,83.7,55.5,1,1,1,3.72,Low,0.701,Yes,0.593,Yes
S04128,2026,Spring,Social Work,MSW,Graduate,Female,Hispanic/Latino,24,In-state,Yes,Yes,2074.0,27,27,100.0,79.8,41.1,0,2,3,3.49,High,0.477,Yes,0.318,No
S04129,2025,Fall,Social Work,BSW,Undergraduate,Female,White,21,In-state,No,Yes,8015.0,31,26,85.5,84.2,58.4,1,2,0,2.48,Low,0.513,Yes,0.305,Yes
S04130,2022,Spring,Public Health,MPH,Graduate,Female,White,33,In-state,No,Yes,5769.0,30,30,99.4,92.8,78.8,3,2,3,3.6,Low,0.83,No,0.753,Yes
S04131,2023,Spring,Public Health,BS Public Health,Undergraduate,Nonbinary,Black,23,Out-of-state,Yes,Yes,6576.0,32,32,100.0,91.7,72.1,1,3,0,3.55,Low,0.761,Yes,0.696,No
S04132,2026,Spring,Social Work,BSW,Undergraduate,Female,Other/Unknown,24,In-state,Yes,Yes,9812.0,31,29,94.5,71.1,75.6,2,0,1,2.52,Medium,0.448,Yes,0.33,No
S04133,2023,Spring,Data Science,MS Health Data Science,Graduate,Female,White,26,In-state,Yes,Yes,5394.0,30,24,81.3,71.7,66.6,5,4,3,3.62,Medium,0.709,No,0.612,Yes
S04134,2025,Fall,Data Science,BS Health Data Science,Undergraduate,Male,White,18,In-state,No,No,6316.0,32,31,96.9,91.8,75.0,0,0,2,3.52,Low,0.753,Yes,0.676,No
S04135,2024,Fall,Social Work,BSW,Undergraduate,Female,Black,22,Out-of-state,Yes,Yes,453.0,33,33,100.0,99.2,79.3,0,0,1,2.65,Medium,0.681,Yes,0.529,Yes
S04136,2022,Fall,Social Work,BSW,Undergraduate,Female,Multiracial,19,Out-of-state,No,Yes,2805.0,31,27,86.8,78.4,84.9,0,5,2,2.83,Medium,0.598,Yes,0.429,No
S04137,2025,Fall,Public Health,BS Public Health,Undergraduate,Female,Hispanic/Latino,21,In-state,Yes,No,8258.0,32,26,82.6,92.9,60.6,1,0,2,3.18,Low,0.672,Yes,0.541,No
S04138,2023,Fall,Data Science,BS Health Data Science,Undergraduate,Nonbinary,Hispanic/Latino,22,In-state,No,No,6419.0,27,27,100.0,67.9,84.5,4,4,1,4.0,Medium,0.75,No,0.731,No
S04139,2024,Spring,Public Health,BS Public Health,Undergraduate,Male,White,21,In-state,No,Yes,8481.0,24,23,96.2,89.0,73.5,3,2,3,3.04,Low,0.706,Yes,0.547,No
S04140,2024,Fall,Data Science,BS Health Data Science,Undergraduate,Female,White,24,In-state,No,Yes,7889.0,24,23,95.6,90.7,67.3,4,0,4,3.5,Low,0.773,Yes,0.67,Yes
S04141,2026,Fall,Public Health,MPH,Graduate,Female,White,33,In-state,Yes,Yes,5855.0,21,21,98.4,90.5,79.8,2,2,1,3.96,Low,0.845,Yes,0.76,Yes
S04142,2025,Spring,Public Health,BS Public Health,Undergraduate,Male,White,19,In-state,No,Yes,4461.0,30,29,95.1,74.5,100.0,4,1,0,1.95,Medium,0.552,No,0.326,Yes
S04143,2022,Fall,Health Administration,MHA,Graduate,Male,Hispanic/Latino,36,Out-of-state,Yes,Yes,9145.0,24,22,93.6,87.8,81.2,5,2,1,3.22,Low,0.784,Yes,0.644,Yes
S04144,2024,Fall,Health Administration,BS Health Administration,Undergraduate,Male,Other/Unknown,22,In-state,No,No,8420.0,32,31,95.4,92.1,74.5,1,0,2,3.24,Low,0.716,Yes,0.627,Yes
S04145,2024,Spring,Health Administration,BS Health Administration,Undergraduate,Female,Asian,22,In-state,No,Yes,3523.0,24,24,100.0,97.8,82.5,1,2,1,3.99,Low,0.864,Yes,0.802,Yes
S04146,2024,Spring,Health Administration,BS Health Administration,Undergraduate,Male,White,19,In-state,Yes,Yes,0.0,32,28,86.3,99.0,48.4,0,3,0,3.13,Low,0.711,No,0.516,Yes
S04147,2026,Spring,Social Work,MSW,Graduate,Female,White,22,Out-of-state,No,No,5347.0,21,21,100.0,71.9,51.0,3,0,2,3.51,Low,0.666,No,0.472,Yes
S04148,2023,Fall,Social Work,BSW,Undergraduate,Female,Multiracial,19,In-state,No,Yes,7722.0,30,30,100.0,89.2,77.1,4,0,2,3.8,Low,0.822,Yes,0.783,No
S04149,2025,Fall,Social Work,MSW,Graduate,Male,Hispanic/Latino,39,In-state,No,No,12271.0,30,28,94.1,92.1,73.2,3,5,1,3.77,Low,0.792,No,0.759,Yes
S04150,2023,Spring,Health Administration,BS Health Administration,Undergraduate,Male,White,19,In-state,No,No,3385.0,27,27,99.9,85.6,81.0,1,2,2,2.01,Medium,0.507,No,0.282,No
S04151,2024,Fall,Public Health,BS Public Health,Undergraduate,Female,Hispanic/Latino,22,In-state,Yes,Yes,8462.0,27,24,89.9,83.9,75.0,4,0,2,2.42,Low,0.614,Yes,0.387,No
S04152,2022,Fall,Health Administration,BS Health Administration,Undergraduate,Female,Hispanic/Latino,19,In-state,No,Yes,5565.0,32,32,100.0,82.7,58.5,4,1,0,3.34,Low,0.714,Yes,0.606,Yes
S04153,2023,Spring,Health Administration,BS Health Administration,Undergraduate,Female,Black,23,Out-of-state,Yes,Yes,4179.0,30,28,93.5,89.1,50.1,0,0,3,3.14,Low,0.633,No,0.462,Yes
S04154,2024,Fall,Public Health,BS Public Health,Undergraduate,Male,Multiracial,19,In-state,No,No,9352.0,33,31,95.3,86.1,79.4,0,3,1,3.13,Low,0.663,Yes,0.561,Yes
S04155,2026,Spring,Data Science,BS Health Data Science,Undergraduate,Male,Other/Unknown,20,In-state,Yes,Yes,4035.0,27,26,96.2,67.5,61.0,0,3,2,2.81,High,0.335,No,0.177,No
S04156,2024,Spring,Social Work,BSW,Undergraduate,Female,Hispanic/Latino,22,In-state,No,Yes,3242.0,24,21,87.6,99.9,82.4,3,0,0,3.28,Low,0.832,Yes,0.686,Yes
S04157,2022,Fall,Health Administration,BS Health Administration,Undergraduate,Female,White,22,In-state,No,No,9771.0,33,29,88.8,83.4,57.9,2,0,2,2.18,Medium,0.399,No,0.267,No
S04158,2026,Fall,Public Health,BS Public Health,Undergraduate,Female,White,18,In-state,Yes,Yes,3998.0,31,31,100.0,95.5,96.9,4,3,0,4.0,Low,0.903,Yes,0.876,Yes
S04159,2024,Spring,Public Health,BS Public Health,Undergraduate,Female,Hispanic/Latino,18,In-state,No,Yes,3773.0,33,33,100.0,98.8,86.0,5,0,2,3.27,Low,0.854,Yes,0.778,Yes
S04160,2023,Spring,Health Administration,BS Health Administration,Undergraduate,Female,White,20,In-state,Yes,Yes,0.0,24,24,98.0,84.8,87.7,3,1,1,3.82,Low,0.862,Yes,0.756,Yes
S04161,2025,Spring,Social Work,BSW,Undergraduate,Male,Hispanic/Latino,22,Out-of-state,No,Yes,8682.0,31,23,75.6,80.8,66.4,4,0,0,2.71,Medium,0.55,Yes,0.406,Yes
S04162,2022,Fall,Public Health,MPH,Graduate,Male,Black,32,Out-of-state,No,Yes,5395.0,24,22,92.9,78.2,57.2,2,3,2,3.32,Low,0.671,Yes,0.469,No
S04163,2026,Spring,Public Health,MS Epidemiology,Graduate,Male,Asian,35,In-state,No,No,5521.0,21,21,100.0,85.2,79.6,2,2,2,4.0,Low,0.834,Yes,0.742,No
S04164,2023,Fall,Health Administration,BS Health Administration,Undergraduate,Female,White,24,Out-of-state,No,Yes,6044.0,27,26,95.2,74.5,59.0,2,0,0,3.93,Low,0.721,Yes,0.634,No
S04165,2025,Fall,Nutrition,MS Nutrition,Graduate,Female,Asian,29,In-state,Yes,Yes,10339.0,24,24,98.8,69.7,88.0,4,5,3,3.06,Medium,0.623,Yes,0.509,Yes
S04166,2024,Fall,Nutrition,BS Nutrition,Undergraduate,Female,White,19,In-state,Yes,Yes,276.0,32,32,100.0,95.8,56.9,3,0,0,3.89,Low,0.842,Yes,0.774,Yes
S04167,2022,Spring,Nutrition,BS Nutrition,Undergraduate,Female,Asian,21,In-state,Yes,Yes,2919.0,32,32,99.1,71.8,97.3,0,0,3,3.15,Medium,0.653,No,0.545,No
S04168,2025,Fall,Social Work,BSW,Undergraduate,Female,Black,22,In-state,Yes,Yes,3826.0,32,27,84.6,73.3,73.2,0,1,2,3.15,Medium,0.572,Yes,0.441,No
S04169,2024,Fall,Data Science,MS Health Data Science,Graduate,Female,White,24,In-state,Yes,No,11653.0,30,27,91.3,95.9,92.1,1,2,2,2.89,Medium,0.676,No,0.599,No
S04170,2025,Spring,Social Work,MSW,Graduate,Male,White,42,In-state,No,Yes,6171.0,27,27,100.0,76.3,77.8,1,2,3,3.3,Low,0.697,No,0.534,No
S04171,2025,Spring,Social Work,MSW,Graduate,Male,Asian,30,Out-of-state,No,No,8858.0,18,17,92.6,67.4,77.6,1,1,1,3.3,Medium,0.57,No,0.42,No
S04172,2023,Spring,Nutrition,BS Nutrition,Undergraduate,Female,Hispanic/Latino,22,In-state,Yes,Yes,2614.0,31,31,99.8,74.6,61.9,0,3,3,2.79,High,0.383,Yes,0.223,No
S04173,2024,Fall,Nutrition,BS Nutrition,Undergraduate,Female,Other/Unknown,19,Out-of-state,No,Yes,6218.0,30,30,100.0,77.1,78.8,3,3,1,3.8,Low,0.781,Yes,0.717,No
S04174,2026,Fall,Health Administration,MHA,Graduate,Female,Asian,29,In-state,No,No,8874.0,21,21,100.0,85.8,90.1,3,1,3,4.0,Low,0.849,Yes,0.786,No
S04175,2023,Fall,Data Science,MS Health Data Science,Graduate,Female,Hispanic/Latino,30,In-state,No,Yes,1169.0,27,27,100.0,80.9,77.1,5,3,3,3.11,Low,0.79,Yes,0.59,No
S04176,2026,Fall,Data Science,BS Health Data Science,Undergraduate,Male,Asian,21,In-state,No,Yes,5239.0,31,31,100.0,80.1,75.4,5,0,1,3.75,Low,0.811,Yes,0.749,Yes
S04177,2025,Fall,Data Science,MS Health Data Science,Graduate,Female,Asian,29,In-state,Yes,Yes,8459.0,18,18,100.0,76.7,51.1,0,3,2,3.64,Medium,0.567,Yes,0.459,No
S04178,2024,Fall,Data Science,BS Health Data Science,Undergraduate,Female,Asian,25,In-state,No,Yes,10681.0,33,33,100.0,99.4,63.5,5,4,0,3.67,Low,0.809,Yes,0.797,Yes
S04179,2026,Spring,Nutrition,MS Nutrition,Graduate,Male,Black,27,In-state,No,No,4542.0,24,24,100.0,82.5,74.3,2,0,2,4.0,Low,0.821,Yes,0.729,No
S04180,2023,Spring,Nutrition,BS Nutrition,Undergraduate,Female,White,18,In-state,No,No,7224.0,31,29,93.5,90.7,80.1,2,0,1,2.23,Medium,0.549,Yes,0.386,No
S04181,2023,Spring,Public Health,BS Public Health,Undergraduate,Male,Hispanic/Latino,22,In-state,No,No,7619.0,33,32,98.3,97.4,79.4,6,0,1,2.76,Low,0.774,Yes,0.654,Yes
S04182,2022,Spring,Health Administration,BS Health Administration,Undergraduate,Male,White,22,In-state,Yes,Yes,0.0,32,32,100.0,92.6,100.0,5,3,3,3.21,Low,0.874,Yes,0.77,No
S04183,2024,Fall,Data Science,MS Health Data Science,Graduate,Male,White,22,In-state,No,Yes,2968.0,24,24,99.1,80.3,70.9,4,0,3,3.55,Low,0.795,Yes,0.639,Yes
S04184,2022,Fall,Nutrition,MS Nutrition,Graduate,Male,White,36,International,No,No,14166.0,27,27,100.0,87.1,79.9,0,0,1,3.64,Medium,0.663,No,0.673,Yes
S04185,2023,Spring,Social Work,MSW,Graduate,Female,Asian,30,In-state,No,No,8450.0,24,22,92.3,98.5,82.8,1,4,2,3.64,Low,0.822,Yes,0.732,No
S04186,2026,Fall,Public Health,BS Public Health,Undergraduate,Female,White,19,In-state,No,Yes,0.0,30,28,92.3,65.4,72.3,4,4,1,2.1,High,0.365,Yes,0.141,No
S04187,2023,Fall,Data Science,BS Health Data Science,Undergraduate,Male,Black,22,In-state,Yes,Yes,5186.0,33,33,100.0,86.5,51.6,2,2,1,3.16,Low,0.655,No,0.525,Yes
S04188,2026,Fall,Data Science,MS Health Data Science,Graduate,Male,Black,32,International,Yes,Yes,2750.0,24,22,90.7,73.9,82.0,2,2,3,2.79,Medium,0.617,Yes,0.393,Yes
S04189,2022,Fall,Health Administration,BS Health Administration,Undergraduate,Female,Black,25,Out-of-state,No,No,10433.0,32,32,100.0,100.0,62.1,2,3,0,2.53,Medium,0.554,No,0.477,Yes
S04190,2024,Fall,Health Administration,BS Health Administration,Undergraduate,Male,White,24,In-state,No,Yes,7123.0,27,27,100.0,87.4,82.0,0,1,0,2.71,Medium,0.577,Yes,0.445,No
S04191,2026,Spring,Social Work,BSW,Undergraduate,Female,Black,20,International,No,Yes,9195.0,33,32,97.6,100.0,59.2,2,1,1,3.63,Low,0.767,Yes,0.735,No
S04192,2025,Spring,Health Administration,BS Health Administration,Undergraduate,Female,Multiracial,19,In-state,No,Yes,6835.0,32,32,100.0,99.0,88.1,6,3,3,4.0,Low,0.903,Yes,0.892,Yes
S04193,2024,Spring,Public Health,MPH,Graduate,Male,Black,32,In-state,Yes,No,7786.0,21,19,92.6,81.8,35.3,1,2,2,2.48,Medium,0.381,Yes,0.203,No
S04194,2025,Spring,Data Science,MS Health Data Science,Graduate,Male,Other/Unknown,36,Out-of-state,No,No,7341.0,24,24,100.0,61.2,61.4,1,0,1,3.14,Medium,0.469,No,0.331,No
S04195,2026,Fall,Data Science,MS Health Data Science,Graduate,Male,Asian,28,In-state,No,No,6631.0,24,22,91.4,80.4,59.4,1,1,3,3.2,Low,0.643,No,0.441,Yes
S04196,2022,Spring,Nutrition,BS Nutrition,Undergraduate,Female,White,22,In-state,Yes,Yes,803.0,30,27,88.9,63.8,73.0,2,0,1,2.26,High,0.34,No,0.136,No
S04197,2023,Spring,Data Science,BS Health Data Science,Undergraduate,Male,White,21,International,No,No,15419.0,32,31,96.7,86.3,100.0,0,4,0,4.0,Medium,0.739,No,0.81,Yes
S04198,2024,Fall,Data Science,BS Health Data Science,Undergraduate,Male,White,24,In-state,No,No,9295.0,31,31,100.0,77.6,67.4,3,2,1,3.45,Low,0.684,Yes,0.609,Yes
S04199,2024,Fall,Public Health,BS Public Health,Undergraduate,Female,White,24,Out-of-state,Yes,Yes,2832.0,24,22,93.1,94.4,45.7,2,0,1,3.23,Low,0.706,Yes,0.508,No
S04200,2026,Fall,Public Health,MPH,Graduate,Male,Black,35,Out-of-state,Yes,Yes,6345.0,30,30,99.0,85.0,83.7,3,2,1,4.0,Low,0.848,Yes,0.803,Yes
S04201,2025,Spring,Data Science,BS Health Data Science,Undergraduate,Male,White,20,In-state,Yes,Yes,6139.0,31,31,100.0,93.9,72.6,1,1,2,3.13,Low,0.723,Yes,0.605,No
S04202,2025,Spring,Public Health,BS Public Health,Undergraduate,Male,Multiracial,20,In-state,No,Yes,4037.0,24,21,88.3,79.3,51.7,0,2,1,3.39,Medium,0.568,No,0.431,No
S04203,2024,Spring,Data Science,BS Health Data Science,Undergraduate,Male,White,22,In-state,No,No,8149.0,32,32,100.0,85.1,73.2,2,0,3,3.17,Low,0.69,Yes,0.588,Yes
S04204,2023,Spring,Data Science,BS Health Data Science,Undergraduate,Female,White,22,In-state,No,Yes,4392.0,33,33,100.0,95.1,80.4,5,0,2,3.49,Low,0.848,Yes,0.787,Yes
S04205,2023,Fall,Data Science,BS Health Data Science,Undergraduate,Male,Black,20,In-state,No,Yes,6395.0,33,31,94.0,98.2,70.9,1,0,2,3.38,Low,0.766,No,0.685,No
S04206,2024,Spring,Data Science,BS Health Data Science,Undergraduate,Male,White,20,Out-of-state,Yes,No,7596.0,33,33,100.0,97.2,73.9,3,2,3,3.22,Low,0.771,Yes,0.696,No
S04207,2025,Fall,Public Health,BS Public Health,Undergraduate,Male,White,25,International,Yes,Yes,1161.0,31,28,90.1,78.7,40.6,2,1,3,3.02,Medium,0.534,Yes,0.374,No
S04208,2026,Spring,Nutrition,BS Nutrition,Undergraduate,Female,White,23,In-state,No,Yes,3384.0,32,31,97.6,78.9,65.1,3,3,2,2.49,Medium,0.532,No,0.361,No
S04209,2025,Fall,Public Health,BS Public Health,Undergraduate,Male,Multiracial,20,Out-of-state,No,Yes,2540.0,33,30,92.1,85.4,53.0,2,1,0,3.88,Low,0.77,Yes,0.685,No
S04210,2025,Fall,Health Administration,BS Health Administration,Undergraduate,Female,Hispanic/Latino,20,In-state,No,Yes,4200.0,33,29,88.8,100.0,75.1,1,3,1,2.36,Medium,0.613,Yes,0.44,No
S04211,2023,Fall,Nutrition,MS Nutrition,Graduate,Male,Asian,36,In-state,Yes,Yes,0.0,18,17,96.7,83.0,54.3,1,1,2,3.93,Low,0.788,No,0.599,No
S04212,2024,Fall,Nutrition,BS Nutrition,Undergraduate,Male,Asian,24,In-state,Yes,Yes,2987.0,31,31,100.0,100.0,59.1,0,3,2,3.62,Low,0.781,Yes,0.695,Yes
S04213,2024,Spring,Public Health,MS Epidemiology,Graduate,Female,White,31,Out-of-state,Yes,No,11516.0,18,17,94.8,81.7,75.4,2,0,2,4.0,Low,0.776,Yes,0.693,Yes
S04214,2025,Fall,Data Science,BS Health Data Science,Undergraduate,Female,Hispanic/Latino,22,In-state,No,Yes,3755.0,24,24,100.0,87.8,66.9,0,3,1,3.32,Low,0.708,Yes,0.536,No
S04215,2022,Fall,Nutrition,BS Nutrition,Undergraduate,Nonbinary,White,22,International,No,No,9771.0,33,32,96.5,84.1,78.9,3,2,3,4.0,Low,0.805,Yes,0.797,Yes
S04216,2026,Fall,Social Work,BSW,Undergraduate,Female,White,22,In-state,Yes,Yes,4024.0,30,30,100.0,79.7,58.9,6,1,3,3.16,Low,0.723,No,0.571,Yes
S04217,2022,Spring,Social Work,BSW,Undergraduate,Female,Hispanic/Latino,22,In-state,No,Yes,8459.0,24,23,95.7,72.0,86.4,4,0,1,3.81,Low,0.779,Yes,0.696,Yes
S04218,2023,Spring,Public Health,BS Public Health,Undergraduate,Male,Black,21,International,No,No,9963.0,27,25,92.4,89.7,73.7,2,2,1,3.08,Low,0.685,Yes,0.553,No
S04219,2026,Fall,Health Administration,MHA,Graduate,Female,White,29,Out-of-state,Yes,No,7770.0,21,21,99.1,89.7,76.4,2,1,5,3.66,Low,0.796,Yes,0.684,Yes
S04220,2023,Spring,Data Science,BS Health Data Science,Undergraduate,Male,White,23,In-state,No,Yes,2114.0,27,27,100.0,77.0,76.5,3,0,1,4.0,Low,0.822,No,0.738,Yes
S04221,2025,Spring,Health Administration,MHA,Graduate,Male,Black,22,International,Yes,No,10846.0,24,23,97.4,96.0,70.1,3,0,0,3.47,Low,0.776,Yes,0.682,Yes
S04222,2024,Spring,Health Administration,BS Health Administration,Undergraduate,Female,Hispanic/Latino,22,In-state,No,No,6747.0,24,24,100.0,79.7,53.5,2,3,2,3.42,Low,0.652,Yes,0.505,Yes
S04223,2022,Spring,Health Administration,BS Health Administration,Undergraduate,Male,Black,21,In-state,No,No,9569.0,32,27,84.7,72.3,42.6,4,1,0,2.14,High,0.236,No,0.116,No
S04224,2024,Fall,Data Science,BS Health Data Science,Undergraduate,Female,Hispanic/Latino,22,In-state,No,No,6675.0,30,27,91.0,63.9,36.8,2,1,1,2.56,High,0.23,Yes,0.115,No
S04225,2024,Fall,Social Work,MSW,Graduate,Female,White,36,In-state,No,Yes,8621.0,30,30,100.0,87.2,61.9,3,1,2,3.43,Low,0.731,Yes,0.636,Yes
S04226,2025,Spring,Public Health,MPH,Graduate,Female,Asian,32,In-state,No,Yes,7824.0,27,27,100.0,81.9,67.8,3,2,1,3.42,Low,0.729,Yes,0.604,Yes
S04227,2023,Fall,Data Science,MS Health Data Science,Graduate,Male,Hispanic/Latino,34,Out-of-state,No,Yes,6366.0,21,21,100.0,83.9,48.5,3,3,2,4.0,Low,0.769,Yes,0.662,Yes
S04228,2024,Fall,Social Work,BSW,Undergraduate,Female,Black,23,In-state,No,No,5792.0,27,27,100.0,65.8,74.0,1,2,1,3.09,Medium,0.524,Yes,0.401,No
S04229,2022,Fall,Public Health,BS Public Health,Undergraduate,Male,Asian,28,In-state,No,Yes,1391.0,30,28,94.6,69.2,67.6,0,7,2,3.1,Medium,0.547,No,0.391,No
S04230,2023,Spring,Social Work,BSW,Undergraduate,Male,Black,21,In-state,Yes,No,11553.0,31,31,100.0,96.5,75.4,3,0,0,2.88,Medium,0.644,Yes,0.606,No
S04231,2022,Fall,Nutrition,MS Nutrition,Graduate,Female,Hispanic/Latino,32,Out-of-state,No,Yes,6873.0,21,19,90.4,64.4,49.8,1,0,1,3.56,Medium,0.518,Yes,0.384,Yes
S04232,2025,Spring,Nutrition,BS Nutrition,Undergraduate,Male,Black,19,In-state,No,Yes,3534.0,32,30,93.3,70.7,69.7,3,2,2,2.99,Low,0.642,Yes,0.448,Yes
S04233,2023,Fall,Public Health,BS Public Health,Undergraduate,Female,White,24,In-state,No,No,4362.0,31,31,100.0,95.0,80.6,0,4,2,3.15,Low,0.751,Yes,0.625,Yes
S04234,2026,Fall,Social Work,MSW,Graduate,Female,White,33,In-state,No,No,4492.0,27,27,100.0,94.9,89.6,4,3,3,3.7,Low,0.878,Yes,0.807,Yes
S04235,2024,Spring,Social Work,BSW,Undergraduate,Female,White,20,In-state,No,No,4205.0,30,27,89.2,89.6,53.8,2,3,2,2.88,Low,0.645,No,0.443,No
S04236,2025,Fall,Health Administration,MHA,Graduate,Male,White,32,In-state,No,Yes,6953.0,18,18,98.0,72.3,57.8,2,2,1,3.86,Low,0.708,Yes,0.554,No
S04237,2025,Fall,Nutrition,BS Nutrition,Undergraduate,Male,Hispanic/Latino,19,International,No,Yes,2480.0,27,24,90.0,80.0,83.0,6,1,1,2.53,Medium,0.67,No,0.456,Yes
S04238,2024,Spring,Social Work,MSW,Graduate,Female,Black,35,In-state,Yes,Yes,2892.0,21,19,88.3,71.4,60.3,1,0,0,3.4,Low,0.664,Yes,0.422,No
S04239,2022,Fall,Social Work,BSW,Undergraduate,Female,Asian,20,Out-of-state,No,No,4661.0,24,20,81.4,68.1,57.1,1,2,2,1.46,High,0.175,No,0.045,No
S04240,2024,Spring,Data Science,BS Health Data Science,Undergraduate,Female,White,21,Out-of-state,No,No,8739.0,30,30,100.0,86.0,83.7,0,1,0,3.09,Low,0.675,No,0.558,Yes
S04241,2025,Spring,Health Administration,BS Health Administration,Undergraduate,Female,White,19,In-state,No,No,7985.0,33,30,90.2,75.7,79.2,2,1,2,2.23,Medium,0.457,No,0.305,No
S04242,2022,Spring,Data Science,BS Health Data Science,Undergraduate,Female,Hispanic/Latino,23,In-state,No,Yes,4083.0,33,33,99.4,81.8,54.9,4,4,1,3.42,Low,0.723,Yes,0.615,Yes
S04243,2022,Fall,Social Work,BSW,Undergraduate,Nonbinary,Black,20,In-state,No,No,7797.0,33,32,97.6,77.5,78.4,4,2,2,2.47,Medium,0.543,No,0.416,Yes
S04244,2026,Spring,Nutrition,BS Nutrition,Undergraduate,Male,Multiracial,19,In-state,No,No,4522.0,24,20,83.9,56.4,54.1,3,3,2,3.06,Medium,0.451,No,0.279,No
S04245,2022,Spring,Nutrition,MS Nutrition,Graduate,Female,Hispanic/Latino,39,In-state,No,Yes,8352.0,24,24,100.0,88.2,61.1,5,4,2,3.46,Low,0.769,Yes,0.65,No
S04246,2024,Fall,Public Health,BS Public Health,Undergraduate,Female,Hispanic/Latino,22,In-state,Yes,Yes,1197.0,31,31,100.0,94.2,69.7,4,1,1,3.87,Low,0.864,Yes,0.804,Yes
S04247,2026,Spring,Social Work,MSW,Graduate,Female,White,27,In-state,Yes,Yes,5169.0,18,18,100.0,92.3,67.9,4,0,4,3.98,Low,0.855,Yes,0.758,No
S04248,2025,Fall,Public Health,MPH,Graduate,Female,White,25,International,Yes,Yes,7700.0,30,28,94.5,68.2,70.0,2,4,2,2.7,High,0.373,No,0.215,No
S04249,2023,Fall,Social Work,BSW,Undergraduate,Male,Hispanic/Latino,23,In-state,Yes,Yes,3899.0,24,22,91.2,72.1,70.3,2,1,2,2.68,Medium,0.519,Yes,0.318,No
S04250,2026,Spring,Social Work,BSW,Undergraduate,Female,Hispanic/Latino,22,Out-of-state,No,Yes,864.0,33,33,100.0,88.6,88.9,3,0,2,3.7,Low,0.86,No,0.79,Yes
S04251,2025,Spring,Nutrition,BS Nutrition,Undergraduate,Female,Black,20,In-state,No,Yes,3835.0,27,27,100.0,100.0,78.1,4,3,2,4.0,Low,0.888,Yes,0.847,Yes
S04252,2023,Spring,Public Health,BS Public Health,Undergraduate,Male,White,21,International,No,Yes,8659.0,27,24,90.2,94.7,79.2,2,3,0,3.11,Low,0.738,Yes,0.604,Yes
S04253,2023,Spring,Public Health,BS Public Health,Undergraduate,Female,Asian,18,In-state,Yes,No,8191.0,30,30,100.0,88.7,70.3,3,4,1,3.49,Low,0.755,No,0.685,Yes
S04254,2023,Spring,Health Administration,BS Health Administration,Undergraduate,Male,White,21,In-state,No,No,8825.0,27,24,88.6,80.6,75.0,1,2,1,2.79,Low,0.592,No,0.4,No
S04255,2026,Spring,Nutrition,BS Nutrition,Undergraduate,Female,Asian,21,In-state,No,Yes,5247.0,30,30,100.0,100.0,91.5,4,4,3,4.0,Low,0.9,Yes,0.878,Yes
S04256,2022,Fall,Health Administration,BS Health Administration,Undergraduate,Female,Black,23,In-state,No,No,9191.0,32,31,96.0,99.3,57.3,0,2,3,3.98,Low,0.771,Yes,0.76,Yes
S04257,2022,Fall,Social Work,BSW,Undergraduate,Female,White,22,In-state,Yes,Yes,5103.0,33,26,79.0,72.0,63.9,3,2,0,1.54,High,0.236,No,0.078,No
S04258,2026,Spring,Nutrition,BS Nutrition,Undergraduate,Female,Asian,20,International,Yes,Yes,8085.0,31,31,100.0,90.4,100.0,3,2,1,4.0,Low,0.872,Yes,0.857,Yes
S04259,2026,Spring,Data Science,BS Health Data Science,Undergraduate,Female,White,23,International,No,Yes,8530.0,24,23,97.7,77.8,66.0,0,1,0,2.94,Medium,0.492,Yes,0.369,No
S04260,2022,Spring,Health Administration,BS Health Administration,Undergraduate,Male,Black,19,In-state,No,Yes,10571.0,27,27,100.0,95.0,57.2,2,2,0,2.96,Low,0.638,Yes,0.512,Yes
S04261,2022,Fall,Social Work,BSW,Undergraduate,Male,Black,19,In-state,Yes,Yes,4326.0,33,33,100.0,85.5,83.4,4,3,2,3.31,Low,0.795,Yes,0.699,Yes
S04262,2026,Fall,Public Health,BS Public Health,Undergraduate,Male,White,21,International,No,No,9736.0,27,27,100.0,77.7,59.4,2,2,1,3.69,Medium,0.616,No,0.601,No
S04263,2022,Fall,Social Work,BSW,Undergraduate,Female,Hispanic/Latino,19,Out-of-state,No,No,14144.0,33,30,90.8,84.2,63.7,2,2,0,3.29,Low,0.619,Yes,0.57,Yes
S04264,2022,Spring,Public Health,MS Epidemiology,Graduate,Female,White,33,Out-of-state,Yes,Yes,6240.0,27,27,100.0,75.9,48.4,4,2,0,3.33,Low,0.661,Yes,0.496,No
S04265,2025,Spring,Data Science,BS Health Data Science,Undergraduate,Male,Multiracial,22,In-state,No,Yes,6716.0,32,32,100.0,92.9,100.0,4,4,1,4.0,Low,0.891,Yes,0.876,Yes
S04266,2024,Spring,Health Administration,BS Health Administration,Undergraduate,Male,Multiracial,21,In-state,No,Yes,0.0,30,27,90.8,73.8,62.0,2,4,0,3.06,Low,0.657,No,0.422,Yes
S04267,2023,Spring,Health Administration,BS Health Administration,Undergraduate,Male,White,21,In-state,No,Yes,7769.0,27,24,89.5,93.6,77.7,3,1,3,2.76,Low,0.707,Yes,0.523,No
S04268,2022,Fall,Public Health,MPH,Graduate,Female,White,38,In-state,No,No,10525.0,30,30,100.0,90.7,85.2,0,3,2,4.0,Medium,0.77,Yes,0.791,Yes
S04269,2023,Spring,Public Health,BS Public Health,Undergraduate,Male,White,21,In-state,Yes,Yes,8179.0,33,32,98.3,90.6,67.3,0,3,3,3.19,Low,0.666,No,0.567,No
S04270,2024,Fall,Health Administration,BS Health Administration,Undergraduate,Female,White,21,In-state,Yes,Yes,3254.0,31,31,100.0,87.7,71.8,7,3,0,3.14,Low,0.805,No,0.679,Yes
S04271,2025,Fall,Data Science,BS Health Data Science,Undergraduate,Male,Asian,25,In-state,Yes,Yes,11026.0,27,27,100.0,83.2,100.0,5,1,1,3.69,Low,0.832,Yes,0.795,Yes
S04272,2026,Fall,Public Health,MS Epidemiology,Graduate,Nonbinary,Asian,34,In-state,No,Yes,4061.0,24,24,100.0,91.8,100.0,2,3,2,3.26,Low,0.836,Yes,0.691,No
S04273,2026,Fall,Social Work,BSW,Undergraduate,Female,Asian,26,Out-of-state,Yes,Yes,3654.0,30,30,100.0,90.1,58.2,3,0,1,3.6,Low,0.776,Yes,0.681,Yes
S04274,2026,Fall,Social Work,BSW,Undergraduate,Male,White,22,In-state,Yes,Yes,3904.0,24,21,88.0,57.2,70.5,1,1,2,3.12,Medium,0.489,Yes,0.316,No
S04275,2022,Fall,Social Work,MSW,Graduate,Male,Black,32,In-state,No,No,1935.0,27,27,100.0,80.3,72.4,3,0,2,4.0,Low,0.837,Yes,0.743,Yes
S04276,2024,Fall,Data Science,BS Health Data Science,Undergraduate,Female,Hispanic/Latino,24,In-state,Yes,Yes,9652.0,32,32,99.1,71.0,68.3,0,1,2,3.79,Medium,0.588,Yes,0.606,Yes
S04277,2025,Fall,Data Science,MS Health Data Science,Graduate,Female,White,36,In-state,No,No,11864.0,18,17,94.3,84.4,78.0,2,0,3,2.89,Medium,0.587,Yes,0.439,No
S04278,2025,Fall,Nutrition,BS Nutrition,Undergraduate,Female,Black,18,In-state,No,Yes,4167.0,33,33,100.0,85.6,100.0,4,3,2,3.55,Low,0.853,Yes,0.791,No
S04279,2026,Fall,Health Administration,MHA,Graduate,Female,White,25,In-state,No,Yes,5716.0,27,27,100.0,95.0,100.0,3,2,2,4.0,Low,0.899,Yes,0.86,Yes
S04280,2026,Spring,Social Work,BSW,Undergraduate,Female,White,18,In-state,Yes,Yes,0.0,30,30,100.0,75.4,77.4,1,0,1,4.0,Low,0.807,Yes,0.715,Yes
S04281,2024,Fall,Health Administration,BS Health Administration,Undergraduate,Male,Hispanic/Latino,22,In-state,No,Yes,7563.0,32,28,88.1,97.1,66.8,0,0,4,2.74,Medium,0.577,No,0.466,Yes
S04282,2025,Spring,Social Work,BSW,Undergraduate,Male,White,19,In-state,No,No,6130.0,30,28,92.1,72.5,66.2,2,4,1,2.66,Medium,0.482,Yes,0.336,No
S04283,2024,Spring,Public Health,MPH,Graduate,Male,White,31,In-state,Yes,No,4433.0,30,27,89.6,71.4,58.6,0,1,3,2.98,Medium,0.498,Yes,0.339,Yes
S04284,2024,Spring,Social Work,BSW,Undergraduate,Male,Asian,21,In-state,Yes,Yes,5577.0,33,33,99.6,84.8,81.3,4,0,1,2.65,Low,0.696,Yes,0.525,Yes
S04285,2024,Spring,Nutrition,BS Nutrition,Undergraduate,Female,Black,22,In-state,Yes,No,12387.0,33,31,95.0,69.5,51.0,1,2,1,2.35,High,0.208,No,0.129,Yes
S04286,2025,Fall,Public Health,BS Public Health,Undergraduate,Female,Black,21,In-state,Yes,Yes,4994.0,30,27,88.7,94.4,72.6,1,0,2,2.76,Low,0.686,Yes,0.489,No
S04287,2025,Spring,Nutrition,MS Nutrition,Graduate,Female,White,30,In-state,No,No,6959.0,27,27,100.0,78.1,67.3,1,4,2,3.31,Low,0.669,Yes,0.512,No
S04288,2026,Fall,Social Work,BSW,Undergraduate,Male,Multiracial,19,In-state,Yes,Yes,4317.0,27,25,92.4,99.9,45.6,2,3,1,2.31,Medium,0.522,No,0.326,No
S04289,2026,Fall,Public Health,BS Public Health,Undergraduate,Female,White,20,In-state,Yes,Yes,2936.0,27,24,88.8,66.3,51.6,2,0,1,1.95,High,0.232,No,0.077,No
S04290,2023,Spring,Health Administration,BS Health Administration,Undergraduate,Male,White,22,In-state,No,No,9860.0,32,32,100.0,76.4,61.2,2,3,3,3.56,Medium,0.593,No,0.594,Yes
S04291,2024,Spring,Health Administration,BS Health Administration,Undergraduate,Female,White,21,In-state,Yes,Yes,6005.0,31,31,99.6,84.6,86.4,0,2,0,3.12,Low,0.704,Yes,0.573,No
S04292,2023,Fall,Public Health,BS Public Health,Undergraduate,Female,Hispanic/Latino,22,In-state,No,No,8850.0,27,27,100.0,91.1,61.9,3,4,0,3.87,Low,0.783,Yes,0.74,Yes
S04293,2025,Spring,Public Health,MPH,Graduate,Female,Black,30,In-state,No,No,11606.0,21,18,84.0,65.6,47.9,2,0,4,2.87,High,0.282,No,0.15,Yes
S04294,2024,Fall,Data Science,BS Health Data Science,Undergraduate,Male,White,22,In-state,No,Yes,8276.0,24,22,91.4,86.3,66.7,3,2,0,2.77,Low,0.634,No,0.43,Yes
S04295,2025,Fall,Nutrition,MS Nutrition,Graduate,Male,Black,30,In-state,No,Yes,7616.0,30,30,100.0,76.4,84.7,5,0,3,3.79,Low,0.82,Yes,0.759,Yes
S04296,2023,Fall,Data Science,BS Health Data Science,Undergraduate,Female,Black,21,In-state,No,No,5200.0,24,24,100.0,80.9,88.5,2,0,0,3.86,Low,0.816,No,0.732,Yes
S04297,2025,Fall,Data Science,BS Health Data Science,Undergraduate,Female,White,21,In-state,No,No,7422.0,31,22,69.5,91.1,64.1,0,0,1,2.1,High,0.328,Yes,0.149,No
S04298,2023,Fall,Data Science,MS Health Data Science,Graduate,Male,White,31,International,Yes,No,8275.0,24,24,100.0,76.0,70.8,4,1,3,4.0,Low,0.793,Yes,0.718,Yes
S04299,2022,Spring,Public Health,MS Epidemiology,Graduate,Male,White,25,In-state,Yes,Yes,2873.0,18,18,100.0,84.7,73.3,2,3,2,3.53,Low,0.789,Yes,0.597,No
S04300,2025,Fall,Data Science,BS Health Data Science,Undergraduate,Female,Multiracial,19,In-state,Yes,No,8362.0,24,24,100.0,92.4,54.7,1,1,3,3.12,Low,0.642,Yes,0.49,No
S04301,2023,Fall,Public Health,BS Public Health,Undergraduate,Female,Black,26,Out-of-state,No,Yes,0.0,32,30,94.3,74.6,61.6,2,3,1,2.96,Low,0.645,No,0.417,No
S04302,2022,Spring,Public Health,MPH,Graduate,Male,Black,32,In-state,No,No,8194.0,27,27,100.0,82.8,63.2,2,3,2,3.57,Low,0.721,Yes,0.613,Yes
S04303,2022,Fall,Data Science,BS Health Data Science,Undergraduate,Female,White,21,In-state,No,Yes,4774.0,33,32,96.6,100.0,72.5,6,6,2,3.72,Low,0.873,Yes,0.834,Yes
S04304,2022,Spring,Public Health,MPH,Graduate,Female,Black,30,In-state,Yes,No,5264.0,27,27,100.0,99.6,61.0,0,1,2,3.43,Low,0.76,Yes,0.632,Yes
S04305,2026,Spring,Public Health,BS Public Health,Undergraduate,Male,Black,21,Out-of-state,Yes,Yes,4306.0,32,32,100.0,95.8,88.2,1,3,0,3.59,Low,0.831,Yes,0.768,No
S04306,2022,Spring,Public Health,BS Public Health,Undergraduate,Female,White,18,In-state,Yes,Yes,1893.0,33,32,96.0,95.3,83.9,4,0,1,2.78,Low,0.791,Yes,0.626,Yes
S04307,2025,Spring,Nutrition,BS Nutrition,Undergraduate,Male,Asian,21,Out-of-state,No,Yes,1471.0,33,33,100.0,84.3,100.0,4,1,0,4.0,Low,0.893,Yes,0.854,Yes
S04308,2026,Fall,Social Work,BSW,Undergraduate,Male,White,18,In-state,Yes,No,11709.0,33,32,97.9,83.7,97.5,3,1,2,3.4,Low,0.768,No,0.728,Yes
S04309,2022,Fall,Social Work,MSW,Graduate,Female,White,24,Out-of-state,No,No,7895.0,21,21,100.0,76.0,86.8,3,0,3,4.0,Low,0.818,Yes,0.733,Yes
S04310,2022,Spring,Data Science,BS Health Data Science,Undergraduate,Male,White,21,In-state,No,Yes,2436.0,31,31,100.0,88.2,92.4,2,3,2,3.45,Low,0.825,Yes,0.726,Yes
S04311,2023,Fall,Health Administration,BS Health Administration,Undergraduate,Male,Black,20,In-state,No,Yes,1652.0,33,31,94.6,92.4,95.4,1,0,1,2.66,Low,0.754,Yes,0.553,No
S04312,2025,Fall,Nutrition,BS Nutrition,Undergraduate,Female,White,21,Out-of-state,No,No,14533.0,27,27,100.0,69.8,61.9,2,0,0,3.95,Medium,0.577,No,0.627,Yes
S04313,2022,Spring,Social Work,BSW,Undergraduate,Female,Asian,19,In-state,Yes,No,6204.0,31,30,98.0,86.8,93.0,5,0,0,2.68,Low,0.754,Yes,0.589,No
S04314,2022,Fall,Social Work,MSW,Graduate,Female,Hispanic/Latino,30,In-state,No,No,11900.0,18,18,100.0,70.7,84.0,2,5,2,3.38,Medium,0.611,Yes,0.508,Yes
S04315,2022,Spring,Nutrition,BS Nutrition,Undergraduate,Female,Black,20,In-state,Yes,No,10706.0,27,27,100.0,84.0,59.3,0,0,2,3.29,Medium,0.537,Yes,0.495,Yes
S04316,2026,Fall,Public Health,MS Epidemiology,Graduate,Male,White,22,Out-of-state,Yes,No,9505.0,21,21,100.0,74.7,69.9,2,5,2,3.4,Medium,0.611,Yes,0.507,No
S04317,2024,Fall,Nutrition,BS Nutrition,Undergraduate,Male,Black,22,Out-of-state,Yes,Yes,8061.0,24,23,96.6,93.7,50.9,0,0,2,3.1,Low,0.617,No,0.453,No
S04318,2025,Fall,Public Health,BS Public Health,Undergraduate,Female,Black,25,In-state,Yes,No,7539.0,24,24,100.0,88.2,76.9,1,2,3,3.69,Low,0.769,No,0.681,Yes
S04319,2026,Spring,Social Work,BSW,Undergraduate,Nonbinary,White,19,In-state,No,Yes,0.0,27,24,88.2,72.7,81.9,4,0,2,2.66,Medium,0.636,Yes,0.402,No
S04320,2024,Fall,Data Science,MS Health Data Science,Graduate,Female,Hispanic/Latino,27,In-state,Yes,Yes,7329.0,30,30,100.0,79.2,62.5,3,1,1,3.15,Low,0.669,Yes,0.518,No
S04321,2023,Fall,Public Health,BS Public Health,Undergraduate,Male,Black,21,Out-of-state,No,Yes,1535.0,32,32,100.0,93.2,77.3,4,3,2,4.0,Low,0.881,Yes,0.839,No
S04322,2024,Spring,Health Administration,BS Health Administration,Undergraduate,Male,White,19,International,Yes,Yes,8616.0,32,28,87.4,62.0,74.1,4,0,2,2.47,High,0.33,No,0.185,No
S04323,2025,Fall,Nutrition,BS Nutrition,Undergraduate,Female,Asian,25,Out-of-state,Yes,Yes,6245.0,30,30,100.0,98.4,100.0,4,1,1,3.66,Low,0.883,Yes,0.844,Yes
S04324,2025,Fall,Health Administration,MHA,Graduate,Female,Black,37,In-state,Yes,Yes,3141.0,27,27,100.0,99.2,62.7,0,2,3,3.4,Low,0.774,Yes,0.628,No
S04325,2024,Fall,Social Work,BSW,Undergraduate,Male,White,22,International,No,No,10998.0,24,24,100.0,70.6,56.4,4,2,3,2.52,Medium,0.406,No,0.278,No
S04326,2025,Spring,Public Health,BS Public Health,Undergraduate,Female,Black,25,In-state,No,Yes,3586.0,27,27,100.0,98.5,67.5,5,3,2,3.58,Low,0.846,Yes,0.762,Yes
S04327,2023,Spring,Nutrition,BS Nutrition,Undergraduate,Male,Black,24,In-state,No,Yes,8824.0,33,33,100.0,100.0,84.1,3,1,1,2.45,Low,0.704,No,0.558,Yes
S04328,2024,Fall,Nutrition,MS Nutrition,Graduate,Female,White,31,International,Yes,Yes,12228.0,21,21,100.0,82.0,63.4,1,2,1,3.51,Low,0.658,No,0.539,No
S04329,2023,Fall,Nutrition,MS Nutrition,Graduate,Female,White,34,In-state,No,Yes,4491.0,30,30,100.0,72.3,86.4,1,3,3,4.0,Low,0.801,Yes,0.725,Yes
S04330,2023,Spring,Nutrition,BS Nutrition,Undergraduate,Male,Hispanic/Latino,21,Out-of-state,No,No,7301.0,27,25,91.9,70.4,74.8,0,0,2,3.07,Medium,0.514,Yes,0.396,No
S04331,2023,Spring,Data Science,BS Health Data Science,Undergraduate,Male,White,20,International,No,No,12270.0,31,28,91.8,87.7,66.6,5,1,1,3.13,Low,0.694,Yes,0.608,Yes
S04332,2022,Spring,Social Work,BSW,Undergraduate,Male,White,22,In-state,No,Yes,7645.0,33,33,100.0,84.8,73.8,4,1,0,4.0,Low,0.821,Yes,0.805,Yes
S04333,2025,Fall,Public Health,BS Public Health,Undergraduate,Female,White,22,Out-of-state,No,Yes,3828.0,30,28,94.5,94.1,93.3,3,2,3,2.76,Low,0.78,No,0.602,No
S04334,2025,Fall,Public Health,BS Public Health,Undergraduate,Female,White,23,In-state,No,Yes,338.0,30,30,99.7,66.7,56.2,2,2,0,2.72,Medium,0.482,No,0.297,No
S04335,2025,Fall,Public Health,BS Public Health,Undergraduate,Female,Hispanic/Latino,22,In-state,Yes,Yes,3372.0,33,25,77.1,72.5,66.0,0,1,2,2.38,High,0.318,No,0.14,No
S04336,2024,Fall,Data Science,BS Health Data Science,Undergraduate,Female,Black,24,Out-of-state,Yes,Yes,1818.0,24,23,94.3,82.2,55.3,0,2,1,3.46,Low,0.683,Yes,0.49,Yes
S04337,2022,Spring,Data Science,MS Health Data Science,Graduate,Female,Asian,27,In-state,Yes,Yes,4661.0,24,21,88.6,86.1,59.0,4,4,2,3.48,Low,0.769,Yes,0.599,No
S04338,2023,Spring,Health Administration,BS Health Administration,Undergraduate,Male,Hispanic/Latino,23,Out-of-state,Yes,No,9658.0,27,26,97.0,83.0,78.0,3,1,0,3.75,Low,0.772,Yes,0.715,Yes
S04339,2023,Fall,Social Work,BSW,Undergraduate,Male,Other/Unknown,18,In-state,Yes,Yes,5177.0,30,27,89.3,83.7,58.6,4,3,0,3.62,Low,0.758,Yes,0.654,Yes
S04340,2023,Spring,Social Work,BSW,Undergraduate,Male,White,18,International,No,Yes,10507.0,33,33,100.0,88.1,66.0,6,0,0,3.49,Low,0.769,Yes,0.733,Yes
S04341,2025,Fall,Social Work,MSW,Graduate,Male,Hispanic/Latino,22,In-state,No,No,3352.0,30,29,97.3,94.6,54.1,2,2,3,2.97,Low,0.709,Yes,0.513,No
S04342,2023,Spring,Social Work,BSW,Undergraduate,Male,Asian,20,International,No,No,3740.0,30,28,92.9,86.8,46.8,1,2,0,3.78,Low,0.724,Yes,0.622,No
S04343,2025,Fall,Social Work,BSW,Undergraduate,Female,Asian,19,Out-of-state,Yes,Yes,5429.0,33,30,91.1,92.2,72.1,3,3,1,2.98,Low,0.732,No,0.587,Yes
S04344,2024,Fall,Data Science,BS Health Data Science,Undergraduate,Female,Hispanic/Latino,20,In-state,No,Yes,4057.0,33,32,98.0,100.0,83.9,2,0,1,4.0,Low,0.879,Yes,0.852,Yes
S04345,2023,Spring,Nutrition,BS Nutrition,Undergraduate,Female,Black,20,In-state,No,No,2101.0,33,29,88.3,100.0,88.1,4,0,2,2.45,Low,0.781,Yes,0.567,Yes
S04346,2026,Fall,Social Work,MSW,Graduate,Female,White,32,In-state,No,No,5595.0,24,22,92.8,79.4,65.1,0,4,3,2.74,Medium,0.513,Yes,0.321,No
S04347,2026,Fall,Public Health,BS Public Health,Undergraduate,Male,White,19,International,Yes,No,8960.0,30,29,95.1,71.9,68.6,5,0,1,1.85,High,0.288,No,0.136,No
S04348,2024,Fall,Public Health,BS Public Health,Undergraduate,Male,Hispanic/Latino,20,In-state,Yes,Yes,6339.0,32,28,88.3,69.1,51.7,0,4,1,2.92,High,0.31,No,0.189,No
S04349,2026,Fall,Social Work,BSW,Undergraduate,Female,Black,23,In-state,No,No,5823.0,33,33,100.0,88.5,57.1,6,0,2,4.0,Low,0.832,Yes,0.807,Yes
S04350,2023,Fall,Public Health,BS Public Health,Undergraduate,Female,Multiracial,18,In-state,No,No,2586.0,33,25,74.3,97.6,44.9,1,1,2,2.07,High,0.356,No,0.151,Yes
S04351,2024,Fall,Health Administration,BS Health Administration,Undergraduate,Female,Black,20,In-state,Yes,No,7737.0,24,24,100.0,91.0,85.2,7,1,1,3.57,Low,0.855,Yes,0.785,Yes
S04352,2022,Spring,Public Health,BS Public Health,Undergraduate,Male,White,20,Out-of-state,Yes,Yes,4112.0,31,31,99.8,80.4,78.4,6,4,1,3.74,Low,0.836,No,0.771,No
S04353,2026,Fall,Nutrition,BS Nutrition,Undergraduate,Female,White,22,International,Yes,Yes,3120.0,33,30,92.2,89.1,91.3,2,1,0,2.75,Low,0.745,Yes,0.555,Yes
S04354,2022,Spring,Nutrition,BS Nutrition,Undergraduate,Male,White,24,International,Yes,No,12489.0,33,33,100.0,78.6,69.1,0,2,2,3.3,Medium,0.525,No,0.534,No
S04355,2025,Fall,Public Health,BS Public Health,Undergraduate,Female,White,21,In-state,Yes,No,4646.0,24,24,100.0,89.0,80.2,4,1,1,3.36,Low,0.804,Yes,0.673,No
S04356,2024,Fall,Data Science,BS Health Data Science,Undergraduate,Female,Black,19,In-state,Yes,No,7897.0,30,26,87.7,72.6,61.9,0,0,1,3.55,Medium,0.554,Yes,0.496,Yes
S04357,2026,Fall,Nutrition,BS Nutrition,Undergraduate,Male,Asian,24,In-state,Yes,Yes,4223.0,30,28,92.6,71.8,94.8,5,2,0,2.56,Medium,0.637,Yes,0.459,No
S04358,2024,Spring,Nutrition,BS Nutrition,Undergraduate,Male,White,19,Out-of-state,No,No,7639.0,30,29,97.6,82.7,70.1,2,0,2,3.18,Low,0.675,Yes,0.548,Yes
S04359,2023,Spring,Public Health,MS Epidemiology,Graduate,Female,Other/Unknown,31,In-state,No,No,10344.0,27,27,99.3,100.0,37.6,1,1,4,3.3,Medium,0.593,No,0.542,No
S04360,2022,Fall,Social Work,BSW,Undergraduate,Male,Black,23,Out-of-state,No,Yes,9562.0,24,22,93.4,100.0,58.1,3,2,0,2.86,Medium,0.62,No,0.509,Yes
S04361,2025,Fall,Nutrition,MS Nutrition,Graduate,Male,Hispanic/Latino,26,In-state,No,No,8654.0,21,21,100.0,87.4,93.6,4,2,3,4.0,Low,0.869,Yes,0.813,Yes
S04362,2025,Spring,Social Work,MSW,Graduate,Nonbinary,White,22,In-state,Yes,Yes,10322.0,30,28,93.2,73.5,57.8,4,0,2,2.62,Medium,0.469,Yes,0.341,No
S04363,2023,Fall,Data Science,MS Health Data Science,Graduate,Female,Asian,32,Out-of-state,No,Yes,11633.0,27,27,100.0,87.9,81.9,5,1,2,3.67,Low,0.816,Yes,0.767,Yes
S04364,2025,Spring,Data Science,BS Health Data Science,Undergraduate,Female,Other/Unknown,22,In-state,No,Yes,670.0,33,33,100.0,88.4,52.2,4,0,1,3.88,Low,0.817,No,0.746,Yes
S04365,2025,Spring,Data Science,BS Health Data Science,Undergraduate,Female,White,21,In-state,No,No,5711.0,27,27,100.0,72.3,59.5,3,0,1,3.1,Low,0.613,Yes,0.433,No
S04366,2022,Fall,Nutrition,BS Nutrition,Undergraduate,Nonbinary,White,22,In-state,No,No,4787.0,27,25,92.0,86.3,69.7,2,3,0,2.13,Medium,0.497,Yes,0.285,No
S04367,2025,Spring,Public Health,BS Public Health,Undergraduate,Female,White,21,In-state,No,Yes,899.0,31,30,97.1,67.7,62.7,0,3,1,3.14,Medium,0.532,Yes,0.385,No
S04368,2023,Spring,Public Health,BS Public Health,Undergraduate,Male,White,25,In-state,No,Yes,4506.0,33,28,85.2,79.6,43.7,2,0,0,3.61,Medium,0.611,No,0.544,Yes
S04369,2023,Spring,Public Health,BS Public Health,Undergraduate,Male,Other/Unknown,18,Out-of-state,No,Yes,5439.0,27,27,100.0,93.3,73.9,3,4,1,2.85,Low,0.726,No,0.55,No
S04370,2025,Fall,Health Administration,MHA,Graduate,Male,Multiracial,29,In-state,Yes,Yes,6226.0,30,30,100.0,94.1,72.3,5,2,2,2.99,Low,0.78,No,0.639,Yes
S04371,2023,Spring,Data Science,MS Health Data Science,Graduate,Female,White,28,In-state,Yes,Yes,8418.0,24,24,98.7,92.8,53.3,3,1,1,4.0,Low,0.799,Yes,0.737,Yes
S04372,2026,Spring,Data Science,BS Health Data Science,Undergraduate,Male,White,25,Out-of-state,Yes,No,9023.0,32,28,86.2,92.5,61.3,1,2,1,4.0,Low,0.772,Yes,0.745,Yes
S04373,2025,Spring,Public Health,BS Public Health,Undergraduate,Female,Black,22,In-state,Yes,Yes,10076.0,27,27,100.0,100.0,73.5,4,5,2,2.85,Medium,0.681,Yes,0.608,Yes
S04374,2023,Fall,Health Administration,BS Health Administration,Undergraduate,Female,White,21,In-state,No,Yes,4260.0,32,29,90.8,74.9,96.3,5,1,3,2.39,Medium,0.632,Yes,0.445,Yes
S04375,2024,Fall,Nutrition,MS Nutrition,Graduate,Female,Hispanic/Latino,31,International,No,No,12383.0,21,21,100.0,97.9,69.8,6,1,2,3.58,Low,0.823,Yes,0.754,Yes
S04376,2025,Spring,Nutrition,BS Nutrition,Undergraduate,Male,White,19,In-state,No,Yes,7461.0,27,22,80.0,78.9,63.3,2,1,1,2.55,Medium,0.476,Yes,0.305,No
S04377,2024,Spring,Social Work,MSW,Graduate,Female,Other/Unknown,36,In-state,No,Yes,7188.0,21,20,96.5,95.3,46.8,0,4,2,3.17,Low,0.649,No,0.449,Yes
S04378,2022,Fall,Social Work,BSW,Undergraduate,Nonbinary,Asian,25,In-state,Yes,Yes,4887.0,32,30,93.7,71.9,80.5,3,0,3,3.87,Low,0.783,Yes,0.711,Yes
S04379,2025,Fall,Public Health,BS Public Health,Undergraduate,Male,Black,20,In-state,Yes,Yes,3114.0,33,30,91.0,74.3,62.8,0,1,1,2.28,High,0.306,Yes,0.142,Yes
S04380,2023,Fall,Data Science,BS Health Data Science,Undergraduate,Male,White,24,Out-of-state,Yes,Yes,5923.0,30,27,91.5,84.5,89.9,0,4,1,2.85,Medium,0.62,Yes,0.49,No
S04381,2026,Fall,Data Science,BS Health Data Science,Undergraduate,Male,Hispanic/Latino,20,Out-of-state,No,No,9207.0,27,25,94.4,77.7,61.1,2,3,1,3.73,Low,0.689,No,0.606,No
S04382,2024,Spring,Social Work,MSW,Graduate,Male,Hispanic/Latino,26,In-state,No,No,13927.0,27,26,94.7,91.2,79.5,4,3,2,3.73,Low,0.802,Yes,0.769,Yes
S04383,2024,Fall,Nutrition,BS Nutrition,Undergraduate,Female,White,20,In-state,No,Yes,2653.0,33,33,99.9,91.7,70.3,4,2,2,3.16,Low,0.782,Yes,0.658,Yes
S04384,2022,Fall,Public Health,MPH,Graduate,Female,Hispanic/Latino,22,International,Yes,Yes,10461.0,30,25,82.3,75.7,73.1,2,4,1,3.68,Medium,0.659,Yes,0.619,Yes
S04385,2025,Spring,Data Science,BS Health Data Science,Undergraduate,Male,White,23,In-state,Yes,Yes,9853.0,31,28,89.4,82.6,69.3,0,0,0,3.3,Medium,0.574,Yes,0.53,No
S04386,2025,Fall,Nutrition,BS Nutrition,Undergraduate,Female,Asian,24,International,No,Yes,4464.0,32,29,90.6,96.0,64.9,1,2,2,2.0,Medium,0.496,No,0.297,No
S04387,2025,Fall,Social Work,BSW,Undergraduate,Female,White,20,In-state,No,Yes,4028.0,31,31,100.0,98.5,99.7,1,2,3,4.0,Low,0.89,No,0.862,Yes
S04388,2023,Fall,Data Science,BS Health Data Science,Undergraduate,Female,Asian,18,In-state,No,Yes,9693.0,24,22,91.6,83.0,73.4,2,0,3,3.53,Low,0.717,Yes,0.609,No
S04389,2023,Spring,Social Work,MSW,Graduate,Female,White,32,Out-of-state,No,No,8973.0,24,24,100.0,83.9,55.9,3,3,2,4.0,Low,0.768,Yes,0.7,Yes
S04390,2022,Spring,Public Health,BS Public Health,Undergraduate,Nonbinary,Other/Unknown,19,In-state,No,Yes,2282.0,31,25,79.1,72.0,49.4,1,1,2,2.2,High,0.27,Yes,0.102,No
S04391,2025,Fall,Health Administration,MHA,Graduate,Male,White,25,In-state,Yes,No,7851.0,30,30,100.0,95.8,79.9,4,4,1,2.57,Low,0.73,No,0.551,Yes
S04392,2022,Fall,Public Health,BS Public Health,Undergraduate,Female,Black,21,In-state,Yes,Yes,5139.0,31,31,100.0,73.0,78.5,3,4,2,3.74,Low,0.765,Yes,0.687,Yes
S04393,2026,Spring,Health Administration,BS Health Administration,Undergraduate,Female,Multiracial,21,International,No,Yes,1991.0,27,25,91.4,62.4,59.6,1,2,4,2.52,Medium,0.403,No,0.21,No
S04394,2026,Spring,Health Administration,BS Health Administration,Undergraduate,Female,Multiracial,22,In-state,No,Yes,3272.0,27,22,82.6,77.9,75.1,1,1,2,2.43,Medium,0.513,Yes,0.29,No
S04395,2023,Spring,Health Administration,MHA,Graduate,Female,White,30,In-state,No,Yes,2704.0,18,18,100.0,100.0,67.4,5,0,0,3.31,Low,0.843,Yes,0.669,Yes
S04396,2023,Spring,Health Administration,BS Health Administration,Undergraduate,Female,White,18,Out-of-state,Yes,Yes,5293.0,27,27,100.0,88.7,76.3,1,0,0,2.03,Medium,0.491,No,0.287,No
S04397,2024,Spring,Social Work,BSW,Undergraduate,Male,White,18,In-state,Yes,Yes,5061.0,32,24,74.3,66.5,44.0,3,4,1,2.8,High,0.32,No,0.165,No
S04398,2022,Spring,Social Work,BSW,Undergraduate,Female,White,22,Out-of-state,Yes,Yes,4027.0,33,32,97.5,68.6,71.2,0,3,2,3.63,High,0.504,No,0.411,Yes
S04399,2023,Fall,Nutrition,BS Nutrition,Undergraduate,Male,Multiracial,19,Out-of-state,No,Yes,2224.0,30,30,98.8,76.4,84.4,3,0,2,3.12,Low,0.74,Yes,0.568,Yes
S04400,2023,Fall,Health Administration,BS Health Administration,Undergraduate,Male,White,19,In-state,Yes,Yes,4829.0,27,25,93.4,67.3,43.7,3,3,5,3.72,High,0.467,Yes,0.352,No
S04401,2023,Spring,Data Science,BS Health Data Science,Undergraduate,Female,Black,20,Out-of-state,Yes,No,6298.0,32,29,92.0,68.7,45.0,4,1,2,2.62,High,0.314,No,0.176,No
S04402,2025,Fall,Public Health,BS Public Health,Undergraduate,Male,White,18,Out-of-state,No,No,8189.0,30,29,96.1,60.6,43.9,3,2,1,3.38,Medium,0.454,No,0.392,Yes
S04403,2026,Spring,Health Administration,BS Health Administration,Undergraduate,Female,Hispanic/Latino,22,In-state,No,Yes,3386.0,27,27,100.0,73.1,84.8,5,1,1,3.46,Low,0.789,Yes,0.657,No
S04404,2023,Fall,Nutrition,BS Nutrition,Undergraduate,Female,Black,20,In-state,No,No,10367.0,30,26,87.1,99.7,74.5,3,0,1,2.88,Medium,0.666,Yes,0.592,Yes
S04405,2025,Spring,Public Health,MPH,Graduate,Male,White,39,In-state,Yes,Yes,9594.0,24,24,100.0,80.3,76.1,1,0,4,3.12,Low,0.657,Yes,0.49,Yes
S04406,2025,Spring,Health Administration,BS Health Administration,Undergraduate,Male,Hispanic/Latino,21,In-state,No,Yes,6783.0,31,27,87.4,71.7,61.2,1,4,0,2.6,Medium,0.424,Yes,0.281,No
S04407,2024,Fall,Nutrition,BS Nutrition,Undergraduate,Male,Black,18,In-state,Yes,Yes,5832.0,27,27,100.0,79.6,72.0,1,2,0,3.33,Low,0.685,Yes,0.543,Yes
S04408,2025,Spring,Public Health,BS Public Health,Undergraduate,Female,Asian,18,In-state,No,Yes,872.0,33,32,97.2,72.0,86.4,2,3,3,1.89,Medium,0.478,No,0.245,No
S04409,2024,Spring,Public Health,BS Public Health,Undergraduate,Female,White,20,In-state,No,Yes,5881.0,24,24,100.0,83.4,86.6,0,4,2,3.33,Low,0.729,No,0.58,Yes
S04410,2025,Spring,Social Work,BSW,Undergraduate,Nonbinary,Hispanic/Latino,22,In-state,No,Yes,7509.0,27,27,100.0,72.8,86.8,2,0,1,4.0,Low,0.783,Yes,0.729,Yes
S04411,2026,Spring,Nutrition,BS Nutrition,Undergraduate,Female,White,20,In-state,Yes,Yes,1725.0,32,32,100.0,95.9,60.4,5,3,0,2.91,Low,0.767,Yes,0.603,No
S04412,2022,Spring,Public Health,BS Public Health,Undergraduate,Female,Black,23,In-state,No,No,8241.0,27,24,87.2,95.7,91.1,3,3,5,2.47,Low,0.713,No,0.507,No
S04413,2025,Spring,Nutrition,BS Nutrition,Undergraduate,Female,Other/Unknown,18,In-state,No,Yes,3572.0,33,33,100.0,83.3,65.6,2,1,0,3.76,Low,0.772,Yes,0.7,No
S04414,2024,Fall,Health Administration,BS Health Administration,Undergraduate,Female,Black,18,International,No,Yes,6553.0,27,22,83.1,66.2,70.4,1,2,2,2.63,Medium,0.433,No,0.261,No
S04415,2024,Spring,Health Administration,MHA,Graduate,Female,White,32,In-state,No,No,5489.0,27,21,76.2,53.3,63.6,1,1,1,3.22,Medium,0.464,Yes,0.297,No
S04416,2022,Spring,Nutrition,BS Nutrition,Undergraduate,Female,Black,24,In-state,No,Yes,5590.0,32,32,100.0,70.9,61.3,2,0,2,3.5,Low,0.655,Yes,0.546,No
S04417,2026,Fall,Health Administration,BS Health Administration,Undergraduate,Male,Black,18,In-state,Yes,Yes,5538.0,33,29,88.7,83.6,89.8,3,0,1,2.7,Low,0.707,Yes,0.517,No
S04418,2022,Fall,Health Administration,BS Health Administration,Undergraduate,Female,Asian,19,In-state,No,Yes,3551.0,30,30,100.0,97.2,94.7,7,3,0,3.47,Low,0.896,Yes,0.836,Yes
S04419,2022,Spring,Nutrition,BS Nutrition,Undergraduate,Female,White,22,International,No,Yes,11964.0,27,25,91.0,90.4,75.1,0,3,0,3.19,Medium,0.597,Yes,0.552,No
S04420,2024,Fall,Nutrition,BS Nutrition,Undergraduate,Male,White,20,In-state,No,No,8215.0,24,24,100.0,76.7,82.1,2,2,1,3.6,Low,0.735,Yes,0.63,No
S04421,2023,Fall,Health Administration,BS Health Administration,Undergraduate,Male,Black,20,Out-of-state,No,Yes,2868.0,27,27,100.0,77.4,66.3,2,1,1,2.96,Low,0.648,No,0.432,Yes
S04422,2022,Spring,Data Science,MS Health Data Science,Graduate,Male,White,25,Out-of-state,Yes,Yes,8114.0,24,23,94.0,66.9,32.0,1,0,1,3.18,High,0.297,No,0.175,No
S04423,2025,Spring,Data Science,MS Health Data Science,Graduate,Female,Hispanic/Latino,33,Out-of-state,Yes,No,5902.0,18,16,88.9,62.4,56.1,4,0,1,2.95,Medium,0.501,Yes,0.289,No
S04424,2026,Spring,Nutrition,BS Nutrition,Undergraduate,Male,Multiracial,20,In-state,No,Yes,2263.0,27,24,90.0,83.1,83.7,5,4,2,2.97,Low,0.778,No,0.574,Yes
S04425,2023,Spring,Nutrition,BS Nutrition,Undergraduate,Female,Multiracial,22,In-state,No,Yes,239.0,31,31,100.0,100.0,94.4,0,3,3,3.93,Low,0.889,Yes,0.838,Yes
S04426,2025,Spring,Public Health,BS Public Health,Undergraduate,Male,Hispanic/Latino,22,International,No,No,13584.0,33,33,100.0,99.8,76.7,2,3,1,3.99,Low,0.816,Yes,0.84,Yes
S04427,2023,Fall,Social Work,MSW,Graduate,Female,White,30,In-state,No,No,4798.0,30,28,92.8,74.7,37.1,1,2,4,3.05,Medium,0.468,No,0.329,No
S04428,2023,Spring,Public Health,BS Public Health,Undergraduate,Female,Hispanic/Latino,23,In-state,No,Yes,6146.0,27,23,86.2,83.1,51.5,1,5,2,2.78,Low,0.55,Yes,0.331,Yes
S04429,2024,Spring,Data Science,BS Health Data Science,Undergraduate,Nonbinary,Asian,23,International,No,Yes,16285.0,31,30,97.5,74.7,62.9,2,3,1,2.75,Medium,0.397,No,0.37,Yes
S04430,2024,Fall,Health Administration,BS Health Administration,Undergraduate,Female,White,19,In-state,Yes,Yes,5632.0,32,28,86.0,70.4,48.3,3,2,0,2.19,High,0.264,No,0.119,No
S04431,2026,Fall,Public Health,MS Epidemiology,Graduate,Male,Hispanic/Latino,33,International,Yes,Yes,9240.0,21,19,90.9,76.1,51.8,2,1,0,3.05,Low,0.565,Yes,0.354,No
S04432,2023,Fall,Social Work,MSW,Graduate,Male,Other/Unknown,36,In-state,No,Yes,788.0,18,17,94.8,66.6,74.2,3,2,2,2.52,Medium,0.547,No,0.259,Yes
S04433,2023,Spring,Public Health,BS Public Health,Undergraduate,Female,White,22,In-state,Yes,Yes,4757.0,30,30,100.0,81.4,72.4,5,0,0,2.77,Low,0.695,Yes,0.506,No
S04434,2022,Spring,Data Science,MS Health Data Science,Graduate,Female,White,22,In-state,Yes,No,5448.0,18,18,98.8,68.3,77.6,1,0,3,3.11,Medium,0.578,Yes,0.384,Yes
S04435,2026,Fall,Public Health,BS Public Health,Undergraduate,Female,White,20,In-state,No,Yes,2767.0,33,30,91.1,79.8,73.5,1,1,1,2.06,Medium,0.463,No,0.256,Yes
S04436,2022,Spring,Health Administration,MHA,Graduate,Male,White,32,In-state,No,No,6091.0,27,27,100.0,93.0,67.4,4,1,4,3.85,Low,0.84,Yes,0.773,No
S04437,2024,Fall,Nutrition,MS Nutrition,Graduate,Male,White,33,International,No,Yes,5161.0,24,19,77.8,81.2,45.0,3,0,1,2.6,Medium,0.494,No,0.275,No
S04438,2022,Fall,Data Science,BS Health Data Science,Undergraduate,Male,White,21,In-state,No,No,5197.0,31,31,100.0,100.0,99.7,3,3,1,4.0,Low,0.904,Yes,0.884,Yes
S04439,2025,Spring,Public Health,BS Public Health,Undergraduate,Female,White,23,In-state,No,No,6481.0,24,22,91.8,95.3,53.8,3,1,1,3.02,Low,0.691,No,0.506,Yes
S04440,2025,Spring,Public Health,BS Public Health,Undergraduate,Male,Black,23,In-state,No,No,7750.0,33,30,91.5,88.8,46.4,2,3,2,2.22,Medium,0.415,No,0.275,Yes
S04441,2025,Fall,Nutrition,BS Nutrition,Undergraduate,Male,Black,22,In-state,No,Yes,1313.0,33,33,100.0,57.9,82.0,3,1,2,2.73,Medium,0.536,Yes,0.365,No
S04442,2026,Fall,Social Work,BSW,Undergraduate,Female,White,18,In-state,Yes,Yes,6509.0,31,28,90.7,100.0,74.6,4,2,1,2.1,Medium,0.606,Yes,0.424,No
S04443,2022,Spring,Public Health,BS Public Health,Undergraduate,Female,Other/Unknown,18,In-state,No,Yes,3714.0,33,33,100.0,77.0,73.7,5,1,2,2.37,Medium,0.568,Yes,0.397,No
S04444,2024,Fall,Data Science,BS Health Data Science,Undergraduate,Female,Black,19,International,Yes,Yes,8963.0,31,28,90.3,70.4,76.6,0,1,2,2.28,High,0.28,No,0.148,No
S04445,2022,Spring,Nutrition,MS Nutrition,Graduate,Female,Hispanic/Latino,29,In-state,Yes,Yes,3058.0,27,23,85.6,83.4,78.7,3,2,3,3.67,Low,0.822,Yes,0.686,Yes
S04446,2025,Spring,Data Science,BS Health Data Science,Undergraduate,Male,Hispanic/Latino,21,In-state,No,Yes,11794.0,27,25,90.8,78.6,53.2,0,2,0,2.88,High,0.307,No,0.212,No
S04447,2024,Fall,Social Work,BSW,Undergraduate,Female,Asian,22,Out-of-state,No,No,10753.0,30,30,100.0,100.0,100.0,3,3,1,3.71,Low,0.862,Yes,0.847,Yes
S04448,2025,Fall,Public Health,BS Public Health,Undergraduate,Female,Black,18,In-state,No,Yes,4388.0,31,27,88.6,83.0,72.8,2,2,2,2.27,Medium,0.516,Yes,0.318,Yes
S04449,2025,Fall,Public Health,BS Public Health,Undergraduate,Female,Asian,21,In-state,No,Yes,4251.0,30,30,100.0,96.5,70.1,3,0,2,3.66,Low,0.827,No,0.76,Yes
S04450,2026,Fall,Nutrition,BS Nutrition,Undergraduate,Male,Black,18,In-state,No,Yes,8685.0,30,27,90.3,82.1,95.8,2,3,1,2.52,Low,0.647,Yes,0.449,No
S04451,2024,Spring,Public Health,BS Public Health,Undergraduate,Male,White,25,In-state,Yes,No,6220.0,24,24,100.0,100.0,67.8,5,0,2,3.11,Low,0.791,Yes,0.654,Yes
S04452,2023,Spring,Social Work,MSW,Graduate,Male,Black,25,In-state,No,No,10829.0,30,30,100.0,84.1,97.4,5,0,2,4.0,Low,0.867,Yes,0.85,Yes
S04453,2022,Fall,Health Administration,BS Health Administration,Undergraduate,Female,Hispanic/Latino,21,In-state,No,No,11619.0,31,29,93.8,75.9,62.2,3,2,3,3.89,Medium,0.647,Yes,0.677,Yes
S04454,2025,Fall,Nutrition,BS Nutrition,Undergraduate,Male,Black,21,In-state,No,No,5865.0,32,32,100.0,87.9,66.4,2,1,1,3.06,Low,0.687,No,0.553,Yes
S04455,2026,Fall,Social Work,BSW,Undergraduate,Female,Black,23,Out-of-state,No,Yes,3438.0,31,31,100.0,78.9,45.1,1,0,2,3.97,Low,0.711,Yes,0.634,No
S04456,2025,Spring,Public Health,BS Public Health,Undergraduate,Female,Hispanic/Latino,20,In-state,Yes,Yes,0.0,24,24,100.0,90.3,59.1,3,3,2,3.45,Low,0.787,Yes,0.616,Yes
S04457,2023,Spring,Data Science,BS Health Data Science,Undergraduate,Female,Hispanic/Latino,20,In-state,No,Yes,1277.0,30,30,99.6,79.8,58.8,3,4,0,2.97,Low,0.669,Yes,0.461,No
S04458,2022,Fall,Public Health,BS Public Health,Undergraduate,Male,White,21,In-state,No,Yes,4939.0,24,22,91.5,78.3,67.1,1,0,4,2.75,Medium,0.523,Yes,0.341,No
S04459,2022,Fall,Nutrition,BS Nutrition,Undergraduate,Male,Hispanic/Latino,22,In-state,No,Yes,2340.0,32,29,91.2,57.9,96.7,4,0,3,2.94,Medium,0.628,Yes,0.463,No
S04460,2023,Spring,Nutrition,BS Nutrition,Undergraduate,Female,White,20,In-state,No,Yes,6956.0,32,31,98.3,79.1,47.6,0,3,0,2.76,Medium,0.421,No,0.317,No
S04461,2024,Fall,Public Health,MS Epidemiology,Graduate,Male,Black,38,Out-of-state,No,Yes,4748.0,24,24,100.0,99.1,58.0,0,2,2,3.13,Low,0.717,Yes,0.526,No
S04462,2025,Spring,Social Work,BSW,Undergraduate,Female,Black,21,Out-of-state,No,No,13866.0,27,21,77.5,78.0,63.7,2,0,3,2.99,Medium,0.48,No,0.401,No
S04463,2024,Spring,Data Science,MS Health Data Science,Graduate,Female,Hispanic/Latino,37,In-state,No,Yes,5196.0,30,30,100.0,79.0,84.5,0,2,1,3.41,Medium,0.684,Yes,0.601,Yes
S04464,2025,Spring,Data Science,BS Health Data Science,Undergraduate,Female,White,21,Out-of-state,No,No,10090.0,30,26,86.2,79.3,66.8,0,0,0,2.7,High,0.341,No,0.219,Yes
S04465,2026,Spring,Public Health,MS Epidemiology,Graduate,Female,Black,22,In-state,Yes,Yes,6378.0,21,21,100.0,97.2,87.0,3,3,2,3.72,Low,0.864,Yes,0.777,Yes
S04466,2025,Fall,Social Work,MSW,Graduate,Female,Asian,29,Out-of-state,No,Yes,6378.0,24,24,100.0,88.4,76.1,4,0,0,3.33,Low,0.791,No,0.649,Yes
S04467,2025,Spring,Social Work,MSW,Graduate,Male,Black,26,In-state,Yes,Yes,4934.0,30,30,99.3,79.0,49.8,1,0,1,3.59,Low,0.678,Yes,0.549,No
S04468,2024,Fall,Health Administration,BS Health Administration,Undergraduate,Female,Asian,23,In-state,Yes,Yes,9257.0,24,23,95.2,62.5,51.6,1,2,3,3.44,Medium,0.451,Yes,0.372,Yes
S04469,2024,Fall,Public Health,MS Epidemiology,Graduate,Female,White,26,Out-of-state,No,Yes,8856.0,24,24,100.0,75.9,56.4,3,0,1,3.84,Low,0.718,No,0.62,No
S04470,2024,Spring,Health Administration,BS Health Administration,Undergraduate,Female,White,24,Out-of-state,Yes,Yes,4587.0,30,25,84.1,92.8,69.4,1,2,2,2.01,Medium,0.494,Yes,0.275,No
S04471,2023,Fall,Social Work,BSW,Undergraduate,Male,White,21,Out-of-state,Yes,Yes,355.0,24,17,72.2,68.4,40.1,2,1,0,2.13,High,0.251,No,0.071,No
S04472,2022,Spring,Health Administration,MHA,Graduate,Male,Black,29,In-state,No,No,6004.0,21,21,100.0,93.4,71.6,1,0,3,4.0,Low,0.83,No,0.745,Yes
S04473,2026,Spring,Nutrition,MS Nutrition,Graduate,Male,Black,23,Out-of-state,No,Yes,4303.0,27,26,96.9,60.8,100.0,4,4,5,3.09,Medium,0.676,No,0.515,No
S04474,2022,Spring,Data Science,BS Health Data Science,Undergraduate,Female,White,18,In-state,No,Yes,0.0,33,33,100.0,77.2,74.5,1,1,1,3.59,Low,0.763,No,0.638,No
S04475,2024,Spring,Data Science,BS Health Data Science,Undergraduate,Female,Multiracial,21,In-state,No,Yes,3616.0,32,32,100.0,98.1,73.4,3,1,2,3.79,Low,0.853,Yes,0.805,Yes
S04476,2022,Fall,Social Work,BSW,Undergraduate,Female,Other/Unknown,20,In-state,No,No,10748.0,24,24,100.0,92.9,100.0,3,2,1,3.12,Low,0.784,Yes,0.681,No
S04477,2024,Spring,Social Work,BSW,Undergraduate,Male,White,20,In-state,Yes,No,9460.0,33,30,90.8,83.5,52.7,3,0,2,3.04,Low,0.603,No,0.481,No
S04478,2022,Fall,Nutrition,BS Nutrition,Undergraduate,Female,Black,25,Out-of-state,No,Yes,4941.0,24,22,90.6,83.6,46.2,1,2,1,3.65,Low,0.679,Yes,0.531,Yes
S04479,2026,Fall,Public Health,BS Public Health,Undergraduate,Female,White,20,International,Yes,Yes,13337.0,27,27,100.0,100.0,80.0,2,1,1,3.91,Low,0.817,Yes,0.815,No
S04480,2026,Spring,Social Work,BSW,Undergraduate,Male,White,19,In-state,No,No,9323.0,32,32,100.0,94.1,90.9,2,1,2,3.88,Low,0.841,Yes,0.829,No
S04481,2026,Fall,Nutrition,MS Nutrition,Graduate,Female,Hispanic/Latino,28,In-state,No,No,5727.0,18,18,100.0,83.8,55.9,1,0,0,4.0,Low,0.763,Yes,0.632,No
S04482,2024,Spring,Social Work,BSW,Undergraduate,Male,Asian,19,Out-of-state,No,No,15174.0,30,30,100.0,87.1,100.0,2,2,1,2.93,Low,0.687,Yes,0.619,Yes
S04483,2023,Spring,Data Science,BS Health Data Science,Undergraduate,Female,White,21,International,No,Yes,6516.0,24,22,91.4,79.5,59.4,4,1,2,2.71,Medium,0.541,Yes,0.369,No
S04484,2023,Spring,Public Health,BS Public Health,Undergraduate,Nonbinary,White,20,In-state,Yes,Yes,4601.0,27,27,100.0,93.1,71.2,3,3,3,4.0,Low,0.847,No,0.796,Yes
S04485,2026,Spring,Health Administration,BS Health Administration,Undergraduate,Female,Black,20,In-state,No,No,9000.0,32,32,100.0,82.0,56.8,2,3,2,4.0,Low,0.733,Yes,0.716,Yes
S04486,2023,Spring,Data Science,MS Health Data Science,Graduate,Female,White,36,In-state,No,No,17271.0,24,24,100.0,86.9,90.6,4,0,3,3.73,Low,0.79,Yes,0.769,Yes
S04487,2023,Fall,Data Science,BS Health Data Science,Undergraduate,Male,White,24,Out-of-state,No,Yes,7277.0,31,31,100.0,87.4,81.9,2,4,1,3.22,Low,0.739,Yes,0.637,Yes
S04488,2022,Spring,Health Administration,MHA,Graduate,Male,Multiracial,31,In-state,No,Yes,6633.0,30,30,100.0,87.8,72.2,3,6,0,4.0,Low,0.833,Yes,0.789,Yes
S04489,2026,Fall,Nutrition,MS Nutrition,Graduate,Female,White,35,In-state,No,Yes,1347.0,27,23,85.1,89.2,47.2,1,4,2,3.26,Low,0.702,No,0.474,No
S04490,2024,Spring,Health Administration,MHA,Graduate,Female,White,22,In-state,Yes,No,9798.0,24,23,97.7,94.0,69.8,6,0,2,3.54,Low,0.821,Yes,0.736,No
S04491,2026,Spring,Health Administration,BS Health Administration,Undergraduate,Male,Hispanic/Latino,20,In-state,Yes,Yes,9461.0,32,32,100.0,86.6,87.8,6,1,3,4.0,Low,0.864,No,0.857,Yes
S04492,2025,Spring,Data Science,BS Health Data Science,Undergraduate,Female,Black,21,In-state,Yes,No,11067.0,33,33,100.0,96.5,90.5,3,1,3,4.0,Low,0.858,Yes,0.865,Yes
S04493,2022,Spring,Public Health,BS Public Health,Undergraduate,Female,White,22,Out-of-state,Yes,No,13962.0,31,30,96.3,82.6,83.7,2,1,3,2.9,Medium,0.558,No,0.527,No
S04494,2025,Fall,Health Administration,BS Health Administration,Undergraduate,Female,Multiracial,20,In-state,No,Yes,6266.0,24,23,97.6,81.6,28.7,2,0,2,2.74,Medium,0.412,Yes,0.264,Yes
S04495,2026,Fall,Nutrition,MS Nutrition,Graduate,Female,White,24,In-state,No,Yes,9716.0,30,30,100.0,83.1,89.0,3,2,4,3.51,Low,0.785,Yes,0.714,No
S04496,2026,Fall,Nutrition,BS Nutrition,Undergraduate,Female,White,23,In-state,No,No,9331.0,24,24,100.0,85.7,95.7,1,1,1,3.55,Low,0.777,No,0.693,No
S04497,2023,Spring,Nutrition,BS Nutrition,Undergraduate,Male,Hispanic/Latino,23,In-state,No,No,7760.0,30,30,100.0,86.8,59.7,1,2,3,3.35,Low,0.669,Yes,0.567,No
S04498,2022,Fall,Data Science,BS Health Data Science,Undergraduate,Female,Black,21,International,No,Yes,11093.0,32,30,94.4,91.5,48.5,3,2,0,2.93,Low,0.6,Yes,0.489,No
S04499,2022,Spring,Data Science,MS Health Data Science,Graduate,Male,White,38,In-state,No,No,9208.0,21,18,87.4,86.5,87.3,1,3,2,2.74,Low,0.671,Yes,0.433,No
S04500,2026,Spring,Health Administration,BS Health Administration,Undergraduate,Female,Other/Unknown,21,International,No,No,6580.0,27,27,98.5,82.5,95.5,1,4,0,3.77,Low,0.807,Yes,0.738,Yes
S04501,2025,Fall,Health Administration,BS Health Administration,Undergraduate,Female,Black,23,In-state,No,No,5079.0,32,32,100.0,86.2,58.4,5,1,2,3.26,Low,0.739,Yes,0.626,Yes
S04502,2023,Spring,Nutrition,BS Nutrition,Undergraduate,Male,Black,20,Out-of-state,Yes,Yes,2928.0,27,27,100.0,88.5,85.8,2,5,2,3.65,Low,0.828,Yes,0.731,Yes
S04503,2025,Spring,Social Work,BSW,Undergraduate,Female,White,22,In-state,No,No,8935.0,27,23,85.4,77.0,61.0,1,1,1,3.28,Low,0.601,No,0.45,No
S04504,2022,Fall,Health Administration,BS Health Administration,Undergraduate,Male,White,24,In-state,No,Yes,8793.0,30,30,100.0,100.0,96.7,2,4,0,3.43,Low,0.832,Yes,0.783,No
S04505,2022,Spring,Health Administration,BS Health Administration,Undergraduate,Female,Black,22,In-state,Yes,Yes,4394.0,33,33,100.0,100.0,78.0,3,1,0,3.34,Low,0.823,Yes,0.747,Yes
S04506,2025,Fall,Health Administration,BS Health Administration,Undergraduate,Male,Black,22,In-state,Yes,Yes,9136.0,31,31,100.0,88.7,64.1,4,1,2,3.28,Low,0.72,No,0.639,Yes
S04507,2022,Fall,Public Health,BS Public Health,Undergraduate,Male,Asian,20,Out-of-state,No,Yes,3824.0,24,24,100.0,100.0,86.5,3,1,2,3.31,Low,0.84,Yes,0.722,Yes
S04508,2022,Spring,Health Administration,BS Health Administration,Undergraduate,Female,White,19,Out-of-state,Yes,Yes,2685.0,27,23,86.6,95.7,63.3,1,1,1,3.82,Low,0.811,Yes,0.706,Yes
S04509,2022,Spring,Nutrition,MS Nutrition,Graduate,Nonbinary,White,33,Out-of-state,No,Yes,6656.0,18,18,100.0,89.2,91.5,5,1,2,3.84,Low,0.877,Yes,0.79,Yes
S04510,2024,Spring,Nutrition,BS Nutrition,Undergraduate,Female,Hispanic/Latino,21,In-state,No,Yes,7780.0,31,31,100.0,75.2,54.0,6,4,1,3.84,Low,0.748,Yes,0.7,No
S04511,2026,Fall,Social Work,BSW,Undergraduate,Male,Black,23,In-state,Yes,No,6871.0,32,28,88.1,64.4,63.6,4,0,0,2.43,High,0.319,Yes,0.167,No
S04512,2023,Fall,Health Administration,BS Health Administration,Undergraduate,Male,Black,20,In-state,No,Yes,3938.0,24,21,87.8,91.0,56.7,0,2,0,3.79,Low,0.752,Yes,0.622,Yes
S04513,2025,Fall,Public Health,BS Public Health,Undergraduate,Female,White,22,In-state,Yes,Yes,3444.0,31,31,100.0,96.5,61.8,2,1,3,3.85,Low,0.821,Yes,0.764,Yes
S04514,2025,Fall,Nutrition,BS Nutrition,Undergraduate,Male,Asian,20,Out-of-state,No,Yes,104.0,30,27,89.4,61.1,82.9,3,3,1,2.98,Medium,0.608,Yes,0.415,No
S04515,2023,Fall,Health Administration,BS Health Administration,Undergraduate,Female,Asian,23,In-state,No,Yes,779.0,30,30,99.0,87.9,61.2,4,3,0,3.68,Low,0.815,Yes,0.713,Yes
S04516,2026,Spring,Social Work,MSW,Graduate,Female,Asian,29,Out-of-state,No,No,10144.0,27,23,86.4,80.9,54.9,3,1,4,3.48,Low,0.676,Yes,0.546,No
S04517,2024,Spring,Data Science,MS Health Data Science,Graduate,Male,Hispanic/Latino,22,In-state,Yes,No,12814.0,18,17,92.6,91.3,82.5,2,1,2,3.03,Low,0.704,No,0.534,Yes
S04518,2024,Spring,Health Administration,BS Health Administration,Undergraduate,Male,Hispanic/Latino,23,In-state,No,No,10800.0,24,24,100.0,92.9,75.7,2,1,3,2.58,Medium,0.566,No,0.444,No
S04519,2026,Spring,Nutrition,BS Nutrition,Undergraduate,Female,White,22,In-state,No,Yes,4150.0,24,24,100.0,67.5,82.1,3,3,3,2.52,Medium,0.526,Yes,0.32,No
S04520,2026,Spring,Nutrition,BS Nutrition,Undergraduate,Female,White,22,In-state,No,Yes,5294.0,24,22,91.6,81.3,68.7,4,2,1,2.24,Medium,0.519,Yes,0.298,Yes
S04521,2022,Spring,Public Health,BS Public Health,Undergraduate,Male,White,18,Out-of-state,No,Yes,7439.0,30,30,98.5,60.3,33.9,2,3,2,3.21,Medium,0.38,No,0.307,No
S04522,2022,Spring,Public Health,BS Public Health,Undergraduate,Female,Hispanic/Latino,19,In-state,Yes,Yes,1882.0,33,32,97.2,85.5,59.8,1,0,0,3.52,Low,0.735,No,0.615,No
S04523,2022,Spring,Health Administration,MHA,Graduate,Female,White,36,In-state,No,Yes,3009.0,21,21,100.0,68.0,90.6,3,4,3,3.39,Medium,0.717,Yes,0.555,Yes
S04524,2023,Fall,Social Work,BSW,Undergraduate,Male,Other/Unknown,18,In-state,No,No,3056.0,32,32,100.0,79.9,80.3,5,0,0,4.0,Low,0.854,Yes,0.808,Yes
S04525,2023,Fall,Data Science,BS Health Data Science,Undergraduate,Female,Black,22,In-state,No,Yes,2905.0,31,30,97.5,81.7,65.7,2,0,2,2.75,Low,0.636,Yes,0.421,Yes
S04526,2024,Spring,Public Health,BS Public Health,Undergraduate,Female,Black,19,In-state,No,No,14152.0,27,26,97.5,72.1,74.0,2,2,2,2.62,Medium,0.42,Yes,0.337,No
S04527,2026,Spring,Public Health,MS Epidemiology,Graduate,Female,White,23,Out-of-state,No,Yes,6995.0,21,20,93.4,83.5,100.0,2,3,2,2.33,Medium,0.616,Yes,0.383,No
S04528,2026,Spring,Nutrition,BS Nutrition,Undergraduate,Female,White,23,In-state,No,Yes,4907.0,31,31,100.0,80.4,67.8,4,1,2,3.24,Low,0.723,Yes,0.594,No
S04529,2024,Spring,Social Work,MSW,Graduate,Female,White,22,In-state,No,Yes,6130.0,21,21,98.8,81.7,57.9,3,4,4,3.46,Low,0.719,Yes,0.545,No
S04530,2025,Fall,Social Work,BSW,Undergraduate,Male,White,21,In-state,Yes,No,8701.0,24,24,100.0,98.2,90.1,4,2,0,3.24,Low,0.819,Yes,0.725,No
S04531,2026,Spring,Public Health,BS Public Health,Undergraduate,Male,Other/Unknown,23,Out-of-state,No,No,10343.0,24,23,94.7,80.4,68.8,1,0,2,2.76,Medium,0.489,Yes,0.367,No
S04532,2022,Spring,Social Work,BSW,Undergraduate,Male,Hispanic/Latino,18,Out-of-state,Yes,Yes,12177.0,31,31,100.0,63.6,83.8,3,0,0,3.57,Medium,0.6,Yes,0.609,Yes
S04533,2025,Fall,Data Science,BS Health Data Science,Undergraduate,Female,White,23,Out-of-state,No,Yes,2299.0,27,24,88.2,90.5,74.4,3,2,2,2.54,Low,0.699,Yes,0.435,No
S04534,2025,Spring,Nutrition,BS Nutrition,Undergraduate,Male,White,21,International,Yes,Yes,5369.0,31,31,100.0,100.0,67.5,4,0,3,3.99,Low,0.865,Yes,0.839,Yes
S04535,2023,Fall,Social Work,BSW,Undergraduate,Male,Multiracial,18,Out-of-state,Yes,No,5258.0,33,31,95.2,67.4,60.4,1,1,5,3.01,Medium,0.478,No,0.368,Yes
S04536,2024,Spring,Health Administration,BS Health Administration,Undergraduate,Female,White,18,In-state,Yes,Yes,4044.0,24,23,95.1,88.8,75.4,0,2,3,2.34,High,0.42,No,0.203,No
S04537,2024,Fall,Health Administration,BS Health Administration,Undergraduate,Male,White,18,In-state,No,Yes,0.0,30,30,100.0,82.4,91.0,2,2,1,3.57,Low,0.829,Yes,0.714,No
S04538,2024,Fall,Nutrition,BS Nutrition,Undergraduate,Female,Asian,19,In-state,Yes,Yes,6963.0,32,31,97.4,86.1,51.3,2,1,0,3.66,Low,0.707,Yes,0.638,No
S04539,2026,Fall,Data Science,MS Health Data Science,Graduate,Female,Hispanic/Latino,29,In-state,No,Yes,5707.0,18,18,100.0,97.6,100.0,8,5,2,4.0,Low,0.934,Yes,0.887,Yes
S04540,2024,Fall,Data Science,BS Health Data Science,Undergraduate,Female,Black,23,In-state,Yes,Yes,0.0,24,24,100.0,76.7,88.7,3,2,4,3.14,Low,0.772,Yes,0.555,No
S04541,2025,Fall,Social Work,BSW,Undergraduate,Female,White,23,In-state,No,Yes,3071.0,27,27,100.0,96.0,86.7,4,3,3,3.81,Low,0.882,Yes,0.823,Yes
S04542,2023,Fall,Nutrition,BS Nutrition,Undergraduate,Male,Asian,18,In-state,No,No,9207.0,31,31,100.0,79.8,88.9,2,2,1,2.75,Medium,0.583,Yes,0.494,No
S04543,2025,Fall,Data Science,BS Health Data Science,Undergraduate,Male,Other/Unknown,21,In-state,No,Yes,759.0,24,24,100.0,89.7,77.2,2,0,3,2.44,Low,0.686,Yes,0.394,No
S04544,2023,Fall,Public Health,BS Public Health,Undergraduate,Female,Hispanic/Latino,20,In-state,No,Yes,2696.0,31,31,99.1,91.0,48.1,1,3,0,3.54,Low,0.723,Yes,0.609,Yes
S04545,2024,Spring,Social Work,BSW,Undergraduate,Female,Other/Unknown,18,In-state,Yes,Yes,88.0,30,30,100.0,94.7,41.7,1,1,2,3.62,Low,0.752,Yes,0.623,Yes
S04546,2026,Fall,Public Health,MS Epidemiology,Graduate,Female,White,25,In-state,No,Yes,4591.0,18,18,100.0,88.3,58.6,3,0,3,2.63,Low,0.649,Yes,0.356,No
S04547,2023,Fall,Social Work,BSW,Undergraduate,Female,Asian,20,In-state,Yes,Yes,6568.0,24,22,92.1,85.6,64.1,3,1,0,2.8,Low,0.642,No,0.424,No
S04548,2024,Spring,Social Work,BSW,Undergraduate,Male,White,20,In-state,Yes,No,5516.0,32,27,84.7,74.7,70.6,2,0,3,3.28,Low,0.67,Yes,0.513,No
S04549,2024,Spring,Public Health,BS Public Health,Undergraduate,Female,White,19,In-state,Yes,No,10098.0,31,31,100.0,86.5,92.4,2,3,1,3.23,Low,0.743,Yes,0.668,Yes
S04550,2025,Spring,Data Science,BS Health Data Science,Undergraduate,Female,Hispanic/Latino,20,In-state,No,Yes,2504.0,32,31,97.5,74.7,97.3,4,0,0,2.98,Low,0.763,Yes,0.591,Yes
S04551,2026,Fall,Nutrition,BS Nutrition,Undergraduate,Female,Asian,21,In-state,Yes,No,2817.0,24,24,100.0,60.1,64.7,2,0,1,3.57,Medium,0.588,No,0.461,Yes
S04552,2026,Spring,Health Administration,BS Health Administration,Undergraduate,Female,White,25,In-state,Yes,No,8720.0,33,29,88.2,80.0,100.0,3,3,2,3.13,Low,0.75,Yes,0.64,No
S04553,2026,Spring,Social Work,BSW,Undergraduate,Male,Hispanic/Latino,20,In-state,Yes,Yes,0.0,30,29,98.2,90.1,95.8,3,1,2,2.15,Medium,0.673,Yes,0.435,No
S04554,2023,Spring,Public Health,MS Epidemiology,Graduate,Male,Black,31,In-state,Yes,Yes,5571.0,30,30,100.0,97.9,78.9,2,3,0,4.0,Low,0.868,Yes,0.83,Yes
S04555,2025,Spring,Public Health,BS Public Health,Undergraduate,Male,Asian,21,In-state,Yes,Yes,1377.0,31,27,87.4,70.1,60.2,4,0,4,3.06,Low,0.657,Yes,0.433,No
S04556,2022,Spring,Health Administration,BS Health Administration,Undergraduate,Female,White,19,In-state,No,No,13332.0,24,23,95.8,98.3,80.3,3,1,1,3.66,Low,0.799,Yes,0.762,Yes
S04557,2026,Fall,Public Health,BS Public Health,Undergraduate,Male,Black,24,In-state,Yes,No,8541.0,33,33,100.0,100.0,63.1,2,1,2,2.95,Low,0.697,No,0.595,No
S04558,2023,Fall,Social Work,MSW,Graduate,Female,Black,25,In-state,Yes,Yes,4636.0,18,18,100.0,87.4,79.0,4,4,2,3.4,Low,0.812,No,0.637,Yes
S04559,2022,Fall,Data Science,BS Health Data Science,Undergraduate,Male,White,23,In-state,No,No,5193.0,30,29,95.4,72.1,83.3,5,1,4,3.3,Low,0.75,No,0.617,No
S04560,2026,Fall,Public Health,MS Epidemiology,Graduate,Male,Black,24,In-state,No,No,12973.0,18,18,100.0,95.9,79.7,1,2,1,4.0,Low,0.814,Yes,0.764,No
S04561,2025,Spring,Data Science,BS Health Data Science,Undergraduate,Male,White,20,In-state,No,Yes,2154.0,24,23,95.4,76.1,96.9,0,0,1,3.17,Medium,0.682,Yes,0.522,No
S04562,2023,Fall,Social Work,BSW,Undergraduate,Male,White,25,In-state,No,No,3986.0,32,30,92.5,74.8,83.2,2,0,3,2.49,Medium,0.548,Yes,0.374,No
S04563,2026,Fall,Public Health,MS Epidemiology,Graduate,Male,White,32,In-state,No,Yes,8912.0,27,27,100.0,88.3,100.0,3,2,2,3.67,Low,0.845,Yes,0.785,Yes
S04564,2025,Fall,Data Science,BS Health Data Science,Undergraduate,Male,Hispanic/Latino,21,In-state,Yes,Yes,10210.0,32,29,90.5,76.7,66.6,2,2,0,2.17,High,0.288,No,0.159,No
S04565,2024,Fall,Public Health,MS Epidemiology,Graduate,Female,Hispanic/Latino,36,Out-of-state,No,Yes,2081.0,27,26,96.7,80.4,85.6,3,6,3,3.29,Low,0.794,No,0.616,Yes
S04566,2026,Spring,Data Science,BS Health Data Science,Undergraduate,Female,Multiracial,21,In-state,No,No,7502.0,32,30,93.1,89.8,53.6,3,0,0,3.68,Low,0.745,Yes,0.684,Yes
S04567,2024,Spring,Social Work,BSW,Undergraduate,Female,Black,19,Out-of-state,Yes,Yes,474.0,24,22,90.7,56.5,61.0,3,1,0,2.58,High,0.333,No,0.129,No
S04568,2023,Fall,Nutrition,BS Nutrition,Undergraduate,Male,Multiracial,19,Out-of-state,No,Yes,9037.0,33,33,100.0,77.6,82.5,0,0,4,3.36,Medium,0.609,Yes,0.59,Yes
S04569,2026,Spring,Public Health,BS Public Health,Undergraduate,Female,White,20,In-state,No,Yes,0.0,31,30,96.2,61.2,46.6,1,2,1,2.58,Medium,0.381,Yes,0.204,No
S04570,2024,Fall,Public Health,BS Public Health,Undergraduate,Female,White,18,In-state,No,Yes,3030.0,27,27,100.0,89.6,73.0,3,2,2,3.55,Low,0.807,Yes,0.697,Yes
S04571,2022,Fall,Nutrition,BS Nutrition,Undergraduate,Male,White,21,In-state,No,Yes,6697.0,31,31,100.0,80.6,56.8,3,0,3,3.92,Low,0.75,No,0.703,Yes
S04572,2025,Spring,Nutrition,BS Nutrition,Undergraduate,Female,White,18,In-state,Yes,Yes,3120.0,33,30,91.3,73.1,73.0,2,1,0,2.34,High,0.377,Yes,0.188,No
S04573,2025,Fall,Nutrition,BS Nutrition,Undergraduate,Female,White,20,In-state,No,No,5684.0,32,31,98.4,84.6,100.0,2,1,1,2.88,Low,0.746,Yes,0.598,Yes
S04574,2024,Spring,Social Work,BSW,Undergraduate,Female,White,24,In-state,No,Yes,783.0,30,30,100.0,84.6,65.0,3,3,2,3.62,Low,0.793,Yes,0.677,Yes
S04575,2022,Fall,Data Science,BS Health Data Science,Undergraduate,Male,Asian,19,In-state,Yes,No,6369.0,33,33,99.5,94.4,75.5,3,2,1,2.67,Low,0.704,No,0.55,No
S04576,2025,Fall,Nutrition,MS Nutrition,Graduate,Male,White,26,In-state,Yes,Yes,3337.0,21,21,100.0,86.9,89.5,3,2,2,3.73,Low,0.857,Yes,0.739,Yes
S04577,2022,Spring,Social Work,BSW,Undergraduate,Female,Black,21,International,Yes,Yes,3322.0,33,33,100.0,79.1,68.7,3,3,2,2.88,Medium,0.609,Yes,0.488,No
S04578,2026,Fall,Public Health,BS Public Health,Undergraduate,Male,White,18,In-state,No,Yes,3704.0,31,26,83.1,72.1,59.3,1,3,2,3.06,Low,0.586,Yes,0.377,Yes
S04579,2022,Fall,Social Work,MSW,Graduate,Male,Hispanic/Latino,26,In-state,Yes,Yes,11117.0,24,19,78.8,76.4,38.0,1,3,3,2.9,High,0.294,Yes,0.164,No
S04580,2026,Spring,Social Work,BSW,Undergraduate,Female,Black,22,International,Yes,Yes,10716.0,30,28,93.8,84.2,79.2,2,2,3,3.14,Low,0.677,Yes,0.572,No
S04581,2022,Spring,Public Health,BS Public Health,Undergraduate,Male,Black,22,In-state,No,Yes,6052.0,27,22,82.2,77.3,72.8,1,1,1,2.23,Medium,0.443,Yes,0.242,No
S04582,2025,Spring,Public Health,MS Epidemiology,Graduate,Female,White,37,In-state,Yes,Yes,9460.0,18,18,100.0,91.2,90.0,2,0,3,3.62,Low,0.816,Yes,0.707,Yes
S04583,2026,Spring,Social Work,MSW,Graduate,Female,White,26,Out-of-state,No,Yes,11937.0,18,18,100.0,77.1,64.6,4,1,3,3.96,Medium,0.702,No,0.667,Yes
S04584,2023,Spring,Public Health,BS Public Health,Undergraduate,Male,Hispanic/Latino,19,Out-of-state,No,No,5383.0,30,30,100.0,92.2,60.4,3,0,0,3.64,Low,0.782,No,0.707,Yes
S04585,2023,Spring,Data Science,MS Health Data Science,Graduate,Male,White,32,Out-of-state,No,No,11106.0,27,27,100.0,96.5,86.5,2,2,1,3.7,Low,0.825,Yes,0.781,Yes
S04586,2022,Fall,Nutrition,MS Nutrition,Graduate,Female,Black,32,In-state,No,Yes,4631.0,30,28,93.0,81.8,65.7,3,6,3,2.99,Low,0.692,Yes,0.492,Yes
S04587,2023,Spring,Health Administration,BS Health Administration,Undergraduate,Female,Asian,18,In-state,No,No,4064.0,32,32,100.0,99.2,100.0,5,2,3,3.61,Low,0.898,Yes,0.856,Yes
S04588,2025,Fall,Public Health,MS Epidemiology,Graduate,Female,White,30,In-state,No,Yes,0.0,24,24,100.0,80.4,80.3,0,1,0,3.78,Low,0.808,No,0.652,Yes
S04589,2022,Spring,Social Work,BSW,Undergraduate,Female,Hispanic/Latino,20,Out-of-state,Yes,No,14913.0,30,27,91.4,87.8,100.0,2,0,2,2.36,High,0.435,No,0.317,Yes
S04590,2026,Fall,Public Health,MS Epidemiology,Graduate,Female,Multiracial,30,In-state,No,Yes,5174.0,30,30,100.0,100.0,96.9,5,2,3,3.35,Low,0.882,No,0.809,Yes
S04591,2025,Spring,Nutrition,BS Nutrition,Undergraduate,Female,Multiracial,22,In-state,No,Yes,3340.0,33,33,98.6,85.8,70.7,4,1,1,3.26,Low,0.767,Yes,0.649,Yes
S04592,2023,Spring,Social Work,BSW,Undergraduate,Male,White,25,In-state,Yes,Yes,4437.0,24,24,100.0,92.6,71.8,6,1,1,3.06,Low,0.793,Yes,0.631,No
S04593,2026,Fall,Social Work,BSW,Undergraduate,Female,White,21,In-state,No,Yes,5610.0,32,28,88.3,65.3,87.1,5,0,3,1.95,High,0.356,Yes,0.157,No
S04594,2024,Fall,Data Science,BS Health Data Science,Undergraduate,Female,White,23,Out-of-state,No,Yes,5785.0,33,33,100.0,100.0,73.6,4,2,0,2.6,Low,0.735,Yes,0.58,No
S04595,2024,Spring,Social Work,MSW,Graduate,Male,Other/Unknown,30,In-state,No,Yes,8364.0,21,21,100.0,80.7,72.3,3,2,2,3.21,Low,0.704,No,0.522,No
S04596,2025,Spring,Data Science,MS Health Data Science,Graduate,Female,White,23,Out-of-state,Yes,No,10904.0,24,21,89.5,67.6,57.2,4,1,3,3.02,Medium,0.494,No,0.363,No
S04597,2024,Spring,Health Administration,BS Health Administration,Undergraduate,Female,Asian,20,In-state,Yes,Yes,4228.0,33,33,100.0,92.2,91.7,4,3,0,2.98,Low,0.804,Yes,0.686,Yes
S04598,2025,Spring,Public Health,MS Epidemiology,Graduate,Female,Hispanic/Latino,31,In-state,No,No,9087.0,24,23,96.1,91.4,54.8,2,4,1,3.27,Low,0.687,Yes,0.536,No
S04599,2023,Spring,Public Health,BS Public Health,Undergraduate,Male,Hispanic/Latino,22,In-state,No,No,5845.0,33,33,98.5,87.8,81.9,1,1,2,2.89,Low,0.693,Yes,0.55,No
S04600,2024,Spring,Health Administration,BS Health Administration,Undergraduate,Female,Black,22,In-state,Yes,Yes,4906.0,30,30,100.0,80.2,98.3,1,4,2,3.52,Low,0.79,Yes,0.697,No
S04601,2023,Fall,Nutrition,MS Nutrition,Graduate,Nonbinary,White,42,In-state,Yes,Yes,5574.0,24,24,99.8,84.3,71.7,3,1,3,3.39,Low,0.763,Yes,0.608,Yes
S04602,2023,Fall,Health Administration,BS Health Administration,Undergraduate,Male,Asian,22,In-state,Yes,No,12872.0,32,32,99.2,65.3,45.3,0,3,2,4.0,High,0.369,Yes,0.397,No
S04603,2022,Spring,Social Work,BSW,Undergraduate,Male,White,22,Out-of-state,Yes,No,10988.0,33,32,95.7,89.5,64.2,1,3,1,2.56,Medium,0.483,Yes,0.407,Yes
S04604,2025,Spring,Data Science,BS Health Data Science,Undergraduate,Female,White,23,Out-of-state,No,Yes,8487.0,33,33,100.0,94.5,86.3,3,3,0,3.75,Low,0.836,No,0.815,Yes
S04605,2024,Fall,Nutrition,BS Nutrition,Undergraduate,Female,Other/Unknown,18,In-state,Yes,No,7591.0,33,31,94.1,59.2,67.9,4,1,4,2.62,High,0.329,No,0.198,Yes
S04606,2026,Spring,Data Science,BS Health Data Science,Undergraduate,Male,Asian,21,International,No,Yes,2256.0,24,23,95.6,67.1,64.3,1,2,2,2.91,Medium,0.504,No,0.313,No
S04607,2024,Fall,Public Health,BS Public Health,Undergraduate,Male,Black,20,In-state,No,No,8718.0,30,30,100.0,83.1,83.6,4,4,2,3.59,Low,0.789,Yes,0.733,Yes
S04608,2025,Spring,Health Administration,BS Health Administration,Undergraduate,Male,White,20,In-state,No,No,5121.0,27,27,100.0,100.0,100.0,2,1,1,4.0,Low,0.897,Yes,0.865,Yes
S04609,2024,Fall,Social Work,BSW,Undergraduate,Female,White,24,In-state,No,Yes,2033.0,24,24,100.0,90.2,88.9,3,1,4,3.25,Low,0.82,No,0.665,Yes
S04610,2024,Spring,Nutrition,BS Nutrition,Undergraduate,Male,Hispanic/Latino,19,In-state,No,No,6192.0,31,29,95.1,98.1,67.4,3,2,1,2.8,Low,0.716,No,0.555,No
S04611,2026,Spring,Public Health,MS Epidemiology,Graduate,Female,Black,30,In-state,Yes,Yes,8371.0,24,24,100.0,83.6,70.8,1,2,4,4.0,Low,0.78,Yes,0.708,Yes
S04612,2026,Spring,Social Work,BSW,Undergraduate,Female,Multiracial,22,In-state,No,No,11015.0,24,24,100.0,80.4,61.6,1,2,4,2.96,Low,0.551,No,0.399,No
S04613,2026,Spring,Health Administration,MHA,Graduate,Female,White,26,Out-of-state,Yes,No,8831.0,18,18,100.0,86.1,72.0,2,0,1,3.79,Low,0.78,Yes,0.665,Yes
S04614,2024,Fall,Social Work,BSW,Undergraduate,Female,White,22,In-state,No,Yes,4574.0,24,24,100.0,87.8,68.0,2,0,2,2.76,Low,0.661,Yes,0.434,Yes
S04615,2025,Spring,Nutrition,BS Nutrition,Undergraduate,Female,Asian,20,In-state,No,Yes,4346.0,33,33,100.0,81.9,65.5,1,3,0,3.5,Low,0.713,Yes,0.614,No
S04616,2022,Spring,Social Work,BSW,Undergraduate,Female,White,19,Out-of-state,No,Yes,6712.0,27,27,99.9,86.1,72.9,2,2,0,3.45,Low,0.742,Yes,0.634,Yes
S04617,2026,Spring,Data Science,BS Health Data Science,Undergraduate,Male,White,19,In-state,No,No,3282.0,27,27,100.0,66.3,100.0,3,5,2,2.38,High,0.457,Yes,0.231,No
S04618,2022,Fall,Health Administration,MHA,Graduate,Male,Hispanic/Latino,24,In-state,No,Yes,3688.0,27,26,96.2,66.6,50.1,1,0,3,3.46,Medium,0.546,Yes,0.413,Yes
S04619,2024,Spring,Data Science,MS Health Data Science,Graduate,Male,Asian,26,In-state,Yes,No,4894.0,21,21,100.0,89.7,77.9,4,2,2,4.0,Low,0.867,Yes,0.787,No
S04620,2024,Fall,Nutrition,BS Nutrition,Undergraduate,Male,White,20,In-state,No,No,5588.0,32,32,100.0,95.8,87.0,6,2,1,3.83,Low,0.889,Yes,0.862,Yes
S04621,2022,Spring,Public Health,BS Public Health,Undergraduate,Female,Black,21,In-state,Yes,Yes,4540.0,30,30,100.0,89.2,57.5,2,0,1,3.52,Low,0.74,Yes,0.638,No
S04622,2025,Fall,Public Health,MS Epidemiology,Graduate,Male,Black,32,In-state,No,No,13199.0,21,21,100.0,96.0,86.3,5,2,1,3.65,Low,0.839,Yes,0.785,Yes
S04623,2025,Spring,Health Administration,BS Health Administration,Undergraduate,Female,Hispanic/Latino,18,International,No,Yes,7888.0,31,26,83.6,73.7,65.7,0,2,3,2.37,High,0.284,Yes,0.145,No
S04624,2026,Fall,Social Work,MSW,Graduate,Female,White,28,In-state,No,Yes,8170.0,27,27,100.0,81.9,76.2,6,1,2,4.0,Low,0.847,Yes,0.801,Yes
S04625,2023,Spring,Social Work,MSW,Graduate,Female,Multiracial,29,In-state,Yes,Yes,4608.0,18,15,85.8,61.0,46.4,2,0,3,2.55,High,0.272,Yes,0.093,No
S04626,2022,Fall,Social Work,BSW,Undergraduate,Female,Black,21,In-state,No,No,9483.0,33,28,84.4,81.3,87.3,3,0,2,2.2,Medium,0.515,No,0.36,No
S04627,2022,Spring,Health Administration,MHA,Graduate,Male,White,33,In-state,Yes,No,12057.0,18,15,86.0,76.0,82.3,0,0,3,2.86,High,0.4,No,0.226,No
S04628,2026,Spring,Data Science,BS Health Data Science,Undergraduate,Female,Asian,18,In-state,No,Yes,1453.0,31,31,98.5,73.8,37.8,1,1,3,3.39,Medium,0.534,Yes,0.427,No
S04629,2024,Fall,Nutrition,MS Nutrition,Graduate,Female,Asian,31,In-state,No,No,6578.0,18,17,94.9,100.0,58.9,0,0,3,3.46,Low,0.75,No,0.578,No
S04630,2024,Fall,Nutrition,MS Nutrition,Graduate,Female,Black,22,In-state,No,Yes,7072.0,30,30,98.7,84.5,66.4,2,0,3,3.29,Low,0.71,Yes,0.581,Yes
S04631,2025,Spring,Social Work,BSW,Undergraduate,Male,Black,18,Out-of-state,No,Yes,8216.0,27,27,100.0,76.1,55.3,1,2,0,3.42,Low,0.606,No,0.486,Yes
S04632,2026,Spring,Public Health,BS Public Health,Undergraduate,Female,White,22,International,No,Yes,5871.0,30,27,90.5,95.3,69.0,3,3,2,3.21,Low,0.762,Yes,0.636,Yes
S04633,2026,Fall,Health Administration,BS Health Administration,Undergraduate,Male,White,18,Out-of-state,No,No,9126.0,24,23,94.8,100.0,69.0,2,2,4,2.99,Low,0.714,Yes,0.566,Yes
S04634,2024,Spring,Nutrition,BS Nutrition,Undergraduate,Female,White,20,In-state,No,No,6512.0,32,32,98.8,97.8,79.3,1,1,0,3.19,Low,0.763,No,0.67,Yes
S04635,2025,Spring,Health Administration,BS Health Administration,Undergraduate,Female,Black,22,International,No,Yes,5144.0,27,23,85.3,89.9,63.5,5,3,0,2.72,Low,0.698,Yes,0.473,Yes
S04636,2023,Fall,Nutrition,BS Nutrition,Undergraduate,Male,Asian,21,International,No,No,12783.0,27,23,85.0,100.0,54.1,3,1,1,3.09,Low,0.67,Yes,0.562,No
S04637,2026,Spring,Nutrition,BS Nutrition,Undergraduate,Female,Black,22,In-state,Yes,Yes,6789.0,33,33,100.0,88.0,99.4,3,1,2,3.01,Low,0.78,Yes,0.676,No
S04638,2025,Spring,Public Health,BS Public Health,Undergraduate,Female,White,18,In-state,Yes,Yes,10191.0,31,28,90.5,76.7,93.3,0,3,0,3.39,Medium,0.633,Yes,0.599,No
S04639,2022,Fall,Health Administration,BS Health Administration,Undergraduate,Female,White,23,International,No,No,6278.0,27,27,100.0,77.3,97.6,5,1,0,3.59,Low,0.826,Yes,0.744,Yes
S04640,2024,Spring,Public Health,BS Public Health,Undergraduate,Male,White,23,In-state,No,Yes,5621.0,24,23,96.1,81.3,59.3,1,3,2,3.84,Low,0.727,Yes,0.616,No
S04641,2024,Fall,Nutrition,BS Nutrition,Undergraduate,Female,Black,19,International,No,Yes,2494.0,30,29,95.1,77.1,74.8,4,0,3,2.84,Medium,0.639,Yes,0.482,Yes
S04642,2024,Fall,Health Administration,MHA,Graduate,Female,Black,34,International,No,Yes,9264.0,27,27,98.7,83.5,84.1,4,1,2,3.44,Low,0.784,Yes,0.69,Yes
S04643,2026,Spring,Data Science,BS Health Data Science,Undergraduate,Female,Asian,23,In-state,Yes,Yes,0.0,31,30,98.3,91.2,97.4,2,4,3,3.77,Low,0.88,Yes,0.808,No
S04644,2022,Fall,Health Administration,MHA,Graduate,Female,Hispanic/Latino,32,In-state,No,Yes,1668.0,30,30,100.0,78.3,61.6,3,3,2,3.79,Low,0.788,Yes,0.67,No
S04645,2022,Spring,Social Work,BSW,Undergraduate,Female,Black,24,International,No,Yes,6102.0,30,26,87.9,86.4,78.5,1,3,0,2.14,Medium,0.497,No,0.302,No
S04646,2025,Spring,Data Science,BS Health Data Science,Undergraduate,Male,Hispanic/Latino,19,In-state,No,No,14731.0,27,25,91.5,94.6,68.4,3,5,1,2.32,Medium,0.489,No,0.388,No
S04647,2026,Fall,Public Health,BS Public Health,Undergraduate,Female,White,24,Out-of-state,No,No,6633.0,31,26,84.0,100.0,43.2,0,1,2,2.87,Medium,0.542,No,0.425,No
S04648,2025,Spring,Health Administration,MHA,Graduate,Female,White,31,In-state,No,Yes,0.0,18,16,90.3,74.9,44.2,1,0,1,3.4,Medium,0.598,Yes,0.372,No
S04649,2023,Fall,Nutrition,BS Nutrition,Undergraduate,Female,Asian,19,In-state,No,Yes,4888.0,27,27,100.0,68.6,53.8,2,2,1,3.12,Medium,0.503,No,0.377,No
S04650,2023,Fall,Social Work,MSW,Graduate,Female,Black,25,In-state,No,No,3932.0,27,24,88.3,59.2,39.9,3,0,2,3.83,Medium,0.567,No,0.456,Yes
S04651,2022,Fall,Social Work,BSW,Undergraduate,Female,White,23,Out-of-state,No,Yes,4939.0,30,30,99.8,71.6,61.7,0,1,0,3.94,Medium,0.636,Yes,0.612,No
S04652,2025,Spring,Social Work,BSW,Undergraduate,Female,Other/Unknown,22,In-state,No,No,9680.0,24,24,99.1,89.6,42.3,1,0,1,3.34,Medium,0.546,Yes,0.486,No
S04653,2026,Spring,Nutrition,BS Nutrition,Undergraduate,Female,White,22,International,No,Yes,4968.0,24,24,98.1,79.3,88.4,1,3,3,3.53,Low,0.763,Yes,0.63,Yes
S04654,2026,Fall,Social Work,BSW,Undergraduate,Male,Other/Unknown,20,Out-of-state,No,Yes,5732.0,24,23,95.6,98.7,72.2,4,3,2,2.91,Low,0.764,No,0.588,No
S04655,2024,Spring,Data Science,MS Health Data Science,Graduate,Male,Multiracial,32,In-state,Yes,No,7643.0,30,30,100.0,75.2,58.1,4,3,2,3.29,Low,0.671,No,0.535,Yes
S04656,2026,Spring,Public Health,BS Public Health,Undergraduate,Female,White,18,In-state,No,Yes,8953.0,30,26,85.6,71.2,61.1,1,2,0,2.92,Low,0.514,Yes,0.345,No
S04657,2024,Spring,Public Health,BS Public Health,Undergraduate,Female,White,19,In-state,Yes,Yes,8191.0,24,21,86.7,93.9,73.8,3,3,2,2.1,Medium,0.534,No,0.327,No
S04658,2024,Fall,Nutrition,BS Nutrition,Undergraduate,Female,Black,19,In-state,No,No,9493.0,24,22,93.2,82.4,52.0,0,2,1,3.08,Low,0.544,No,0.378,Yes
S04659,2022,Spring,Social Work,MSW,Graduate,Female,Asian,23,In-state,No,No,5236.0,24,24,100.0,96.7,95.5,2,1,4,3.09,Low,0.82,Yes,0.665,Yes
S04660,2024,Spring,Data Science,BS Health Data Science,Undergraduate,Male,Hispanic/Latino,22,In-state,No,No,4354.0,24,24,100.0,92.8,79.6,1,5,0,3.92,Low,0.835,Yes,0.761,Yes
S04661,2023,Fall,Public Health,MS Epidemiology,Graduate,Female,White,23,In-state,Yes,No,10677.0,21,19,90.6,76.0,66.8,2,2,3,3.22,Medium,0.567,Yes,0.445,Yes
S04662,2022,Spring,Social Work,BSW,Undergraduate,Male,Asian,20,International,No,Yes,6515.0,31,29,94.1,96.0,76.1,0,3,0,3.17,Low,0.728,No,0.607,Yes
S04663,2022,Spring,Health Administration,BS Health Administration,Undergraduate,Female,Hispanic/Latino,22,In-state,No,No,7726.0,33,31,95.4,74.1,88.5,1,0,0,3.21,Low,0.676,No,0.558,No
S04664,2026,Fall,Social Work,MSW,Graduate,Female,Hispanic/Latino,40,In-state,No,Yes,5876.0,27,27,99.5,99.9,55.9,3,0,3,3.38,Low,0.781,Yes,0.66,Yes
S04665,2022,Spring,Social Work,BSW,Undergraduate,Female,Hispanic/Latino,20,In-state,Yes,No,2805.0,31,28,91.2,79.9,75.2,0,3,0,3.14,Medium,0.623,No,0.493,Yes
S04666,2023,Spring,Public Health,BS Public Health,Undergraduate,Nonbinary,Black,25,In-state,No,Yes,3519.0,27,24,90.4,81.3,63.8,3,0,2,3.06,Low,0.685,Yes,0.475,Yes
S04667,2026,Fall,Nutrition,BS Nutrition,Undergraduate,Female,White,19,Out-of-state,Yes,Yes,722.0,31,28,91.7,72.6,63.3,0,1,2,3.56,Medium,0.629,No,0.515,Yes
S04668,2026,Fall,Public Health,BS Public Health,Undergraduate,Male,White,21,International,No,Yes,12856.0,24,22,90.2,87.8,77.5,0,0,3,3.26,Medium,0.594,Yes,0.545,Yes
S04669,2023,Spring,Public Health,BS Public Health,Undergraduate,Female,Black,21,Out-of-state,No,Yes,8154.0,24,24,98.9,86.5,99.9,5,3,1,3.01,Low,0.793,Yes,0.657,Yes
S04670,2023,Fall,Health Administration,BS Health Administration,Undergraduate,Female,White,21,International,Yes,Yes,14749.0,31,22,71.2,77.1,73.0,2,0,5,2.3,High,0.287,Yes,0.168,No
S04671,2024,Spring,Data Science,MS Health Data Science,Graduate,Male,Asian,28,In-state,Yes,Yes,1304.0,18,16,86.2,77.4,71.0,0,2,2,3.21,Medium,0.638,No,0.408,No
S04672,2025,Spring,Public Health,BS Public Health,Undergraduate,Male,Hispanic/Latino,20,Out-of-state,Yes,Yes,0.0,33,33,100.0,92.4,77.4,4,0,1,3.92,Low,0.88,Yes,0.828,No
S04673,2022,Fall,Nutrition,MS Nutrition,Graduate,Female,White,28,Out-of-state,No,No,11549.0,24,24,100.0,86.9,60.8,4,0,3,3.65,Low,0.748,No,0.67,No
S04674,2025,Fall,Data Science,BS Health Data Science,Undergraduate,Female,Multiracial,23,Out-of-state,No,No,8313.0,24,22,91.5,91.0,89.3,4,2,1,3.25,Low,0.796,Yes,0.676,Yes
S04675,2022,Fall,Data Science,BS Health Data Science,Undergraduate,Female,White,21,In-state,Yes,No,10934.0,27,27,100.0,84.0,70.4,4,1,1,3.16,Low,0.686,Yes,0.58,Yes
S04676,2023,Spring,Nutrition,BS Nutrition,Undergraduate,Male,Hispanic/Latino,22,Out-of-state,No,Yes,2508.0,27,26,95.3,78.1,78.2,1,2,0,2.95,Low,0.673,No,0.451,No
S04677,2024,Spring,Public Health,BS Public Health,Undergraduate,Male,White,19,International,No,Yes,8541.0,27,21,78.5,80.9,60.3,1,0,2,2.93,Low,0.568,No,0.371,Yes
S04678,2025,Fall,Health Administration,BS Health Administration,Undergraduate,Female,White,18,In-state,No,Yes,1545.0,24,19,79.6,69.9,60.7,3,0,0,2.23,High,0.338,Yes,0.118,No
S04679,2022,Fall,Data Science,BS Health Data Science,Undergraduate,Male,White,22,Out-of-state,Yes,Yes,3863.0,27,27,100.0,95.4,58.0,2,3,0,3.37,Low,0.753,Yes,0.62,Yes
S04680,2026,Fall,Nutrition,BS Nutrition,Undergraduate,Male,White,25,In-state,No,Yes,434.0,30,30,100.0,94.0,78.4,4,3,0,3.2,Low,0.826,Yes,0.689,Yes
S04681,2022,Fall,Social Work,BSW,Undergraduate,Male,White,20,In-state,No,Yes,2073.0,24,19,79.7,90.7,77.6,0,0,1,3.32,Medium,0.715,Yes,0.563,Yes
S04682,2025,Spring,Health Administration,MHA,Graduate,Male,Asian,25,Out-of-state,No,Yes,9149.0,18,16,87.9,82.0,71.7,4,3,3,3.09,Low,0.704,Yes,0.489,No
S04683,2024,Fall,Nutrition,MS Nutrition,Graduate,Male,Multiracial,31,In-state,No,No,9266.0,18,18,100.0,69.2,87.2,3,3,1,3.54,Medium,0.681,Yes,0.573,No
S04684,2025,Spring,Data Science,MS Health Data Science,Graduate,Female,Multiracial,39,In-state,No,No,9350.0,18,18,100.0,93.6,97.4,4,3,0,3.79,Low,0.872,Yes,0.799,No
S04685,2024,Fall,Health Administration,BS Health Administration,Undergraduate,Female,White,20,Out-of-state,No,Yes,7502.0,30,30,100.0,94.8,84.5,3,0,0,4.0,Low,0.86,Yes,0.841,Yes
S04686,2022,Fall,Data Science,BS Health Data Science,Undergraduate,Female,White,19,In-state,No,Yes,4464.0,31,31,99.0,69.7,87.5,2,1,0,3.51,Medium,0.686,Yes,0.623,Yes
S04687,2025,Spring,Nutrition,MS Nutrition,Graduate,Male,White,37,In-state,Yes,No,6317.0,21,21,100.0,88.8,90.6,3,0,1,3.48,Low,0.827,No,0.698,No
S04688,2026,Fall,Health Administration,BS Health Administration,Undergraduate,Male,Hispanic/Latino,18,Out-of-state,Yes,Yes,6806.0,27,26,95.7,80.5,72.1,1,0,0,2.71,Low,0.589,No,0.382,Yes
S04689,2026,Fall,Public Health,BS Public Health,Undergraduate,Female,White,21,In-state,No,Yes,3339.0,27,25,94.0,85.2,62.9,2,1,0,2.88,Low,0.661,No,0.437,No
S04690,2026,Fall,Health Administration,BS Health Administration,Undergraduate,Nonbinary,White,18,Out-of-state,Yes,Yes,8762.0,30,28,92.9,79.9,74.1,1,1,1,3.01,Low,0.621,Yes,0.476,Yes
S04691,2026,Spring,Nutrition,MS Nutrition,Graduate,Female,Black,29,In-state,Yes,Yes,6846.0,18,18,100.0,91.2,68.3,1,4,0,4.0,Low,0.811,Yes,0.711,Yes
S04692,2024,Spring,Data Science,BS Health Data Science,Undergraduate,Female,Hispanic/Latino,20,In-state,No,Yes,4602.0,32,29,91.4,91.7,80.1,3,0,0,2.89,Low,0.747,No,0.582,No
S04693,2022,Spring,Health Administration,BS Health Administration,Undergraduate,Male,Multiracial,21,In-state,Yes,Yes,4440.0,24,24,100.0,100.0,69.1,4,2,1,3.6,Low,0.84,No,0.749,Yes
S04694,2022,Spring,Nutrition,MS Nutrition,Graduate,Female,Hispanic/Latino,34,Out-of-state,No,No,11677.0,27,27,100.0,75.7,73.9,1,0,0,4.0,Medium,0.68,Yes,0.691,No
S04695,2026,Fall,Nutrition,MS Nutrition,Graduate,Male,White,29,In-state,Yes,No,2574.0,30,30,100.0,86.1,88.3,2,0,0,3.28,Low,0.804,Yes,0.66,Yes
S04696,2025,Fall,Health Administration,BS Health Administration,Undergraduate,Male,White,24,In-state,No,Yes,1207.0,32,29,89.1,86.4,79.4,2,2,1,2.38,Medium,0.606,No,0.395,No
S04697,2025,Fall,Social Work,BSW,Undergraduate,Male,Black,20,In-state,No,Yes,5748.0,30,30,100.0,82.3,79.0,3,0,0,2.74,Low,0.672,Yes,0.488,No
S04698,2025,Spring,Health Administration,BS Health Administration,Undergraduate,Male,Hispanic/Latino,19,In-state,No,Yes,4596.0,33,33,100.0,79.1,45.1,0,4,2,3.99,Medium,0.631,Yes,0.631,No
S04699,2024,Fall,Nutrition,BS Nutrition,Undergraduate,Female,White,19,In-state,No,Yes,107.0,32,32,100.0,86.1,100.0,1,3,2,3.03,Low,0.794,Yes,0.631,No
S04700,2025,Fall,Data Science,BS Health Data Science,Undergraduate,Female,Black,25,In-state,No,No,7655.0,31,31,99.1,68.1,62.5,1,2,2,2.8,Medium,0.432,Yes,0.33,No
S04701,2023,Fall,Data Science,BS Health Data Science,Undergraduate,Female,Black,21,In-state,No,No,9729.0,31,29,94.8,97.2,91.3,5,1,1,2.6,Medium,0.707,Yes,0.62,Yes
S04702,2022,Spring,Health Administration,BS Health Administration,Undergraduate,Female,White,21,In-state,Yes,Yes,4318.0,31,28,91.5,66.9,73.0,6,3,1,2.8,High,0.484,No,0.298,No
S04703,2026,Fall,Data Science,BS Health Data Science,Undergraduate,Male,Other/Unknown,20,In-state,No,Yes,2024.0,33,28,83.4,78.5,57.8,2,5,0,2.22,Medium,0.454,No,0.246,Yes
S04704,2022,Spring,Public Health,BS Public Health,Undergraduate,Male,White,18,Out-of-state,No,Yes,4157.0,27,26,95.5,89.2,66.5,2,3,1,2.75,Low,0.664,No,0.444,Yes
S04705,2026,Fall,Health Administration,MHA,Graduate,Female,White,28,In-state,Yes,Yes,7667.0,18,18,100.0,89.3,71.8,1,1,3,3.89,Low,0.796,Yes,0.687,Yes
S04706,2025,Fall,Public Health,MS Epidemiology,Graduate,Female,Hispanic/Latino,27,In-state,No,Yes,6726.0,21,20,94.5,78.5,76.5,2,1,3,3.23,Low,0.706,Yes,0.504,No
S04707,2022,Spring,Social Work,BSW,Undergraduate,Female,Multiracial,21,In-state,No,No,9100.0,33,31,94.9,73.8,68.9,3,2,0,3.52,Low,0.681,No,0.607,Yes
S04708,2022,Spring,Data Science,BS Health Data Science,Undergraduate,Female,Black,25,Out-of-state,No,No,8715.0,33,31,93.9,84.8,69.3,4,1,4,3.08,Low,0.695,Yes,0.585,Yes
S04709,2025,Spring,Data Science,BS Health Data Science,Undergraduate,Female,Asian,19,International,No,Yes,6214.0,27,27,100.0,95.0,78.6,3,3,1,3.26,Low,0.788,Yes,0.677,Yes
S04710,2026,Spring,Social Work,BSW,Undergraduate,Male,Black,19,In-state,No,No,7886.0,31,31,99.5,88.2,72.9,0,2,0,3.47,Low,0.713,Yes,0.637,Yes
S04711,2022,Fall,Public Health,BS Public Health,Undergraduate,Male,Hispanic/Latino,19,In-state,No,Yes,0.0,32,27,85.6,92.4,98.9,5,3,1,2.22,Medium,0.735,Yes,0.506,No
S04712,2025,Fall,Data Science,MS Health Data Science,Graduate,Male,White,27,Out-of-state,No,Yes,6743.0,24,24,98.5,75.2,72.2,3,1,3,3.24,Low,0.697,Yes,0.515,No
S04713,2023,Spring,Data Science,BS Health Data Science,Undergraduate,Male,Asian,20,In-state,No,Yes,3485.0,32,32,100.0,92.3,64.6,0,2,1,3.93,Low,0.796,Yes,0.742,Yes
S04714,2023,Spring,Data Science,MS Health Data Science,Graduate,Male,White,45,In-state,Yes,Yes,8510.0,21,21,98.0,72.5,100.0,1,1,3,3.7,Low,0.773,Yes,0.652,Yes
S04715,2023,Spring,Data Science,MS Health Data Science,Graduate,Male,Multiracial,27,International,No,No,16028.0,27,27,100.0,95.5,76.8,0,0,0,3.99,Medium,0.725,Yes,0.778,Yes
S04716,2024,Spring,Health Administration,MHA,Graduate,Female,Multiracial,26,In-state,No,No,6110.0,24,24,100.0,91.9,74.6,2,1,1,3.8,Low,0.824,Yes,0.735,Yes
S04717,2023,Spring,Nutrition,MS Nutrition,Graduate,Female,White,29,In-state,No,Yes,0.0,18,18,100.0,86.8,82.3,5,0,4,3.64,Low,0.871,Yes,0.715,No
S04718,2026,Fall,Health Administration,MHA,Graduate,Female,Black,27,International,Yes,Yes,9430.0,27,27,99.3,100.0,75.5,2,2,2,2.91,Low,0.735,Yes,0.59,No
S04719,2024,Fall,Nutrition,BS Nutrition,Undergraduate,Male,Hispanic/Latino,21,Out-of-state,Yes,Yes,8498.0,27,23,85.9,93.7,81.2,2,0,0,2.74,Low,0.692,Yes,0.505,No
S04720,2024,Spring,Data Science,BS Health Data Science,Undergraduate,Male,Black,24,International,No,Yes,5677.0,32,32,100.0,87.9,66.7,3,2,0,3.67,Low,0.782,Yes,0.721,No
S04721,2024,Spring,Public Health,BS Public Health,Undergraduate,Female,Black,22,In-state,Yes,Yes,0.0,30,26,87.9,70.8,100.0,5,4,2,3.02,Low,0.791,Yes,0.578,Yes
S04722,2026,Spring,Health Administration,BS Health Administration,Undergraduate,Female,White,23,In-state,No,Yes,3164.0,30,30,100.0,85.1,91.6,3,2,2,4.0,Low,0.867,Yes,0.821,Yes
S04723,2026,Spring,Social Work,MSW,Graduate,Male,Multiracial,40,In-state,Yes,No,11862.0,18,15,85.7,73.2,67.8,2,0,4,3.01,Medium,0.51,No,0.357,No
S04724,2024,Fall,Health Administration,BS Health Administration,Undergraduate,Female,Hispanic/Latino,19,Out-of-state,No,Yes,3556.0,31,31,99.2,100.0,51.8,0,1,2,4.0,Low,0.801,Yes,0.754,No
S04725,2026,Fall,Public Health,BS Public Health,Undergraduate,Female,Black,20,In-state,No,No,9769.0,33,33,100.0,99.6,54.0,3,0,2,4.0,Low,0.803,Yes,0.806,No
S04726,2023,Fall,Health Administration,BS Health Administration,Undergraduate,Male,Multiracial,23,Out-of-state,No,Yes,7410.0,33,29,87.9,58.3,75.3,2,0,2,2.1,High,0.245,No,0.111,No
S04727,2025,Spring,Public Health,BS Public Health,Undergraduate,Male,Black,21,In-state,Yes,Yes,8398.0,27,24,88.5,85.0,80.0,3,1,1,2.6,Low,0.644,No,0.435,No
S04728,2023,Fall,Health Administration,BS Health Administration,Undergraduate,Female,Multiracial,25,Out-of-state,No,No,10701.0,27,21,76.6,78.2,70.5,0,0,1,3.34,High,0.441,No,0.333,Yes
S04729,2026,Fall,Nutrition,BS Nutrition,Undergraduate,Male,Black,21,Out-of-state,No,No,10813.0,33,33,100.0,81.5,49.7,3,3,2,3.66,Low,0.665,No,0.636,Yes
S04730,2024,Fall,Social Work,BSW,Undergraduate,Male,Asian,22,In-state,Yes,Yes,8178.0,24,22,92.2,75.2,84.1,2,2,0,2.57,Medium,0.524,Yes,0.353,No
S04731,2023,Spring,Social Work,BSW,Undergraduate,Male,Black,21,In-state,Yes,Yes,6373.0,33,29,88.2,69.1,57.2,1,5,2,2.29,High,0.258,No,0.125,No
S04732,2024,Spring,Nutrition,MS Nutrition,Graduate,Male,Hispanic/Latino,23,In-state,Yes,Yes,6040.0,21,21,100.0,92.3,72.7,3,4,1,3.03,Low,0.752,Yes,0.551,Yes
S04733,2022,Spring,Public Health,MS Epidemiology,Graduate,Female,Asian,22,In-state,Yes,Yes,4168.0,21,20,95.3,74.4,71.0,1,1,3,3.13,Low,0.661,Yes,0.414,No
S04734,2022,Spring,Data Science,MS Health Data Science,Graduate,Female,White,35,In-state,Yes,Yes,8251.0,18,17,93.4,100.0,58.1,4,3,2,3.82,Low,0.829,No,0.733,No
S04735,2025,Spring,Public Health,MS Epidemiology,Graduate,Male,White,35,In-state,Yes,Yes,7672.0,27,27,100.0,94.4,48.9,1,2,1,3.25,Low,0.676,Yes,0.533,Yes
S04736,2023,Fall,Health Administration,MHA,Graduate,Male,Hispanic/Latino,22,International,Yes,Yes,5165.0,24,22,92.2,91.6,80.3,0,2,2,2.82,Medium,0.647,No,0.464,Yes
S04737,2025,Spring,Public Health,BS Public Health,Undergraduate,Male,Asian,22,In-state,No,Yes,7977.0,33,33,100.0,96.5,87.0,3,2,1,3.88,Low,0.858,Yes,0.844,Yes
S04738,2024,Fall,Social Work,MSW,Graduate,Female,Black,28,In-state,Yes,Yes,1594.0,18,16,89.9,76.8,44.7,3,2,1,3.12,Medium,0.589,No,0.354,No
S04739,2025,Fall,Social Work,BSW,Undergraduate,Female,White,21,In-state,No,No,2658.0,30,29,97.9,93.0,66.5,5,3,1,3.41,Low,0.817,Yes,0.707,No
S04740,2023,Spring,Public Health,MPH,Graduate,Female,White,26,In-state,Yes,No,9430.0,21,17,80.8,73.8,44.1,2,0,3,2.73,High,0.308,Yes,0.148,No
S04741,2024,Fall,Health Administration,MHA,Graduate,Female,Hispanic/Latino,28,International,No,Yes,6234.0,18,18,100.0,79.3,78.5,5,3,2,3.71,Low,0.817,Yes,0.681,No
S04742,2025,Fall,Data Science,BS Health Data Science,Undergraduate,Female,Multiracial,19,In-state,Yes,Yes,12048.0,31,31,100.0,88.6,82.3,8,0,1,2.14,High,0.49,No,0.343,No
S04743,2022,Fall,Data Science,BS Health Data Science,Undergraduate,Female,White,19,In-state,Yes,No,10047.0,32,32,100.0,83.8,82.8,5,1,1,3.43,Low,0.775,No,0.725,Yes
S04744,2022,Fall,Social Work,BSW,Undergraduate,Male,White,21,Out-of-state,Yes,Yes,7712.0,31,31,100.0,87.7,76.1,4,2,0,3.49,Low,0.784,Yes,0.719,No
S04745,2022,Spring,Social Work,BSW,Undergraduate,Female,Asian,22,In-state,Yes,Yes,6172.0,32,29,89.4,90.6,83.0,3,2,1,3.54,Low,0.811,Yes,0.736,Yes
S04746,2023,Spring,Data Science,BS Health Data Science,Undergraduate,Male,Multiracial,18,In-state,Yes,Yes,4498.0,27,24,89.0,83.2,55.6,1,4,2,2.79,Low,0.582,Yes,0.352,No
S04747,2024,Spring,Nutrition,MS Nutrition,Graduate,Female,White,33,In-state,Yes,No,8521.0,24,24,99.5,77.8,76.0,2,3,2,3.72,Low,0.751,No,0.646,Yes
S04748,2023,Fall,Public Health,BS Public Health,Undergraduate,Female,Black,24,In-state,Yes,Yes,6581.0,32,30,95.1,100.0,68.3,1,0,2,2.45,Low,0.64,Yes,0.446,No
S04749,2022,Spring,Data Science,BS Health Data Science,Undergraduate,Female,Asian,19,Out-of-state,No,Yes,3938.0,24,24,100.0,79.9,87.9,1,3,2,3.98,Low,0.819,Yes,0.734,Yes
S04750,2023,Fall,Data Science,BS Health Data Science,Undergraduate,Female,White,24,In-state,No,Yes,5023.0,32,29,91.6,84.6,52.0,3,2,0,2.34,Medium,0.477,No,0.307,No
S04751,2025,Spring,Nutrition,BS Nutrition,Undergraduate,Male,Multiracial,20,In-state,Yes,Yes,5378.0,32,32,100.0,88.8,90.0,4,2,0,3.29,Low,0.812,Yes,0.725,No
S04752,2022,Fall,Data Science,BS Health Data Science,Undergraduate,Male,Black,21,International,Yes,Yes,6245.0,30,28,92.8,92.5,74.5,4,0,3,2.33,Medium,0.604,Yes,0.436,Yes
S04753,2023,Spring,Health Administration,BS Health Administration,Undergraduate,Female,White,18,International,Yes,Yes,11179.0,24,24,100.0,89.1,100.0,5,0,1,2.24,High,0.52,Yes,0.334,No
S04754,2024,Fall,Nutrition,MS Nutrition,Graduate,Female,White,33,In-state,No,Yes,7300.0,30,28,93.3,87.7,100.0,4,1,1,3.69,Low,0.863,Yes,0.803,Yes
S04755,2023,Fall,Social Work,MSW,Graduate,Female,Asian,28,In-state,No,Yes,3035.0,30,30,100.0,93.3,85.8,0,2,4,3.22,Low,0.788,Yes,0.642,Yes
S04756,2025,Spring,Data Science,BS Health Data Science,Undergraduate,Male,White,18,In-state,No,Yes,7365.0,31,31,100.0,85.9,86.5,2,1,0,4.0,Low,0.829,Yes,0.804,No
S04757,2023,Fall,Data Science,BS Health Data Science,Undergraduate,Female,White,22,Out-of-state,Yes,Yes,7787.0,30,30,100.0,56.3,66.4,2,3,3,3.35,Medium,0.489,No,0.423,No
S04758,2024,Fall,Social Work,BSW,Undergraduate,Male,Hispanic/Latino,18,In-state,Yes,No,1779.0,24,24,100.0,64.9,85.7,3,1,1,3.65,Medium,0.717,Yes,0.604,No
S04759,2025,Fall,Health Administration,MHA,Graduate,Nonbinary,Hispanic/Latino,27,In-state,No,No,7864.0,21,19,92.2,64.5,69.4,1,1,1,2.84,Medium,0.46,No,0.278,Yes
S04760,2026,Spring,Health Administration,MHA,Graduate,Female,White,26,Out-of-state,No,Yes,10526.0,30,30,100.0,84.9,78.5,3,2,3,4.0,Low,0.814,Yes,0.791,Yes
S04761,2022,Fall,Social Work,MSW,Graduate,Male,Black,38,In-state,Yes,Yes,5800.0,21,21,100.0,84.4,77.3,1,1,1,3.54,Low,0.765,Yes,0.61,No
S04762,2022,Fall,Nutrition,BS Nutrition,Undergraduate,Female,Asian,20,In-state,No,No,7890.0,24,24,100.0,95.7,67.8,3,4,2,2.53,Low,0.653,Yes,0.441,Yes
S04763,2024,Fall,Social Work,MSW,Graduate,Male,Black,33,In-state,No,Yes,6004.0,18,18,100.0,83.3,74.7,6,3,2,3.39,Low,0.804,Yes,0.634,Yes
S04764,2022,Fall,Social Work,MSW,Graduate,Female,Hispanic/Latino,34,In-state,Yes,Yes,8578.0,24,23,93.8,92.0,88.1,3,0,2,4.0,Low,0.863,Yes,0.814,Yes
S04765,2025,Fall,Nutrition,BS Nutrition,Undergraduate,Male,White,18,In-state,No,Yes,4665.0,30,28,93.8,83.0,73.3,2,0,1,2.68,Low,0.641,Yes,0.426,No
S04766,2024,Fall,Social Work,BSW,Undergraduate,Female,White,19,Out-of-state,No,No,11555.0,27,25,93.3,62.7,86.1,2,0,2,2.85,High,0.364,No,0.244,Yes
S04767,2024,Fall,Health Administration,MHA,Graduate,Female,Hispanic/Latino,34,In-state,Yes,Yes,6088.0,21,21,99.4,93.3,58.6,0,2,3,3.08,Low,0.673,Yes,0.461,Yes
S04768,2026,Fall,Health Administration,BS Health Administration,Undergraduate,Female,Hispanic/Latino,23,In-state,No,No,9520.0,27,24,88.6,70.8,60.6,3,2,3,2.5,Medium,0.414,Yes,0.272,Yes
S04769,2025,Spring,Public Health,BS Public Health,Undergraduate,Female,Asian,23,In-state,No,Yes,5101.0,32,26,81.8,93.4,55.5,3,3,1,2.28,Medium,0.527,No,0.336,No
S04770,2023,Fall,Data Science,BS Health Data Science,Undergraduate,Female,White,23,International,Yes,Yes,8237.0,30,30,100.0,87.7,96.3,6,0,0,3.21,Low,0.821,Yes,0.743,No
S04771,2022,Fall,Public Health,BS Public Health,Undergraduate,Male,White,22,International,No,No,12206.0,27,27,100.0,84.4,59.2,2,0,2,3.75,Low,0.691,No,0.654,No
S04772,2026,Fall,Health Administration,BS Health Administration,Undergraduate,Female,White,21,In-state,No,No,9487.0,24,24,100.0,68.7,67.9,1,0,2,2.4,High,0.275,Yes,0.141,No
S04773,2022,Spring,Data Science,BS Health Data Science,Undergraduate,Female,Hispanic/Latino,22,Out-of-state,No,No,8439.0,30,30,100.0,82.2,64.9,1,3,2,3.96,Low,0.74,Yes,0.706,No
S04774,2026,Fall,Public Health,BS Public Health,Undergraduate,Nonbinary,Hispanic/Latino,22,In-state,Yes,No,7382.0,32,32,100.0,88.8,59.1,0,4,0,2.78,Medium,0.513,No,0.421,No
S04775,2026,Fall,Nutrition,BS Nutrition,Undergraduate,Female,Hispanic/Latino,19,Out-of-state,Yes,Yes,7826.0,27,25,92.2,76.0,60.2,2,1,2,2.57,Medium,0.448,Yes,0.299,Yes
S04776,2022,Spring,Social Work,MSW,Graduate,Female,White,32,In-state,No,No,7214.0,30,30,100.0,66.6,93.5,3,2,4,3.63,Medium,0.716,Yes,0.668,Yes
S04777,2024,Fall,Public Health,BS Public Health,Undergraduate,Male,Black,19,In-state,Yes,Yes,2616.0,32,32,100.0,100.0,100.0,2,1,2,3.64,Low,0.884,Yes,0.832,Yes
S04778,2022,Spring,Health Administration,BS Health Administration,Undergraduate,Female,Multiracial,25,In-state,No,No,7349.0,30,27,88.8,100.0,74.8,2,3,1,3.08,Low,0.754,Yes,0.631,No
S04779,2024,Fall,Health Administration,BS Health Administration,Undergraduate,Male,White,19,In-state,Yes,Yes,1117.0,30,30,100.0,95.8,52.5,0,1,2,3.47,Low,0.743,Yes,0.608,Yes
S04780,2024,Spring,Social Work,BSW,Undergraduate,Male,Hispanic/Latino,22,In-state,No,Yes,6422.0,27,21,78.8,65.2,56.1,1,3,2,3.5,Medium,0.52,Yes,0.407,No
S04781,2022,Fall,Nutrition,BS Nutrition,Undergraduate,Female,White,22,International,No,No,17968.0,24,22,93.0,64.8,72.5,2,4,2,2.73,High,0.262,No,0.188,No
S04782,2022,Fall,Health Administration,BS Health Administration,Undergraduate,Female,Hispanic/Latino,20,In-state,Yes,No,4861.0,32,32,100.0,87.4,62.4,2,1,1,3.41,Low,0.729,Yes,0.627,Yes
S04783,2026,Fall,Social Work,BSW,Undergraduate,Female,Hispanic/Latino,18,International,No,Yes,13212.0,31,31,100.0,86.4,83.0,2,3,1,3.3,Low,0.701,Yes,0.656,Yes
S04784,2023,Fall,Data Science,BS Health Data Science,Undergraduate,Female,Hispanic/Latino,22,Out-of-state,No,Yes,6517.0,33,31,95.2,88.8,62.2,5,1,1,3.7,Low,0.799,Yes,0.745,No
S04785,2023,Spring,Health Administration,MHA,Graduate,Female,Hispanic/Latino,37,Out-of-state,No,Yes,6084.0,24,22,91.5,85.4,82.5,2,1,1,2.94,Low,0.722,Yes,0.505,No
S04786,2026,Spring,Public Health,BS Public Health,Undergraduate,Female,Asian,19,In-state,No,Yes,4293.0,32,32,100.0,69.9,100.0,2,0,1,3.32,Medium,0.7,Yes,0.626,No
S04787,2025,Spring,Public Health,MS Epidemiology,Graduate,Male,Black,28,In-state,No,Yes,3249.0,30,28,92.5,97.3,76.4,3,1,2,3.24,Low,0.82,Yes,0.684,No
S04788,2025,Fall,Health Administration,BS Health Administration,Undergraduate,Female,Multiracial,22,International,No,Yes,13204.0,24,24,100.0,97.9,95.7,1,0,1,1.82,Medium,0.497,Yes,0.333,Yes
S04789,2022,Fall,Nutrition,BS Nutrition,Undergraduate,Female,Hispanic/Latino,23,In-state,Yes,No,12192.0,33,27,81.0,100.0,80.7,4,0,2,2.8,Medium,0.678,Yes,0.621,Yes
S04790,2025,Fall,Health Administration,MHA,Graduate,Female,White,26,International,No,Yes,9215.0,21,21,100.0,91.5,98.3,3,2,3,3.91,Low,0.869,Yes,0.812,No
S04791,2023,Fall,Nutrition,BS Nutrition,Undergraduate,Male,Hispanic/Latino,20,In-state,Yes,No,4328.0,27,27,100.0,94.0,100.0,4,3,2,3.95,Low,0.9,Yes,0.86,Yes
S04792,2026,Spring,Social Work,MSW,Graduate,Female,White,31,Out-of-state,Yes,Yes,5434.0,27,27,100.0,81.7,79.8,1,5,4,4.0,Low,0.813,Yes,0.738,Yes
S04793,2026,Fall,Nutrition,BS Nutrition,Undergraduate,Female,Asian,22,Out-of-state,No,No,9053.0,24,24,100.0,99.7,78.6,2,1,1,3.3,Low,0.776,Yes,0.677,Yes
S04794,2024,Fall,Nutrition,MS Nutrition,Graduate,Female,Black,25,In-state,No,No,5569.0,21,21,100.0,71.6,60.3,2,2,1,3.56,Low,0.681,Yes,0.495,Yes
S04795,2026,Spring,Social Work,BSW,Undergraduate,Female,Hispanic/Latino,22,In-state,No,No,14713.0,27,25,93.4,100.0,68.8,0,1,1,3.27,Medium,0.613,Yes,0.611,Yes
S04796,2023,Spring,Data Science,BS Health Data Science,Undergraduate,Male,White,23,In-state,Yes,Yes,4873.0,33,29,89.2,83.3,100.0,0,1,3,4.0,Low,0.839,No,0.791,Yes
S04797,2025,Fall,Social Work,BSW,Undergraduate,Male,Other/Unknown,20,In-state,No,No,4634.0,33,32,97.4,86.6,41.3,2,0,2,2.73,Medium,0.498,No,0.375,No
S04798,2023,Spring,Social Work,MSW,Graduate,Female,Black,37,In-state,Yes,Yes,512.0,21,21,100.0,74.1,77.6,5,2,3,3.94,Low,0.852,Yes,0.717,Yes
S04799,2023,Fall,Social Work,BSW,Undergraduate,Female,White,19,In-state,No,No,9735.0,30,24,81.1,71.4,71.7,2,4,1,2.34,High,0.305,Yes,0.158,No
S04800,2023,Fall,Health Administration,MHA,Graduate,Female,White,23,Out-of-state,Yes,Yes,5921.0,18,18,100.0,97.5,61.6,5,0,3,3.32,Low,0.805,No,0.637,Yes
S04801,2023,Spring,Health Administration,MHA,Graduate,Female,Black,22,Out-of-state,No,Yes,4341.0,27,26,98.0,82.4,50.2,3,1,3,3.44,Low,0.712,Yes,0.546,Yes
S04802,2025,Spring,Social Work,BSW,Undergraduate,Female,White,24,In-state,Yes,No,5522.0,31,31,100.0,87.9,61.1,3,2,2,2.85,Low,0.662,Yes,0.495,Yes
S04803,2024,Fall,Social Work,BSW,Undergraduate,Female,White,20,International,No,No,8706.0,33,33,98.8,78.0,36.3,2,1,1,3.08,Medium,0.45,Yes,0.4,No
S04804,2022,Spring,Nutrition,BS Nutrition,Undergraduate,Male,White,22,In-state,No,Yes,7912.0,32,30,94.8,79.2,51.8,4,0,2,2.69,Medium,0.494,Yes,0.381,Yes
S04805,2025,Spring,Data Science,BS Health Data Science,Undergraduate,Female,Asian,21,Out-of-state,Yes,Yes,7400.0,31,31,99.7,62.2,28.2,2,0,4,2.96,High,0.243,Yes,0.156,No
S04806,2024,Spring,Health Administration,BS Health Administration,Undergraduate,Male,Multiracial,19,In-state,Yes,Yes,4201.0,27,27,100.0,97.0,67.3,7,0,2,3.22,Low,0.828,Yes,0.712,Yes
S04807,2026,Fall,Public Health,BS Public Health,Undergraduate,Female,Hispanic/Latino,20,In-state,No,No,14751.0,31,31,100.0,79.3,89.6,5,0,1,2.5,Medium,0.549,Yes,0.49,Yes
S04808,2022,Spring,Health Administration,BS Health Administration,Undergraduate,Male,White,23,In-state,Yes,No,2583.0,24,24,100.0,90.6,83.0,5,0,2,4.0,Low,0.887,Yes,0.825,Yes
S04809,2025,Spring,Data Science,MS Health Data Science,Graduate,Male,White,34,In-state,No,No,12813.0,24,24,100.0,89.0,70.3,4,3,2,4.0,Low,0.809,Yes,0.778,Yes
S04810,2026,Spring,Social Work,MSW,Graduate,Male,White,29,Out-of-state,No,No,6160.0,24,24,100.0,89.4,100.0,1,4,2,3.55,Low,0.831,Yes,0.724,Yes
S04811,2025,Spring,Nutrition,MS Nutrition,Graduate,Female,Black,34,In-state,No,Yes,7079.0,18,16,87.7,70.0,69.2,2,0,1,3.8,Medium,0.666,Yes,0.549,Yes
S04812,2023,Spring,Data Science,BS Health Data Science,Undergraduate,Female,Hispanic/Latino,22,Out-of-state,No,No,13119.0,24,24,100.0,82.3,53.4,0,0,0,3.56,Medium,0.527,No,0.518,Yes
S04813,2025,Fall,Nutrition,BS Nutrition,Undergraduate,Male,White,19,In-state,Yes,Yes,0.0,24,24,100.0,84.1,57.0,2,0,2,3.6,Low,0.761,No,0.59,Yes
S04814,2025,Fall,Health Administration,BS Health Administration,Undergraduate,Female,White,25,In-state,No,No,10292.0,30,29,96.1,100.0,60.2,1,0,1,2.7,Medium,0.556,Yes,0.476,Yes
S04815,2026,Fall,Nutrition,MS Nutrition,Graduate,Male,Black,25,In-state,No,No,3805.0,27,24,89.1,78.9,63.6,2,1,3,3.48,Low,0.728,Yes,0.55,Yes
S04816,2024,Spring,Public Health,BS Public Health,Undergraduate,Male,Hispanic/Latino,25,In-state,Yes,Yes,3505.0,30,30,100.0,75.6,91.6,3,2,0,3.05,Low,0.739,Yes,0.571,Yes
S04817,2024,Spring,Nutrition,BS Nutrition,Undergraduate,Female,Black,24,International,Yes,Yes,8357.0,33,32,97.9,88.4,76.1,2,0,1,3.51,Low,0.756,Yes,0.699,Yes
S04818,2024,Fall,Public Health,BS Public Health,Undergraduate,Female,Black,20,International,Yes,Yes,8329.0,30,26,85.9,81.5,96.5,3,0,2,1.5,Medium,0.446,Yes,0.227,No
S04819,2025,Spring,Data Science,BS Health Data Science,Undergraduate,Nonbinary,Black,22,In-state,No,No,9994.0,30,27,90.6,86.3,89.9,0,1,1,3.35,Medium,0.666,No,0.629,Yes
S04820,2024,Fall,Nutrition,BS Nutrition,Undergraduate,Male,White,25,In-state,No,Yes,6487.0,24,24,100.0,95.6,91.6,1,1,4,4.0,Low,0.86,Yes,0.814,Yes
S04821,2024,Fall,Public Health,MPH,Graduate,Female,Multiracial,29,In-state,Yes,No,4157.0,18,18,100.0,85.0,60.7,1,0,1,3.72,Low,0.758,Yes,0.584,Yes
S04822,2023,Fall,Health Administration,MHA,Graduate,Female,Asian,31,In-state,No,Yes,870.0,30,29,97.1,75.6,66.4,3,0,0,3.7,Low,0.785,Yes,0.643,Yes
S04823,2023,Spring,Health Administration,BS Health Administration,Undergraduate,Female,Black,20,In-state,No,Yes,6408.0,31,30,96.4,80.8,69.3,4,4,0,2.74,Low,0.647,Yes,0.465,Yes
S04824,2023,Spring,Data Science,BS Health Data Science,Undergraduate,Male,White,20,Out-of-state,Yes,Yes,6290.0,31,26,83.9,65.9,78.2,0,2,1,2.78,High,0.357,No,0.203,No
S04825,2024,Fall,Health Administration,BS Health Administration,Undergraduate,Male,Other/Unknown,22,In-state,Yes,Yes,7325.0,24,24,100.0,79.1,86.5,0,3,2,3.36,Medium,0.646,No,0.561,No
S04826,2022,Fall,Data Science,BS Health Data Science,Undergraduate,Female,White,22,International,No,Yes,1650.0,33,33,100.0,97.2,72.2,3,0,1,3.47,Low,0.831,Yes,0.745,Yes
S04827,2024,Spring,Health Administration,BS Health Administration,Undergraduate,Male,Asian,18,International,No,Yes,7175.0,31,31,100.0,69.4,50.6,2,0,0,3.3,Medium,0.504,Yes,0.441,Yes
S04828,2026,Fall,Nutrition,MS Nutrition,Graduate,Female,Black,28,In-state,No,No,7622.0,21,21,100.0,76.9,63.0,0,0,2,3.29,Medium,0.561,No,0.428,Yes
S04829,2024,Fall,Social Work,BSW,Undergraduate,Female,Multiracial,22,In-state,No,Yes,5080.0,33,29,88.3,79.2,47.5,5,2,1,1.95,Medium,0.408,Yes,0.22,No
S04830,2024,Spring,Public Health,MPH,Graduate,Female,Black,29,Out-of-state,No,No,10276.0,21,21,100.0,86.7,55.4,2,2,3,3.77,Low,0.725,No,0.625,Yes
S04831,2025,Fall,Data Science,MS Health Data Science,Graduate,Male,Black,33,In-state,No,No,1893.0,18,14,80.5,83.7,72.2,2,1,2,2.19,Medium,0.549,Yes,0.239,No
S04832,2022,Fall,Nutrition,BS Nutrition,Undergraduate,Male,White,22,International,No,No,9611.0,24,24,98.6,91.8,77.9,1,1,1,3.64,Low,0.765,Yes,0.692,Yes
S04833,2023,Fall,Social Work,BSW,Undergraduate,Female,Asian,20,In-state,Yes,Yes,2759.0,30,30,100.0,100.0,80.9,5,2,1,3.61,Low,0.878,Yes,0.816,Yes
S04834,2025,Spring,Health Administration,BS Health Administration,Undergraduate,Female,White,18,In-state,No,Yes,1357.0,30,27,90.7,86.3,100.0,2,0,2,3.14,Low,0.811,Yes,0.649,Yes
S04835,2026,Spring,Health Administration,BS Health Administration,Undergraduate,Female,Black,23,In-state,No,Yes,941.0,27,27,100.0,78.9,62.4,0,0,2,3.83,Medium,0.695,Yes,0.615,No
S04836,2022,Fall,Health Administration,MHA,Graduate,Female,Multiracial,37,In-state,Yes,No,10140.0,27,27,100.0,81.1,92.6,1,0,0,3.85,Low,0.793,Yes,0.739,Yes
S04837,2024,Spring,Nutrition,MS Nutrition,Graduate,Male,White,32,Out-of-state,No,No,8019.0,27,27,100.0,86.9,86.9,0,4,1,4.0,Low,0.817,Yes,0.766,No
S04838,2026,Fall,Nutrition,BS Nutrition,Undergraduate,Female,Other/Unknown,21,In-state,No,Yes,0.0,24,18,76.9,60.8,71.1,2,3,1,2.66,High,0.385,No,0.148,No
S04839,2022,Fall,Data Science,MS Health Data Science,Graduate,Male,Asian,36,In-state,Yes,No,907.0,18,14,78.9,88.0,48.4,0,0,2,2.68,Medium,0.54,Yes,0.265,No
S04840,2023,Spring,Health Administration,BS Health Administration,Undergraduate,Male,Black,21,In-state,No,No,5695.0,31,26,84.3,64.8,50.7,4,0,0,2.74,Medium,0.442,No,0.289,No
S04841,2025,Fall,Nutrition,MS Nutrition,Graduate,Female,Hispanic/Latino,28,In-state,No,No,5951.0,18,17,95.3,85.5,52.8,2,0,0,4.0,Low,0.774,No,0.644,Yes
S04842,2026,Fall,Data Science,MS Health Data Science,Graduate,Male,Hispanic/Latino,27,In-state,Yes,Yes,5640.0,21,16,76.2,81.3,52.9,3,2,2,2.52,Medium,0.505,No,0.267,Yes
S04843,2022,Fall,Health Administration,BS Health Administration,Undergraduate,Female,Asian,26,Out-of-state,No,No,6285.0,31,31,100.0,85.6,80.8,3,0,2,3.9,Low,0.824,No,0.785,Yes
S04844,2025,Fall,Social Work,MSW,Graduate,Female,Hispanic/Latino,34,In-state,Yes,Yes,3235.0,18,17,96.3,90.1,88.0,0,3,3,3.69,Low,0.828,Yes,0.672,Yes
S04845,2025,Fall,Nutrition,BS Nutrition,Undergraduate,Female,Hispanic/Latino,21,Out-of-state,No,No,7399.0,30,29,95.9,82.2,49.2,3,3,1,3.58,Low,0.686,Yes,0.596,Yes
S04846,2025,Spring,Data Science,MS Health Data Science,Graduate,Female,Asian,34,In-state,Yes,Yes,7194.0,27,27,98.4,69.7,91.0,5,3,2,3.13,Medium,0.689,No,0.574,Yes
S04847,2026,Spring,Health Administration,MHA,Graduate,Nonbinary,White,40,In-state,No,Yes,2408.0,24,24,100.0,75.0,99.0,3,1,1,2.83,Medium,0.703,Yes,0.5,Yes
S04848,2024,Spring,Data Science,MS Health Data Science,Graduate,Female,White,27,Out-of-state,Yes,No,11602.0,27,27,100.0,94.1,82.4,3,3,0,3.93,Low,0.839,Yes,0.814,Yes
S04849,2023,Spring,Health Administration,BS Health Administration,Undergraduate,Female,White,21,Out-of-state,Yes,Yes,2668.0,24,23,96.1,74.5,57.7,3,2,1,2.74,Medium,0.531,Yes,0.33,No
S04850,2022,Fall,Health Administration,MHA,Graduate,Female,Asian,27,International,Yes,Yes,8773.0,27,23,84.7,71.0,67.4,2,0,2,2.83,Medium,0.498,Yes,0.343,No
S04851,2024,Spring,Nutrition,BS Nutrition,Undergraduate,Female,Black,20,In-state,Yes,No,9504.0,32,32,100.0,84.7,69.2,1,0,1,3.62,Low,0.71,Yes,0.666,Yes
S04852,2026,Spring,Health Administration,BS Health Administration,Undergraduate,Male,Asian,19,In-state,No,Yes,276.0,33,30,90.9,80.7,83.5,3,0,2,2.31,Medium,0.607,No,0.382,No
S04853,2026,Spring,Social Work,BSW,Undergraduate,Female,White,22,In-state,Yes,Yes,4872.0,24,24,100.0,100.0,92.3,4,1,1,3.7,Low,0.884,Yes,0.821,Yes
S04854,2022,Spring,Public Health,BS Public Health,Undergraduate,Female,Multiracial,20,In-state,No,No,7085.0,24,24,100.0,81.7,61.0,4,1,1,2.94,Low,0.647,Yes,0.457,Yes
S04855,2025,Spring,Data Science,BS Health Data Science,Undergraduate,Male,Hispanic/Latino,21,In-state,No,Yes,2243.0,27,26,94.5,100.0,60.0,1,2,3,2.2,Medium,0.555,Yes,0.333,Yes
S04856,2025,Spring,Social Work,BSW,Undergraduate,Female,White,20,In-state,Yes,Yes,7821.0,31,22,71.6,66.9,42.9,3,0,2,2.44,High,0.249,No,0.115,No
S04857,2026,Fall,Health Administration,BS Health Administration,Undergraduate,Female,Asian,21,International,No,No,9675.0,30,21,70.9,60.8,53.9,4,0,1,2.86,High,0.308,Yes,0.175,Yes
S04858,2024,Fall,Nutrition,MS Nutrition,Graduate,Male,Black,30,In-state,Yes,Yes,0.0,27,27,100.0,92.2,72.1,2,2,1,3.74,Low,0.848,Yes,0.73,Yes
S04859,2023,Spring,Public Health,BS Public Health,Undergraduate,Male,Hispanic/Latino,21,Out-of-state,No,Yes,9246.0,31,28,89.2,80.8,100.0,5,1,2,2.7,Low,0.726,Yes,0.57,Yes
S04860,2023,Spring,Health Administration,BS Health Administration,Undergraduate,Female,Multiracial,21,In-state,Yes,No,6488.0,24,24,100.0,94.4,79.7,3,0,1,3.96,Low,0.853,Yes,0.802,Yes
S04861,2024,Spring,Data Science,BS Health Data Science,Undergraduate,Male,White,19,In-state,No,Yes,3362.0,31,26,83.4,91.1,76.4,1,1,2,2.87,Low,0.71,Yes,0.503,No
S04862,2023,Spring,Health Administration,BS Health Administration,Undergraduate,Male,Asian,22,In-state,No,Yes,7992.0,31,28,90.6,79.5,81.4,0,2,1,3.41,Medium,0.633,Yes,0.581,Yes
S04863,2026,Spring,Nutrition,MS Nutrition,Graduate,Male,Hispanic/Latino,22,In-state,No,Yes,4311.0,30,30,100.0,79.9,84.2,0,2,1,3.3,Medium,0.678,No,0.576,Yes
S04864,2025,Fall,Data Science,BS Health Data Science,Undergraduate,Female,Hispanic/Latino,21,In-state,No,No,9724.0,24,24,99.2,69.8,87.1,2,2,2,3.34,Medium,0.613,No,0.54,Yes
S04865,2025,Fall,Data Science,BS Health Data Science,Undergraduate,Male,Hispanic/Latino,23,In-state,Yes,Yes,1648.0,27,23,84.4,83.8,63.6,1,2,0,2.57,Low,0.605,Yes,0.323,No
S04866,2025,Spring,Public Health,MPH,Graduate,Female,Black,31,In-state,No,No,9237.0,24,24,100.0,100.0,95.4,2,3,1,3.59,Low,0.852,Yes,0.785,Yes
S04867,2023,Spring,Nutrition,BS Nutrition,Undergraduate,Male,Hispanic/Latino,21,In-state,No,No,0.0,27,25,91.3,97.6,87.4,6,1,2,2.7,Low,0.835,Yes,0.63,Yes
S04868,2024,Spring,Social Work,BSW,Undergraduate,Female,Asian,23,In-state,No,Yes,10747.0,27,27,100.0,100.0,93.9,6,0,0,4.0,Low,0.898,Yes,0.89,Yes
S04869,2026,Fall,Health Administration,BS Health Administration,Undergraduate,Female,Hispanic/Latino,23,In-state,No,No,11450.0,27,22,81.7,58.6,63.2,1,4,0,2.32,High,0.2,No,0.095,No
S04870,2022,Fall,Nutrition,MS Nutrition,Graduate,Female,Black,29,In-state,Yes,No,11704.0,24,23,97.2,87.5,83.7,1,1,3,3.06,Low,0.687,No,0.538,Yes
S04871,2026,Fall,Social Work,BSW,Undergraduate,Male,Black,20,In-state,No,Yes,4451.0,27,24,90.1,72.0,86.7,3,2,1,2.75,Medium,0.6,Yes,0.417,No
S04872,2025,Spring,Health Administration,BS Health Administration,Undergraduate,Female,Black,21,In-state,Yes,Yes,1632.0,24,20,85.1,71.3,37.8,0,2,0,3.3,High,0.375,Yes,0.199,No
S04873,2024,Fall,Social Work,BSW,Undergraduate,Female,Asian,18,In-state,No,No,5673.0,24,24,100.0,100.0,66.5,3,0,0,3.35,Low,0.791,Yes,0.671,Yes
S04874,2023,Fall,Social Work,BSW,Undergraduate,Male,Hispanic/Latino,21,In-state,No,Yes,1453.0,33,31,92.6,74.7,46.3,1,4,2,2.6,Medium,0.442,No,0.274,No
S04875,2022,Spring,Nutrition,BS Nutrition,Undergraduate,Male,Black,20,International,No,No,13245.0,32,28,87.3,82.9,74.3,3,0,1,2.6,Medium,0.506,Yes,0.427,Yes
S04876,2022,Fall,Public Health,MPH,Graduate,Female,Black,28,In-state,No,Yes,5926.0,24,24,100.0,69.5,100.0,4,2,2,3.05,Medium,0.698,No,0.547,No
S04877,2026,Spring,Nutrition,MS Nutrition,Graduate,Male,Asian,25,In-state,No,No,13507.0,18,17,96.1,83.5,73.1,3,3,4,3.07,Low,0.656,Yes,0.483,Yes
S04878,2026,Spring,Data Science,BS Health Data Science,Undergraduate,Female,Black,20,In-state,No,Yes,181.0,27,27,100.0,80.5,62.3,2,1,3,3.16,Low,0.703,Yes,0.491,Yes
S04879,2026,Spring,Data Science,BS Health Data Science,Undergraduate,Female,Asian,19,In-state,Yes,Yes,0.0,27,26,97.6,97.6,72.2,3,0,1,3.36,Low,0.831,Yes,0.689,Yes
S04880,2024,Fall,Social Work,BSW,Undergraduate,Female,Black,19,In-state,No,Yes,4793.0,33,29,88.2,87.9,79.8,3,1,1,2.89,Low,0.729,No,0.559,Yes
S04881,2024,Fall,Social Work,BSW,Undergraduate,Male,Other/Unknown,18,In-state,Yes,Yes,2688.0,32,31,96.7,78.2,46.9,4,1,0,3.07,Low,0.644,Yes,0.462,No
S04882,2022,Spring,Data Science,MS Health Data Science,Graduate,Male,White,22,In-state,No,Yes,3169.0,21,21,100.0,95.4,75.3,2,2,2,3.65,Low,0.839,Yes,0.709,Yes
S04883,2023,Spring,Public Health,BS Public Health,Undergraduate,Female,Hispanic/Latino,22,Out-of-state,No,No,6443.0,32,32,100.0,99.2,79.5,6,1,1,2.81,Low,0.795,Yes,0.678,Yes
S04884,2026,Fall,Data Science,BS Health Data Science,Undergraduate,Male,White,18,Out-of-state,Yes,No,9313.0,32,32,100.0,100.0,78.0,2,1,2,3.73,Low,0.82,Yes,0.8,Yes
S04885,2023,Fall,Data Science,MS Health Data Science,Graduate,Male,Black,35,International,Yes,Yes,5751.0,27,27,100.0,93.4,100.0,7,3,1,3.5,Low,0.896,Yes,0.828,Yes
S04886,2025,Spring,Health Administration,BS Health Administration,Undergraduate,Female,Hispanic/Latino,26,In-state,Yes,No,3131.0,32,28,87.8,58.8,100.0,3,2,0,2.66,High,0.463,Yes,0.255,No
S04887,2023,Spring,Nutrition,BS Nutrition,Undergraduate,Female,Black,22,In-state,Yes,Yes,4145.0,32,29,90.0,79.5,68.4,1,0,2,3.16,Low,0.664,Yes,0.496,Yes
S04888,2022,Spring,Data Science,BS Health Data Science,Undergraduate,Female,White,23,International,No,Yes,9218.0,30,25,84.0,77.1,70.6,0,1,3,2.22,High,0.283,Yes,0.141,No
S04889,2026,Fall,Health Administration,BS Health Administration,Undergraduate,Female,Black,20,In-state,No,Yes,2523.0,30,28,94.5,78.3,55.4,2,2,0,3.35,Low,0.678,Yes,0.508,No
S04890,2024,Spring,Public Health,BS Public Health,Undergraduate,Nonbinary,White,20,In-state,Yes,Yes,3204.0,33,33,99.2,97.1,63.9,0,2,1,2.84,Medium,0.625,Yes,0.512,Yes
S04891,2023,Spring,Data Science,MS Health Data Science,Graduate,Female,Hispanic/Latino,39,In-state,No,Yes,0.0,30,30,100.0,85.9,60.0,1,0,2,3.09,Low,0.712,No,0.495,No
S04892,2023,Fall,Public Health,BS Public Health,Undergraduate,Male,Black,20,In-state,No,No,10939.0,31,28,89.3,71.7,44.1,4,0,1,2.4,High,0.259,No,0.151,Yes
S04893,2022,Spring,Nutrition,MS Nutrition,Graduate,Female,Hispanic/Latino,26,In-state,No,No,10399.0,18,14,80.3,79.2,37.5,3,1,2,3.09,High,0.376,No,0.211,No
S04894,2026,Spring,Health Administration,BS Health Administration,Undergraduate,Female,White,24,International,No,No,9302.0,24,24,100.0,93.2,75.9,6,2,0,3.88,Low,0.852,Yes,0.813,Yes
S04895,2026,Fall,Social Work,BSW,Undergraduate,Female,White,20,In-state,Yes,No,12549.0,30,25,84.5,90.9,61.9,3,2,2,2.32,High,0.359,Yes,0.225,No
S04896,2024,Fall,Health Administration,BS Health Administration,Undergraduate,Nonbinary,Other/Unknown,18,International,No,No,10684.0,33,33,100.0,80.4,68.3,2,2,3,2.6,Medium,0.477,Yes,0.4,No
S04897,2024,Spring,Data Science,BS Health Data Science,Undergraduate,Male,Hispanic/Latino,21,In-state,No,No,5464.0,32,32,100.0,58.1,100.0,5,3,2,3.16,Medium,0.662,No,0.572,Yes
S04898,2023,Fall,Health Administration,MHA,Graduate,Male,Multiracial,28,Out-of-state,No,Yes,8980.0,24,22,91.5,77.9,71.5,3,1,3,3.17,Low,0.679,No,0.5,No
S04899,2026,Fall,Data Science,MS Health Data Science,Graduate,Female,Other/Unknown,33,In-state,No,No,9503.0,30,30,100.0,89.5,61.2,1,0,3,3.97,Low,0.768,Yes,0.733,Yes
S04900,2022,Spring,Social Work,MSW,Graduate,Female,Multiracial,30,In-state,No,Yes,5266.0,18,18,100.0,92.2,49.1,1,0,1,3.24,Low,0.686,Yes,0.464,Yes
S04901,2025,Spring,Nutrition,MS Nutrition,Graduate,Female,White,33,In-state,No,No,6221.0,27,27,100.0,82.0,63.0,1,0,2,3.32,Low,0.683,Yes,0.525,No
S04902,2024,Spring,Public Health,MPH,Graduate,Female,White,23,Out-of-state,No,Yes,8855.0,27,27,100.0,86.9,91.4,4,3,3,3.99,Low,0.863,No,0.826,Yes
S04903,2025,Spring,Data Science,BS Health Data Science,Undergraduate,Female,White,21,In-state,No,Yes,3337.0,32,32,100.0,91.6,100.0,5,3,2,3.17,Low,0.852,Yes,0.757,No
S04904,2022,Spring,Public Health,BS Public Health,Undergraduate,Female,White,19,In-state,Yes,Yes,8513.0,30,25,84.1,65.6,48.4,0,2,1,3.43,High,0.336,Yes,0.244,Yes
S04905,2024,Fall,Public Health,BS Public Health,Undergraduate,Female,White,22,International,Yes,Yes,7463.0,24,24,100.0,83.4,90.3,3,3,2,4.0,Low,0.839,Yes,0.788,Yes
S04906,2023,Spring,Data Science,BS Health Data Science,Undergraduate,Male,White,20,In-state,Yes,No,2371.0,30,25,83.0,83.6,81.5,4,0,1,3.0,Low,0.762,Yes,0.563,No
S04907,2024,Spring,Data Science,BS Health Data Science,Undergraduate,Female,Black,18,In-state,No,Yes,4893.0,33,33,100.0,77.1,31.9,2,2,1,2.57,Medium,0.387,No,0.265,No
S04908,2024,Spring,Nutrition,BS Nutrition,Undergraduate,Male,Black,18,International,No,No,11953.0,31,30,98.1,95.7,72.5,2,2,3,3.92,Low,0.796,Yes,0.795,Yes
S04909,2026,Fall,Nutrition,MS Nutrition,Graduate,Female,White,23,In-state,Yes,Yes,910.0,24,24,100.0,100.0,70.9,4,3,2,3.55,Low,0.867,Yes,0.743,Yes
S04910,2024,Fall,Data Science,MS Health Data Science,Graduate,Female,Hispanic/Latino,40,In-state,Yes,Yes,9640.0,30,30,98.5,73.4,67.1,1,0,2,3.39,Medium,0.572,Yes,0.521,No
S04911,2023,Fall,Nutrition,MS Nutrition,Graduate,Female,Hispanic/Latino,40,In-state,No,Yes,1466.0,21,18,85.7,66.4,65.8,3,0,2,3.3,Medium,0.634,Yes,0.419,Yes
S04912,2026,Spring,Social Work,BSW,Undergraduate,Female,White,22,Out-of-state,Yes,Yes,1456.0,24,21,88.2,96.2,78.7,3,0,1,2.98,Low,0.794,Yes,0.583,Yes
S04913,2024,Fall,Social Work,MSW,Graduate,Male,White,35,In-state,No,No,4433.0,18,17,94.0,93.3,91.2,2,0,0,4.0,Low,0.881,Yes,0.79,Yes
S04914,2023,Spring,Social Work,MSW,Graduate,Female,White,29,Out-of-state,No,No,3691.0,21,21,100.0,75.7,56.0,0,0,3,3.2,Medium,0.555,No,0.375,Yes
S04915,2023,Spring,Health Administration,BS Health Administration,Undergraduate,Female,Hispanic/Latino,21,Out-of-state,Yes,Yes,8666.0,27,26,97.1,89.0,84.2,4,3,1,3.98,Low,0.847,Yes,0.815,Yes
S04916,2026,Fall,Health Administration,BS Health Administration,Undergraduate,Female,Hispanic/Latino,19,In-state,Yes,Yes,5105.0,33,30,92.4,58.8,49.9,5,1,2,3.45,Medium,0.548,Yes,0.465,Yes
S04917,2022,Fall,Public Health,MPH,Graduate,Female,Hispanic/Latino,35,International,No,Yes,8870.0,27,27,100.0,100.0,100.0,2,4,1,3.98,Low,0.889,Yes,0.863,Yes
S04918,2024,Fall,Health Administration,BS Health Administration,Undergraduate,Female,Black,22,Out-of-state,No,Yes,969.0,24,24,100.0,69.4,86.2,4,5,1,3.32,Medium,0.717,No,0.567,Yes
S04919,2022,Fall,Health Administration,BS Health Administration,Undergraduate,Male,Multiracial,22,Out-of-state,No,No,8556.0,31,31,99.4,97.0,67.7,0,3,0,3.38,Low,0.72,Yes,0.649,Yes
S04920,2023,Spring,Social Work,BSW,Undergraduate,Male,Black,20,In-state,Yes,Yes,7791.0,27,26,95.2,70.3,41.6,0,0,1,2.74,High,0.252,No,0.141,Yes
S04921,2025,Spring,Nutrition,BS Nutrition,Undergraduate,Nonbinary,White,24,Out-of-state,No,No,15386.0,30,26,85.9,93.9,50.3,1,3,1,2.92,Low,0.536,Yes,0.444,Yes
S04922,2022,Spring,Data Science,BS Health Data Science,Undergraduate,Female,White,23,In-state,No,No,7378.0,24,21,86.5,75.0,84.4,1,2,2,3.0,Low,0.641,Yes,0.436,No
S04923,2024,Fall,Nutrition,BS Nutrition,Undergraduate,Male,Hispanic/Latino,20,Out-of-state,Yes,Yes,8880.0,32,31,96.6,77.8,82.8,0,2,0,3.16,Medium,0.582,Yes,0.529,Yes
S04924,2022,Spring,Social Work,MSW,Graduate,Female,Hispanic/Latino,35,In-state,No,No,8052.0,30,28,93.1,75.1,52.7,2,0,2,4.0,Low,0.715,Yes,0.645,No
S04925,2023,Fall,Social Work,BSW,Undergraduate,Male,Asian,22,In-state,Yes,Yes,7161.0,31,29,92.6,80.3,23.9,1,2,0,2.4,High,0.225,No,0.118,No
S04926,2023,Fall,Data Science,BS Health Data Science,Undergraduate,Female,Asian,23,International,Yes,No,6247.0,32,32,98.6,89.4,95.8,5,5,3,3.78,Low,0.873,No,0.841,Yes
S04927,2024,Spring,Data Science,BS Health Data Science,Undergraduate,Female,White,23,In-state,Yes,No,8178.0,33,30,91.9,95.7,64.3,3,1,0,2.8,Low,0.679,Yes,0.535,No
S04928,2025,Spring,Social Work,BSW,Undergraduate,Female,Asian,22,International,Yes,Yes,6795.0,27,24,87.5,82.7,52.2,0,2,1,3.08,Low,0.572,No,0.391,Yes
S04929,2025,Spring,Social Work,BSW,Undergraduate,Female,White,23,Out-of-state,No,Yes,2849.0,30,28,92.1,75.8,69.4,0,1,1,2.92,Medium,0.547,No,0.392,No
S04930,2025,Fall,Social Work,BSW,Undergraduate,Female,Black,23,In-state,No,Yes,3885.0,30,30,100.0,80.8,74.3,4,1,2,2.68,Low,0.676,Yes,0.466,Yes
S04931,2024,Spring,Social Work,BSW,Undergraduate,Female,Hispanic/Latino,20,In-state,No,No,9889.0,31,31,100.0,88.6,72.5,0,0,0,3.14,Medium,0.591,Yes,0.555,No
S04932,2023,Fall,Health Administration,MHA,Graduate,Female,Black,34,Out-of-state,No,No,5518.0,21,21,98.3,98.1,50.3,2,2,3,3.19,Low,0.724,Yes,0.53,Yes
S04933,2024,Fall,Health Administration,BS Health Administration,Undergraduate,Female,White,22,In-state,No,No,9392.0,32,26,80.4,85.9,62.7,0,0,1,1.98,High,0.267,No,0.128,No
S04934,2024,Spring,Nutrition,BS Nutrition,Undergraduate,Female,Multiracial,22,In-state,No,Yes,2623.0,24,24,100.0,82.7,88.5,4,2,2,2.25,Medium,0.621,Yes,0.38,Yes
S04935,2026,Fall,Social Work,MSW,Graduate,Male,White,25,Out-of-state,Yes,Yes,5234.0,27,27,100.0,72.2,62.0,2,0,2,4.0,Low,0.75,No,0.653,Yes
S04936,2022,Fall,Public Health,MS Epidemiology,Graduate,Female,Black,31,In-state,Yes,Yes,7765.0,24,24,100.0,86.7,47.8,2,1,3,2.85,Low,0.591,Yes,0.38,No
S04937,2025,Fall,Social Work,MSW,Graduate,Female,White,33,Out-of-state,Yes,No,12648.0,27,27,100.0,72.7,73.5,3,1,3,3.55,Medium,0.625,Yes,0.602,Yes
S04938,2022,Spring,Public Health,BS Public Health,Undergraduate,Male,White,18,In-state,Yes,Yes,2535.0,27,27,100.0,83.2,57.1,0,2,0,3.29,Low,0.663,Yes,0.483,No
S04939,2024,Spring,Health Administration,MHA,Graduate,Female,White,37,In-state,No,Yes,2286.0,30,25,83.0,62.6,68.1,2,0,2,2.83,Medium,0.52,No,0.31,No
S04940,2024,Spring,Data Science,MS Health Data Science,Graduate,Female,White,31,In-state,No,No,8563.0,18,18,100.0,62.9,87.9,1,1,3,3.39,Medium,0.597,Yes,0.455,Yes
S04941,2026,Spring,Social Work,BSW,Undergraduate,Male,White,22,In-state,No,No,10414.0,30,30,100.0,80.6,89.4,2,5,2,3.12,Low,0.691,Yes,0.592,Yes
S04942,2022,Spring,Data Science,BS Health Data Science,Undergraduate,Female,White,18,In-state,Yes,Yes,335.0,30,30,100.0,91.3,95.9,1,1,2,3.57,Low,0.852,Yes,0.754,No
S04943,2022,Spring,Public Health,BS Public Health,Undergraduate,Female,White,18,In-state,No,No,8643.0,33,32,97.9,78.5,88.4,3,1,3,2.79,Medium,0.606,Yes,0.521,No
S04944,2025,Fall,Nutrition,MS Nutrition,Graduate,Female,Hispanic/Latino,31,In-state,Yes,Yes,269.0,21,21,100.0,81.5,93.5,2,1,4,4.0,Low,0.875,Yes,0.761,No
S04945,2024,Fall,Social Work,MSW,Graduate,Female,Multiracial,34,In-state,Yes,Yes,0.0,21,21,100.0,73.4,67.7,2,2,3,3.68,Low,0.769,Yes,0.564,No
S04946,2022,Fall,Nutrition,MS Nutrition,Graduate,Female,White,29,Out-of-state,Yes,No,10678.0,18,18,100.0,93.5,56.9,3,1,2,2.66,Medium,0.558,No,0.388,No
S04947,2026,Fall,Nutrition,BS Nutrition,Undergraduate,Male,Hispanic/Latino,20,In-state,Yes,Yes,6459.0,24,24,100.0,83.5,83.6,3,2,1,2.78,Low,0.691,Yes,0.485,Yes
S04948,2023,Fall,Social Work,BSW,Undergraduate,Female,Asian,23,Out-of-state,No,No,5559.0,30,26,88.0,80.8,74.2,0,1,1,2.9,Medium,0.559,Yes,0.42,No
S04949,2022,Fall,Nutrition,BS Nutrition,Undergraduate,Female,White,24,Out-of-state,No,No,12202.0,31,29,94.4,90.5,76.7,3,0,0,3.4,Low,0.739,No,0.689,Yes
S04950,2025,Spring,Public Health,BS Public Health,Undergraduate,Female,Hispanic/Latino,20,In-state,Yes,Yes,0.0,32,30,94.7,76.0,56.1,0,0,1,3.43,Medium,0.61,Yes,0.489,No
S04951,2022,Spring,Health Administration,BS Health Administration,Undergraduate,Female,Black,19,Out-of-state,No,Yes,1859.0,33,27,81.6,66.9,54.9,4,0,1,3.32,Medium,0.599,Yes,0.461,No
S04952,2023,Spring,Nutrition,MS Nutrition,Graduate,Male,White,37,International,Yes,No,10321.0,24,23,93.8,66.7,75.1,3,1,2,3.3,Medium,0.582,Yes,0.481,No
S04953,2024,Fall,Social Work,BSW,Undergraduate,Male,Multiracial,25,Out-of-state,No,Yes,8353.0,32,31,96.1,86.2,77.8,2,1,1,2.88,Low,0.666,Yes,0.53,Yes
S04954,2022,Spring,Nutrition,MS Nutrition,Graduate,Male,Multiracial,33,Out-of-state,No,Yes,9635.0,18,17,96.5,83.2,82.4,2,0,1,3.13,Low,0.707,Yes,0.509,No
S04955,2025,Fall,Social Work,BSW,Undergraduate,Male,Black,18,Out-of-state,No,No,9328.0,24,24,100.0,70.0,77.6,4,0,1,4.0,Medium,0.718,Yes,0.707,Yes
S04956,2025,Fall,Social Work,BSW,Undergraduate,Male,Asian,18,In-state,No,No,2556.0,27,25,93.5,95.2,76.6,5,2,0,2.73,Low,0.778,Yes,0.568,Yes
S04957,2026,Fall,Health Administration,BS Health Administration,Undergraduate,Female,Black,24,Out-of-state,No,Yes,9531.0,24,24,100.0,81.2,65.5,2,0,1,3.46,Low,0.677,Yes,0.566,Yes
S04958,2026,Spring,Social Work,BSW,Undergraduate,Female,Multiracial,18,International,No,Yes,10000.0,33,33,100.0,83.2,63.0,0,1,2,3.62,Medium,0.605,Yes,0.624,No
S04959,2023,Spring,Nutrition,MS Nutrition,Graduate,Male,Black,33,Out-of-state,No,No,9963.0,24,24,100.0,94.1,58.6,2,2,3,3.44,Low,0.727,Yes,0.616,Yes
S04960,2026,Spring,Data Science,BS Health Data Science,Undergraduate,Female,White,21,In-state,Yes,Yes,707.0,33,33,99.9,86.1,36.2,3,1,1,3.0,Low,0.639,Yes,0.447,No
S04961,2023,Spring,Health Administration,MHA,Graduate,Female,White,29,In-state,Yes,Yes,7492.0,21,20,96.6,62.7,74.2,0,1,1,3.91,High,0.512,No,0.387,No
S04962,2025,Spring,Social Work,BSW,Undergraduate,Female,White,22,In-state,Yes,Yes,5272.0,32,28,87.8,69.2,84.4,3,1,3,3.06,Medium,0.618,Yes,0.496,Yes
S04963,2024,Fall,Social Work,MSW,Graduate,Male,White,33,Out-of-state,Yes,No,8413.0,24,24,100.0,100.0,100.0,2,3,0,3.55,Low,0.861,Yes,0.789,No
S04964,2026,Fall,Data Science,BS Health Data Science,Undergraduate,Female,Other/Unknown,18,In-state,Yes,No,8442.0,27,27,100.0,96.2,68.1,2,0,2,3.14,Low,0.72,No,0.603,No
S04965,2026,Spring,Nutrition,MS Nutrition,Graduate,Male,White,38,In-state,No,Yes,7073.0,27,24,87.3,97.9,59.0,1,1,3,3.31,Low,0.735,Yes,0.588,No
S04966,2024,Fall,Health Administration,MHA,Graduate,Female,White,27,Out-of-state,No,Yes,4358.0,21,20,96.0,77.1,61.8,2,0,1,3.7,Low,0.74,Yes,0.567,Yes
S04967,2022,Fall,Public Health,BS Public Health,Undergraduate,Female,White,24,In-state,No,Yes,3680.0,32,32,100.0,77.8,80.3,2,1,0,3.36,Low,0.739,No,0.615,Yes
S04968,2022,Spring,Nutrition,BS Nutrition,Undergraduate,Female,Hispanic/Latino,20,International,Yes,No,16646.0,27,27,99.9,78.1,81.5,3,0,1,3.23,Medium,0.572,Yes,0.58,No
S04969,2023,Fall,Health Administration,MHA,Graduate,Female,White,27,Out-of-state,Yes,Yes,1807.0,18,17,95.7,69.4,21.0,2,0,3,2.69,High,0.279,No,0.097,Yes
S04970,2024,Fall,Health Administration,MHA,Graduate,Female,White,36,International,Yes,Yes,1166.0,21,20,97.5,72.7,59.5,4,1,4,3.61,Low,0.759,Yes,0.549,No
S04971,2024,Spring,Data Science,MS Health Data Science,Graduate,Female,Asian,26,In-state,No,Yes,4349.0,30,30,100.0,73.1,90.7,3,2,2,4.0,Low,0.837,No,0.77,No
S04972,2022,Fall,Health Administration,MHA,Graduate,Nonbinary,White,26,In-state,No,No,2937.0,30,25,83.5,87.3,87.6,0,4,2,3.0,Low,0.745,No,0.527,No
S04973,2023,Spring,Health Administration,BS Health Administration,Undergraduate,Female,Black,23,In-state,No,No,8094.0,32,30,93.6,86.5,98.7,4,0,3,3.0,Low,0.776,Yes,0.666,Yes
S04974,2026,Spring,Nutrition,MS Nutrition,Graduate,Male,White,32,In-state,No,No,4591.0,18,17,93.0,79.0,62.5,1,1,0,3.34,Low,0.684,Yes,0.45,No
S04975,2026,Spring,Data Science,MS Health Data Science,Graduate,Male,Hispanic/Latino,34,Out-of-state,Yes,Yes,10658.0,21,20,93.9,69.5,65.1,5,0,0,3.01,Medium,0.552,Yes,0.41,No
S04976,2025,Spring,Data Science,MS Health Data Science,Graduate,Female,Asian,25,In-state,No,No,11161.0,27,27,100.0,89.1,67.2,2,0,3,4.0,Low,0.787,Yes,0.755,Yes
S04977,2023,Fall,Public Health,MPH,Graduate,Male,White,25,In-state,Yes,Yes,8696.0,30,30,98.6,75.4,65.7,1,0,0,4.0,Low,0.731,Yes,0.68,No
S04978,2024,Spring,Nutrition,BS Nutrition,Undergraduate,Male,White,21,In-state,Yes,No,11792.0,33,29,87.5,61.9,83.4,0,1,2,2.91,High,0.323,Yes,0.234,Yes
S04979,2023,Fall,Health Administration,BS Health Administration,Undergraduate,Male,White,24,In-state,No,Yes,2904.0,30,30,100.0,82.5,74.7,1,1,0,3.78,Low,0.785,Yes,0.697,Yes
S04980,2026,Fall,Health Administration,BS Health Administration,Undergraduate,Male,Hispanic/Latino,24,International,No,Yes,6354.0,31,28,90.4,89.2,50.8,4,0,2,2.75,Low,0.631,Yes,0.443,Yes
S04981,2024,Spring,Nutrition,BS Nutrition,Undergraduate,Female,Asian,23,In-state,No,No,10596.0,33,31,94.9,83.8,57.3,3,2,0,3.5,Low,0.678,Yes,0.624,Yes
S04982,2022,Fall,Data Science,BS Health Data Science,Undergraduate,Female,White,19,In-state,No,No,12885.0,27,25,94.1,74.9,49.1,0,0,1,2.74,High,0.252,No,0.167,No
S04983,2024,Spring,Nutrition,BS Nutrition,Undergraduate,Female,Asian,23,In-state,No,Yes,3480.0,30,25,84.0,71.8,66.4,2,2,2,2.85,Medium,0.536,No,0.361,Yes
S04984,2026,Spring,Public Health,BS Public Health,Undergraduate,Female,White,22,In-state,No,No,6634.0,24,21,85.9,100.0,74.8,4,0,1,2.87,Low,0.765,Yes,0.584,No
S04985,2025,Spring,Public Health,BS Public Health,Undergraduate,Female,Asian,23,In-state,No,Yes,2869.0,24,22,91.7,71.6,77.2,3,1,2,2.64,Medium,0.564,No,0.345,No
S04986,2026,Fall,Data Science,BS Health Data Science,Undergraduate,Female,Asian,21,International,No,No,11169.0,24,20,83.6,49.4,37.7,2,2,1,2.73,High,0.169,No,0.084,No
S04987,2025,Fall,Public Health,MS Epidemiology,Graduate,Female,White,25,Out-of-state,Yes,No,4121.0,21,19,91.2,78.5,91.5,0,3,1,2.91,Medium,0.64,Yes,0.427,No
S04988,2022,Fall,Social Work,MSW,Graduate,Male,White,26,International,Yes,No,15659.0,30,30,99.4,92.8,100.0,2,2,2,3.54,Low,0.797,Yes,0.78,Yes
S04989,2023,Spring,Public Health,MPH,Graduate,Female,Other/Unknown,35,In-state,No,Yes,7593.0,24,24,98.8,93.3,62.8,1,3,2,3.54,Low,0.75,No,0.631,Yes
S04990,2022,Fall,Social Work,MSW,Graduate,Female,White,29,In-state,No,Yes,9294.0,30,29,97.3,100.0,63.8,1,0,2,3.61,Low,0.775,No,0.713,No
S04991,2026,Fall,Public Health,BS Public Health,Undergraduate,Male,White,19,In-state,No,Yes,2644.0,33,28,83.9,61.5,69.7,2,4,1,1.58,High,0.217,No,0.066,No
S04992,2026,Spring,Public Health,BS Public Health,Undergraduate,Female,Other/Unknown,21,Out-of-state,No,No,13408.0,30,29,96.4,71.6,72.4,1,2,1,3.34,Medium,0.516,Yes,0.509,Yes
S04993,2025,Fall,Social Work,BSW,Undergraduate,Female,White,19,In-state,No,No,12123.0,32,32,100.0,97.7,83.2,4,1,3,3.64,Low,0.821,Yes,0.812,Yes
S04994,2025,Fall,Data Science,BS Health Data Science,Undergraduate,Male,Asian,20,In-state,Yes,Yes,3009.0,30,30,98.4,80.7,71.1,2,0,2,2.93,Low,0.673,Yes,0.479,No
S04995,2022,Spring,Health Administration,BS Health Administration,Undergraduate,Male,Multiracial,24,In-state,No,Yes,3378.0,31,30,96.1,86.3,73.5,1,2,2,2.84,Low,0.674,Yes,0.479,Yes
S04996,2025,Spring,Data Science,BS Health Data Science,Undergraduate,Male,White,25,Out-of-state,Yes,Yes,5887.0,31,28,89.6,58.6,39.5,2,0,1,3.28,High,0.312,No,0.205,No
S04997,2022,Spring,Data Science,BS Health Data Science,Undergraduate,Female,Asian,20,Out-of-state,Yes,Yes,9392.0,30,30,100.0,83.5,91.4,5,3,0,3.47,Low,0.803,No,0.747,Yes
S04998,2026,Spring,Health Administration,BS Health Administration,Undergraduate,Male,Asian,22,In-state,Yes,No,5773.0,31,25,79.7,77.0,64.8,2,1,1,1.93,High,0.288,No,0.116,No
S04999,2023,Fall,Public Health,BS Public Health,Undergraduate,Female,Asian,20,In-state,Yes,Yes,6943.0,32,32,98.9,88.8,69.0,1,2,2,2.85,Low,0.642,Yes,0.494,No
S05000,2023,Spring,Nutrition,BS Nutrition,Undergraduate,Male,White,23,In-state,No,Yes,2214.0,27,27,100.0,73.8,34.6,2,0,0,3.22,Medium,0.508,No,0.37,Yes
